,summary,Impacts,Hazard,Adaptation,Mitigation,Causes,word
summaryOfAllWords,7066.654654716649,1988.0200626731605,2890.9687127927573,1115.3645448083212,286.0201018211932,786.2812326207652,
How,2.4599217740348247,0.0786615141010655,-0.22918280618542963,-0.1180673556405027,0.13952239061415098,0.5005652738226025,How
growing,2.473962762279211,0.08029293725472843,-0.2348744781513996,-0.12375902760647266,0.13383071864818108,0.5136070694972588,growing
how growing,2.473962762279211,0.08029293725472843,-0.2348744781513996,-0.12375902760647266,0.13383071864818108,0.5136070694972588,how growing
rice,2.507807801423682,0.08308962224765154,-0.24846224155263832,-0.13734679100771138,0.12024295524694241,0.5454576667740781,rice
growing rice,2.507807801423682,0.08308962224765154,-0.24846224155263832,-0.13734679100771138,0.12024295524694241,0.5454576667740781,growing rice
differently,2.534483597365937,0.08417163989477994,-0.2590431630853593,-0.14792771254043233,0.10966203371422148,0.5709458077672835,differently
rice differently,2.534483597365937,0.08417163989477994,-0.2590431630853593,-0.14792771254043233,0.10966203371422148,0.5709458077672835,rice differently
could,2.797115108932813,0.019688352177573483,-0.17129276219494874,-0.24652637317485032,0.01106337307980353,0.6067331498107377,could
differently could,2.6331926000726105,0.080079893611416,-0.2972502822859346,-0.18613483174100756,0.07145491451364605,0.6671246912445804,differently could
ease,2.7288975936627926,0.06594224471054591,-0.3329509717173767,-0.22183552117244976,0.03575422508220398,0.7598107241872731,ease
could ease,2.7288975936627926,0.06594224471054591,-0.3329509717173767,-0.22183552117244976,0.03575422508220398,0.7598107241872731,could ease
climate,3.57454152855448,-0.02599897033627614,-0.5046415737697052,-0.4917747295357233,-0.2341849832810697,1.1470528222363674,climate
ease climate,2.909634089427064,0.023090192505987518,-0.3970805867318263,-0.2859651361868994,-0.028375389932245684,0.9198325674657909,ease climate
change,3.6142250658592685,0.0026635860613516554,-0.5156821159489846,-0.502815271715003,-0.2452255254603493,1.1360122800570878,change
climate chang+e,3.6142250658592685,0.0026635860613516554,-0.5156821159489846,-0.502815271715003,-0.2452255254603493,1.1360122800570878,climate chang+e
Waterlogged,3.522324162383379,0.24983826667571327,-0.48992569473844716,-0.4770588505044653,-0.21946910424981161,0.8400041852569123,Waterlogged
chang+e waterlogged,2.797958519874527,0.15791815660091663,-0.3579433071332429,-0.24682785658831594,0.010761889666337936,0.6831431130980977,chang+e waterlogged
paddy,3.667227172846185,0.4340079110703419,-0.5302404873778879,-0.5173736431439061,-0.25978389688925235,0.5851776138920304,paddy
waterlogged paddy,3.667227172846185,0.4340079110703419,-0.5302404873778879,-0.5173736431439061,-0.25978389688925235,0.5851776138920304,waterlogged paddy
fields,4.165133302819429,0.6001046854185361,-0.6575529301941491,-0.6446860859601673,-0.38709633970551355,0.39437658441459106,fields
paddy fields,4.165133302819429,0.6001046854185361,-0.6575529301941491,-0.6446860859601673,-0.38709633970551355,0.39437658441459106,paddy fields
produce,3.5389132807537482,0.44102824938631574,-0.49462434678753503,-0.4817575025535532,-0.22416775629889946,0.49988874280616974,produce
fields produce,3.5389132807537482,0.44102824938631574,-0.49462434678753503,-0.4817575025535532,-0.22416775629889946,0.49988874280616974,fields produce
lot,3.2399985821890183,0.34584307465586156,-0.40637754181681324,-0.3935106975828314,-0.13592095132817783,0.5252279393416386,lot
produce lot,3.2399985821890183,0.34584307465586156,-0.40637754181681324,-0.3935106975828314,-0.13592095132817783,0.5252279393416386,produce lot
methane,3.1253571871351413,0.3064936035248213,-0.37035322614852906,-0.35748638191454735,-0.0998966356598936,0.5259874577539264,methane
lot methan+e,3.1253571871351413,0.3064936035248213,-0.37035322614852906,-0.35748638191454735,-0.0998966356598936,0.5259874577539264,lot methan+e
but,4.518988427343104,0.20654804423309553,-0.15862556368875835,-0.1974715499933592,-0.4686362286569906,0.29976373617735574,but
methan+e but,3.0235158211745,0.27044236574953767,-0.337224983061168,-0.3243581388271863,-0.0667683925725326,0.5210208049007455,methan+e but
alternative,2.9881505357084452,0.2577011613788408,-0.32545929570003074,-0.3125924514660491,-0.05500270521139531,0.5178841398242081,alternative
but alternative,2.9881505357084452,0.2577011613788408,-0.32545929570003074,-0.3125924514660491,-0.05500270521139531,0.5178841398242081,but alternative
techniques,2.9797884099585312,0.27237665557363494,-0.3226569442354871,-0.3097901000015053,-0.05220035374685158,0.48167032879106436,techniques
alternative techniques,2.9797884099585312,0.27237665557363494,-0.3226569442354871,-0.3097901000015053,-0.05220035374685158,0.48167032879106436,alternative techniques
exist,3.0577800699690325,0.3283529947095543,-0.34849383496379593,-0.3356269907298143,-0.07803724447516058,0.42585720350707257,exist
techniques exist,3.0577800699690325,0.3283529947095543,-0.34849383496379593,-0.3356269907298143,-0.07803724447516058,0.42585720350707257,techniques exist
exist waterlogged,2.797958519874527,0.15791815660091663,-0.3579433071332429,-0.24682785658831594,0.010761889666337936,0.6831431130980977,exist waterlogged
This,6.41643088410572,-0.10943824777383569,0.07607536140094062,0.06481281883134819,-0.8192100851764013,0.07688028100787855,This
exist this,2.375609423681982,0.12472500582272486,-0.19430725993524073,-0.08319180939031365,0.17439793686433988,0.3055438349801876,exist this
story,6.754101282092085,-0.25763380267229313,0.1952625037653617,-0.006198566884034826,-0.8704979768388992,0.001634745855651622,story
this story,2.367225426006497,0.11885501515241868,-0.19077181892830553,-0.07965636838337875,0.1779333778712751,0.30545889558974676,this story
appeared,2.358083904806753,0.11247065388410844,-0.18690264044105123,-0.07578718989612435,0.18180255635852932,0.3051497216440961,appeared
story appeared,2.358083904806753,0.11247065388410844,-0.18690264044105123,-0.07578718989612435,0.18180255635852932,0.3051497216440961,story appeared
ft.com,2.342212948906168,0.10144223933331493,-0.18014944305304367,-0.0690339925081167,0.18855575374653674,0.30404241233056395,ft.com
appeared ft.com,2.342212948906168,0.10144223933331493,-0.18014944305304367,-0.0690339925081167,0.18855575374653674,0.30404241233056395,appeared ft.com
2025-10-06,2.3330517157214845,0.09511794114708362,-0.17623041576056298,-0.06511496521563594,0.19247478103901772,0.30305376089244135,2025-10-06
ft.com 2025-10-06,2.3330517157214845,0.09511794114708362,-0.17623041576056298,-0.06511496521563594,0.19247478103901772,0.30305376089244135,ft.com 2025-10-06
04:00:13,2.3218999153322737,0.08747033489027625,-0.17143903548093425,-0.06032358493600721,0.19726616131864633,0.3014847554519095,04:00:13
2025-10-06 04:00:13,2.3218999153322737,0.08747033489027625,-0.17143903548093425,-0.06032358493600721,0.19726616131864633,0.3014847554519095,2025-10-06 04:00:13
NWS,2.285188486682287,0.1782858225495557,-0.15550176556498002,-0.04438631502005317,0.2132034312346006,0.011131081096722855,NWS
says,2.375080074546424,0.1491303945438003,-0.09583580212539373,-0.08296895789141191,0.17462078836324169,-0.027451561774635987,says
nws says,2.2924661100922643,0.1845334049690853,-0.15868139801105383,-0.04756594746612708,0.21002379878852667,0.00795144865064888,nws says
winter-like,2.806721251068521,0.3548646851911486,-0.1747211819159592,-0.24995479289586064,0.007634953358793024,-0.1944373967790846,winter-like
says winter-like,2.3048277121493097,0.1949675550335888,-0.1640591843031938,-0.052943733758266776,0.20464601249638684,0.0025736623585091933,says winter-like
storm,6.754406253056025,0.17072315457569326,0.06189352347192779,-0.1983057152453031,-0.8705431292679443,-0.2729037970475218,storm
winter-like storm,2.8634960525579034,0.3840318902237911,-0.19474746870810672,-0.2699810796880081,-0.012391333433354365,-0.21446368357123216,winter-like storm
coming,2.362574786971459,0.24094488943793446,-0.18880529166525767,-0.07768984112033073,0.17989990513432286,-0.022172445003554725,coming
storm coming,2.362574786971459,0.24094488943793446,-0.18880529166525767,-0.07768984112033073,0.17989990513432286,-0.022172445003554725,storm coming
Southern,3.7636617130492276,0.03902966934617941,-0.019552480357583474,0.0260228047778788,-0.2857404024814773,0.02329691976822152,Southern
coming southern,2.4160520045727,0.27987522540239357,-0.21118806083198743,-0.10007261028706052,0.15751713596759323,-0.04455521417028456,coming southern
California,2.5009363984859005,0.33554996855975655,-0.24571847705825467,-0.1346030265133277,0.12298671974132583,-0.07908563039655177,California
southern california,2.5009363984859005,0.33554996855975655,-0.24571847705825467,-0.1346030265133277,0.12298671974132583,-0.07908563039655177,southern california
flood,6.986043248336937,0.6195081522559069,-0.5444591002754657,-0.4984250852848196,0.6746837321728558,-0.5436603846678985,flood
california flood,2.9050392691014215,0.5298075224121364,-0.3955001638950763,-0.2843847133501495,-0.02679496709549579,-0.2288673172333734,california flood
watch,2.610965836129445,0.39848226576031026,-0.2887734609586631,-0.17765801041373605,0.07993173584091758,-0.12214061429696009,watch
flood watch,2.610965836129445,0.39848226576031026,-0.2887734609586631,-0.17765801041373605,0.07993173584091758,-0.12214061429696009,flood watch
issued,7.313371144672806,-0.08921803492273091,0.09564711214098577,0.0714589294032104,-0.9500523954778972,-0.03585497963560176,issued
watch issued,2.5009363984859005,0.33554996855975655,-0.24571847705825467,-0.1346030265133277,0.12298671974132583,-0.07908563039655177,watch issued
The,13.634524768747214,0.24343477695092722,0.002840006945542687,-0.2775305175948925,-0.1847282743748795,-0.35982875275197634,The
issued the,2.4306287279896726,0.28994065917576434,-0.21720321560394018,-0.10608776505901334,0.15150198119564043,-0.050570368942237244,issued the
National,3.487599130925152,0.028867070730277333,0.21052766494965747,-0.4671513767562193,-0.20956163050156554,-0.4116339806394433,National
the national,2.609336473411858,0.3189846778442268,-0.1899006138762518,-0.17703376964226983,0.08055597661238381,-0.12151637352549394,the national
Weather,2.5631853003460936,0.29005311785413174,-0.17205539260040897,-0.1591885483664271,0.09840119788822667,-0.10367115224965115,Weather
national weather,2.5631853003460936,0.29005311785413174,-0.17205539260040897,-0.1591885483664271,0.09840119788822667,-0.10367115224965115,national weather
Service,2.5338426696653302,0.27064678997449965,-0.16054164183948094,-0.1476747976054992,0.10991494864915465,-0.09215740148872303,Service
weather service,2.5338426696653302,0.27064678997449965,-0.16054164183948094,-0.1476747976054992,0.10991494864915465,-0.09215740148872303,weather service
advising,2.5036047299544224,0.24975574640346798,-0.14853623493651044,-0.13566939070252854,0.12192035555212509,-0.08015199458575267,advising
service advising,2.5036047299544224,0.24975574640346798,-0.14853623493651044,-0.13566939070252854,0.12192035555212509,-0.08015199458575267,service advising
SoCal,2.484347922648616,0.23594877333768896,-0.14081486935014084,-0.127948025116159,0.12964172113849468,-0.0724306289993829,SoCal
advising socal,2.484347922648616,0.23594877333768896,-0.14081486935014084,-0.127948025116159,0.12964172113849468,-0.0724306289993829,advising socal
residents,2.4734050096158313,0.22791977121196996,-0.1364003973289733,-0.12353355309499156,0.1340561931596622,-0.06801615697821554,residents
socal resident+s,2.4734050096158313,0.22791977121196996,-0.1364003973289733,-0.12353355309499156,0.1340561931596622,-0.06801615697821554,socal resident+s
that,6.143269810117909,0.5483062440541868,-0.29264404712127745,-0.3315943553767137,-0.775705201893187,-0.3813398419378242,that
resident+s that,2.4576674848904867,0.21613133227534673,-0.13001737287509474,-0.11715052864111308,0.1404392176135406,-0.06163313252433711,resident+s that
that winter-like,2.4979504152288934,0.24574339410883808,-0.14627521132675605,-0.1334083670927743,0.12418137916187953,-0.07789097097599813,that winter-like
system,4.697136461129024,0.015676077380913832,0.05469278583419525,-0.020827503881470137,-0.5073011185699792,-0.07544254654542513,system
storm system,2.8136279644307223,0.2851464918760815,-0.0973259709054532,-0.2524125465243547,0.005177199730299093,-0.1968951504075786,storm system
make,3.0806473029165975,0.5359554089761305,-0.35594438779753623,-0.3430775435635545,-0.0854877973089007,-0.28756014744677844,make
system make,2.4148341088778267,0.1825148920102322,-0.11243524237773196,-0.09956839814375014,0.1580213481109036,-0.044051002026974095,system make
its,4.257726755553588,0.33485887276036597,-0.16873094428532442,-0.2089530119250252,-0.4090834515156568,-0.04621232959620052,its
make its,2.410624766277892,0.1790837221069701,-0.1106906026340196,-0.09782375840003776,0.15976598785461593,-0.04230636228326179,make its
way,2.4074109844834943,0.17644800439882108,-0.10935653936123163,-0.09648969512724978,0.16110005112740391,-0.04097229901047393,way
its way,2.4074109844834943,0.17644800439882108,-0.10935653936123163,-0.09648969512724978,0.16110005112740391,-0.04097229901047393,its way
the,67.7212519025799,-0.22904886837368765,0.2819408224751466,-0.08793011674116824,-3.175748102666825,-0.23820614615551286,the
way the,2.640206807740964,0.33733377444726115,-0.2016618999642694,-0.18879505573028765,0.06879469052436615,-0.13327765961351154,way the
region,3.9302420858751033,-0.060099549785722246,0.045207260457370745,0.04945126323239781,-0.3290490825633324,0.007504489030406302,region
the region,3.9302420858751033,-0.060099549785722246,0.045207260457370745,0.04945126323239781,-0.3290490825633324,0.007504489030406302,the region
this,8.804267935901002,-0.027821067174422634,0.09198218880641866,0.0038108387184006367,-1.1355846557492464,-0.044340716697324534,this
region this,2.3943924954376934,0.16562625130863384,-0.10393419294596609,-0.09106734871198428,0.16652239754266956,-0.035549952595208135,region this
week,5.955040783171258,0.015763435194566494,0.04656012803081329,0.023803224262755423,-0.7445861104632348,-0.0603660024176305,week
this week,5.955040783171258,0.015763435194566494,0.04656012803081329,0.023803224262755423,-0.7445861104632348,-0.0603660024176305,this week
the storm,2.384865927703699,0.15755644785095121,-0.0999475575695589,-0.08708071333557711,0.17050903291907651,-0.03156331721880116,the storm
set,2.376035126214995,0.14995893656320264,-0.09623783476029246,-0.08337099052631061,0.17421875572834308,-0.027853594409534593,set
system set,2.376035126214995,0.14995893656320264,-0.09623783476029246,-0.08337099052631061,0.17421875572834308,-0.027853594409534593,system set
...,2.1942294491736307,0.09290613357605745,-0.11488419260241593,-0.003768742057488882,0.25382100419716486,0.051748654059286976,...
set ...,2.1942294491736307,0.09290613357605745,-0.11488419260241593,-0.003768742057488882,0.25382100419716486,0.051748654059286976,set ...
arrive,2.1562591658451344,0.052675944486062824,-0.09742810853482514,0.013687342010101643,0.27127708826475555,0.06920473812687768,arrive
set arrive,2.1562591658451344,0.052675944486062824,-0.09742810853482514,0.013687342010101643,0.27127708826475555,0.06920473812687768,set arrive
late,2.1552572189755725,0.05157252511579091,-0.09696333150597021,0.014152119038956653,0.27174186529361044,0.06966951515573266,late
arrive late,2.1552572189755725,0.05157252511579091,-0.09696333150597021,0.014152119038956653,0.27174186529361044,0.06966951515573266,arrive late
Monday,2.154559493269133,0.05080281027524226,-0.09663954710439558,0.01447590344053136,0.27206564969518504,0.0699932995573073,Monday
late monday,2.154559493269133,0.05080281027524226,-0.09663954710439558,0.01447590344053136,0.27206564969518504,0.0699932995573073,late monday
and,36.160722545515995,0.29934380131354255,-0.06604445391391074,-0.30693113126604804,0.2760521768042202,-0.4911601203413695,and
monday and,2.153606716958538,0.04974996500023365,-0.09619723532734907,0.014918215217577628,0.2725079614722315,0.0704356113343538,monday and
hover,2.153074410532965,0.0491608618838039,-0.09595003502970673,0.015165415515220049,0.27275516176987386,0.07068281163199623,hover
and hover,2.153074410532965,0.0491608618838039,-0.09595003502970673,0.015165415515220049,0.27275516176987386,0.07068281163199623,and hover
over,4.094493185494449,-0.04436005210782481,0.02691901573356079,0.06920717886465262,-0.3699910045396068,0.02003461745074853,over
hover over,2.1529426759303485,0.049014972726630066,-0.09588884874084044,0.01522660180408644,0.27281634805874005,0.0707439979208623,hover over
over the,3.815978081610145,-0.16971962437338184,0.06647179245427268,0.11187989789010155,-0.29954506887670673,0.06597939862212422,over the
+2710,2.150658697877888,0.046479349113101275,-0.09482742224312006,0.01628802830180693,0.27387777455646073,0.07180542441858294,+2710
the +2710,2.150658697877888,0.046479349113101275,-0.09482742224312006,0.01628802830180693,0.27387777455646073,0.07180542441858294,the +2710
chars,16.039564515276133,-0.022224652343710433,0.12426633506626603,-0.09505571380952212,-0.3398906653613948,-0.21999695545229334,chars
+2710 char+s,2.1499321594512075,0.045670280122710114,-0.09448954381771536,0.016625906727211735,0.27421565298186534,0.0721433028439877,+2710 char+s
'An,2.0543313834155397,-0.07254752246819371,-0.04900369005811456,0.062111760486812405,0.3197015067414661,0.1176291566035884,'An
increasing,8.211392487727672,-0.34503713666895736,0.24708857629350275,0.02247818821500649,-1.0658705769390413,-0.09052195188036523,increasing
'an increasing,2.0543313834155397,-0.07254752246819371,-0.04900369005811456,0.062111760486812405,0.3197015067414661,0.1176291566035884,'an increasing
attack,2.0543313834155397,-0.07254752246819371,-0.04900369005811456,0.062111760486812405,0.3197015067414661,0.1176291566035884,attack
increasing attack,2.0543313834155397,-0.07254752246819371,-0.04900369005811456,0.062111760486812405,0.3197015067414661,0.1176291566035884,increasing attack
water,16.68128306861667,-0.17168006412019646,0.22131009048566394,-0.08628528618774702,-0.6710715046876808,-0.24440228405747064,water
attack water,2.0543313834155397,-0.07254752246819371,-0.04900369005811456,0.062111760486812405,0.3197015067414661,0.1176291566035884,attack water
resources,2.0543313834155397,-0.07254752246819371,-0.04900369005811456,0.062111760486812405,0.3197015067414661,0.1176291566035884,resources
water resources,2.0543313834155397,-0.07254752246819371,-0.04900369005811456,0.062111760486812405,0.3197015067414661,0.1176291566035884,water resources
from,16.024151562875115,-0.44905527486281027,0.3120773442166089,0.00742680987982587,-1.7344451159307601,-0.15428913852536172,from
resources from,2.0543313834155397,-0.07254752246819371,-0.04900369005811456,0.062111760486812405,0.3197015067414661,0.1176291566035884,resources from
multiple,2.0543313834155397,-0.07254752246819371,-0.04900369005811456,0.062111760486812405,0.3197015067414661,0.1176291566035884,multiple
from multipel+e,2.0543313834155397,-0.07254752246819371,-0.04900369005811456,0.062111760486812405,0.3197015067414661,0.1176291566035884,from multipel+e
fronts,2.0543313834155397,-0.07254752246819371,-0.04900369005811456,0.062111760486812405,0.3197015067414661,0.1176291566035884,fronts
multipel+e front+s,2.0543313834155397,-0.07254752246819371,-0.04900369005811456,0.062111760486812405,0.3197015067414661,0.1176291566035884,multipel+e front+s
Scientists,2.630005433882965,0.20285261653649136,-0.1977905619113875,-0.18492371767740579,0.072666028577248,0.2648911843009792,Scientists
front+s scientist+s,2.0543313834155397,-0.07254752246819371,-0.04900369005811456,0.062111760486812405,0.3197015067414661,0.1176291566035884,front+s scientist+s
warn,2.0543313834155397,-0.07254752246819371,-0.04900369005811456,0.062111760486812405,0.3197015067414661,0.1176291566035884,warn
scientist+s warn,2.0543313834155397,-0.07254752246819371,-0.04900369005811456,0.062111760486812405,0.3197015067414661,0.1176291566035884,scientist+s warn
'day,2.0543313834155397,-0.07254752246819371,-0.04900369005811456,0.062111760486812405,0.3197015067414661,0.1176291566035884,'day
warn 'day,2.0543313834155397,-0.07254752246819371,-0.04900369005811456,0.062111760486812405,0.3197015067414661,0.1176291566035884,warn 'day
zero,2.218253892275742,-0.14931743972198758,0.06057545421292003,-0.014658156766981578,0.2429315894876723,0.040859239349794414,zero
'day zero,2.0543313834155397,-0.07254752246819371,-0.04900369005811456,0.062111760486812405,0.3197015067414661,0.1176291566035884,'day zero
droughts,2.218253892275742,-0.14931743972198758,0.06057545421292003,-0.014658156766981578,0.2429315894876723,0.040859239349794414,droughts
zero droughts,2.218253892275742,-0.14931743972198758,0.06057545421292003,-0.014658156766981578,0.2429315894876723,0.040859239349794414,zero droughts
droughts could,2.0543313834155397,-0.07254752246819371,-0.04900369005811456,0.062111760486812405,0.3197015067414661,0.1176291566035884,droughts could
hit,2.136945347869699,-0.1119744901092916,0.009817948611732795,0.022684792845714574,0.2802745391003682,0.0782021889624906,hit
could hit,2.136945347869699,-0.1119744901092916,0.009817948611732795,0.022684792845714574,0.2802745391003682,0.0782021889624906,could hit
before,2.136945347869699,-0.1119744901092916,0.009817948611732795,0.022684792845714574,0.2802745391003682,0.0782021889624906,before
hit before,2.136945347869699,-0.1119744901092916,0.009817948611732795,0.022684792845714574,0.2802745391003682,0.0782021889624906,hit before
2030,2.136945347869699,-0.1119744901092916,0.009817948611732795,0.022684792845714574,0.2802745391003682,0.0782021889624906,2030
before 2030,2.136945347869699,-0.1119744901092916,0.009817948611732795,0.022684792845714574,0.2802745391003682,0.0782021889624906,before 2030
Three-quarters,2.0543313834155397,-0.07254752246819371,-0.04900369005811456,0.062111760486812405,0.3197015067414661,0.1176291566035884,Three-quarters
2030 three-quarters,2.0543313834155397,-0.07254752246819371,-0.04900369005811456,0.062111760486812405,0.3197015067414661,0.1176291566035884,2030 three-quarters
three-quarters the,2.0543313834155397,-0.07254752246819371,-0.04900369005811456,0.062111760486812405,0.3197015067414661,0.1176291566035884,three-quarters the
world,2.8998250837496258,0.13203852381526948,-0.1275016489807132,-0.28258822459961463,-0.02499847834496095,0.365636625844589,world
the world,2.8998250837496258,0.13203852381526948,-0.1275016489807132,-0.28258822459961463,-0.02499847834496095,0.365636625844589,the world
drought-prone,2.136945347869699,-0.1119744901092916,0.009817948611732795,0.022684792845714574,0.2802745391003682,0.0782021889624906,drought-prone
world drought-prone,2.0543313834155397,-0.07254752246819371,-0.04900369005811456,0.062111760486812405,0.3197015067414661,0.1176291566035884,world drought-prone
areas,3.2918735934350494,-0.025373088761917174,-0.12264790649805571,-0.04447901767321538,0.9728298505163331,-0.05034111436074115,areas
drought-prone area+s,2.0543313834155397,-0.07254752246819371,-0.04900369005811456,0.062111760486812405,0.3197015067414661,0.1176291566035884,drought-prone area+s
are,10.883242813916297,0.4356192863983967,-0.17287043350079093,-0.314038534637393,-0.21294601054331552,-0.42238714403666244,are
area+s are,2.0543313834155397,-0.07254752246819371,-0.04900369005811456,0.062111760486812405,0.3197015067414661,0.1176291566035884,area+s are
risk,2.4952849721131463,0.24384004297436376,-0.1452075895696561,-0.13234074533567444,0.12524900091897934,-0.0768233492188984,risk
are risk,2.0543313834155397,-0.07254752246819371,-0.04900369005811456,0.062111760486812405,0.3197015067414661,0.1176291566035884,are risk
extreme,2.136945347869699,-0.1119744901092916,0.009817948611732795,0.022684792845714574,0.2802745391003682,0.0782021889624906,extreme
risk extrem+e,2.136945347869699,-0.1119744901092916,0.009817948611732795,0.022684792845714574,0.2802745391003682,0.0782021889624906,risk extrem+e
extrem+e water,2.136945347869699,-0.1119744901092916,0.009817948611732795,0.022684792845714574,0.2802745391003682,0.0782021889624906,extrem+e water
shortages,2.136945347869699,-0.1119744901092916,0.009817948611732795,0.022684792845714574,0.2802745391003682,0.0782021889624906,shortages
water shortages,2.136945347869699,-0.1119744901092916,0.009817948611732795,0.022684792845714574,0.2802745391003682,0.0782021889624906,water shortages
known,2.136945347869699,-0.1119744901092916,0.009817948611732795,0.022684792845714574,0.2802745391003682,0.0782021889624906,known
shortages known,2.136945347869699,-0.1119744901092916,0.009817948611732795,0.022684792845714574,0.2802745391003682,0.0782021889624906,shortages known
day,6.061079707307191,-0.37332701298556475,0.20063252256055317,0.10351616985603493,-0.762236012853575,0.010117816983642601,day
known day,2.136945347869699,-0.1119744901092916,0.009817948611732795,0.022684792845714574,0.2802745391003682,0.0782021889624906,known day
day zero,2.136945347869699,-0.1119744901092916,0.009817948611732795,0.022684792845714574,0.2802745391003682,0.0782021889624906,day zero
droughts this,2.0543313834155397,-0.07254752246819371,-0.04900369005811456,0.062111760486812405,0.3197015067414661,0.1176291566035884,droughts this
century,2.0543313834155397,-0.07254752246819371,-0.04900369005811456,0.062111760486812405,0.3197015067414661,0.1176291566035884,century
this century,2.0543313834155397,-0.07254752246819371,-0.04900369005811456,0.062111760486812405,0.3197015067414661,0.1176291566035884,this century
century and,2.0543313834155397,-0.07254752246819371,-0.04900369005811456,0.062111760486812405,0.3197015067414661,0.1176291566035884,century and
some,2.3789916226213164,0.15251525675507552,-0.09748135953668936,-0.08461451530270757,0.1729752309519462,-0.029097119185931556,some
and some,2.0543313834155397,-0.07254752246819371,-0.04900369005811456,0.062111760486812405,0.3197015067414661,0.1176291566035884,and some
some could,2.0543313834155397,-0.07254752246819371,-0.04900369005811456,0.062111760486812405,0.3197015067414661,0.1176291566035884,some could
Almost,2.0543313834155397,-0.07254752246819371,-0.04900369005811456,0.062111760486812405,0.3197015067414661,0.1176291566035884,Almost
three-quarters,2.0543313834155397,-0.07254752246819371,-0.04900369005811456,0.062111760486812405,0.3197015067414661,0.1176291566035884,three-quarters
alm+ost three-quarters,2.0543313834155397,-0.07254752246819371,-0.04900369005811456,0.062111760486812405,0.3197015067414661,0.1176291566035884,alm+ost three-quarters
three-quarters drought-prone,2.0543313834155397,-0.07254752246819371,-0.04900369005811456,0.062111760486812405,0.3197015067414661,0.1176291566035884,three-quarters drought-prone
regions,2.0543313834155397,-0.07254752246819371,-0.04900369005811456,0.062111760486812405,0.3197015067414661,0.1176291566035884,regions
drought-prone region+s,2.0543313834155397,-0.07254752246819371,-0.04900369005811456,0.062111760486812405,0.3197015067414661,0.1176291566035884,drought-prone region+s
around,3.283603800792828,-0.005814508823927808,0.040338579534332675,-0.03337531891362022,-0.1492895981191873,-0.04048804447034536,around
region+s around,2.0543313834155397,-0.07254752246819371,-0.04900369005811456,0.062111760486812405,0.3197015067414661,0.1176291566035884,region+s around
around the,2.0543313834155397,-0.07254752246819371,-0.04900369005811456,0.062111760486812405,0.3197015067414661,0.1176291566035884,around the
world risk,2.0543313834155397,-0.07254752246819371,-0.04900369005811456,0.062111760486812405,0.3197015067414661,0.1176291566035884,world risk
2100,2.0543313834155397,-0.07254752246819371,-0.04900369005811456,0.062111760486812405,0.3197015067414661,0.1176291566035884,2100
droughts 2100,2.0543313834155397,-0.07254752246819371,-0.04900369005811456,0.062111760486812405,0.3197015067414661,0.1176291566035884,droughts 2100
emissions,2.0543313834155397,-0.07254752246819371,-0.04900369005811456,0.062111760486812405,0.3197015067414661,0.1176291566035884,emissions
2100 emission+s,2.0543313834155397,-0.07254752246819371,-0.04900369005811456,0.062111760486812405,0.3197015067414661,0.1176291566035884,2100 emission+s
emission+s are,2.0543313834155397,-0.07254752246819371,-0.04900369005811456,0.062111760486812405,0.3197015067414661,0.1176291566035884,emission+s are
n't,2.0543313834155397,-0.07254752246819371,-0.04900369005811456,0.062111760486812405,0.3197015067414661,0.1176291566035884,n't
are n't,2.0543313834155397,-0.07254752246819371,-0.04900369005811456,0.062111760486812405,0.3197015067414661,0.1176291566035884,are n't
reduced,2.0543313834155397,-0.07254752246819371,-0.04900369005811456,0.062111760486812405,0.3197015067414661,0.1176291566035884,reduced
n't reduced,2.0543313834155397,-0.07254752246819371,-0.04900369005811456,0.062111760486812405,0.3197015067414661,0.1176291566035884,n't reduced
reduced and,2.0543313834155397,-0.07254752246819371,-0.04900369005811456,0.062111760486812405,0.3197015067414661,0.1176291566035884,reduced and
third,2.0543313834155397,-0.07254752246819371,-0.04900369005811456,0.062111760486812405,0.3197015067414661,0.1176291566035884,third
and third,2.0543313834155397,-0.07254752246819371,-0.04900369005811456,0.062111760486812405,0.3197015067414661,0.1176291566035884,and third
these,2.0543313834155397,-0.07254752246819371,-0.04900369005811456,0.062111760486812405,0.3197015067414661,0.1176291566035884,these
third these,2.0543313834155397,-0.07254752246819371,-0.04900369005811456,0.062111760486812405,0.3197015067414661,0.1176291566035884,third these
regio…,2.0543313834155397,-0.07254752246819371,-0.04900369005811456,0.062111760486812405,0.3197015067414661,0.1176291566035884,regio…
these regio…,2.0543313834155397,-0.07254752246819371,-0.04900369005811456,0.062111760486812405,0.3197015067414661,0.1176291566035884,these regio…
+6167,2.0543313834155397,-0.07254752246819371,-0.04900369005811456,0.062111760486812405,0.3197015067414661,0.1176291566035884,+6167
regio… +6167,2.0543313834155397,-0.07254752246819371,-0.04900369005811456,0.062111760486812405,0.3197015067414661,0.1176291566035884,regio… +6167
+6167 char+s,2.0543313834155397,-0.07254752246819371,-0.04900369005811456,0.062111760486812405,0.3197015067414661,0.1176291566035884,+6167 char+s
India,12.977506358748922,0.015774882051642437,0.010512305722627025,-0.054163814873291034,0.3764872378125955,-0.1870090742431127,India
Rainwater,5.004011454522676,0.024197235720167,-0.16568126630042404,-0.08721528604409906,1.1188689821205458,-0.14147811102814722,Rainwater
india rainwat+er,5.004011454522676,0.024197235720167,-0.16568126630042404,-0.08721528604409906,1.1188689821205458,-0.14147811102814722,india rainwat+er
Harvesting,6.11194148190374,0.03313595864098423,-0.16015015151394035,-0.11042363922174482,1.1412874997906475,-0.18378570906508104,Harvesting
rainwat+er harvesting,5.0122762808545955,0.023733436534758335,-0.16574809698497667,-0.08750953783684223,1.1208254592111315,-0.14192646588428107,rainwat+er harvesting
Market,5.0253764736368725,0.02325492174649737,-0.1657850852102081,-0.08791589968889138,1.1230200089163496,-0.14258301174512195,Market
harvesting market,8.165946569169915,0.08312702932058219,-0.18629108335703817,-0.1712181000787549,1.2157483250559562,-0.2667661872150429,harvesting market
Report,3.4035398652251647,-0.005601188838151849,-0.16294162268470358,-0.02659449220288296,1.0182001536524024,-0.03980537618753121,Report
market report,4.18762386730573,0.009479139112264789,-0.16692445723025276,-0.0620705853966578,1.0916703017267912,-0.09809048094147431,market report
2025,9.303744226082408,-0.15733916112979113,0.07835110430721949,-0.045549016380423996,0.5742848015156633,-0.16326503188574348,2025
report 2025,3.4325313289389836,-0.005316463055058004,-0.16298930168375197,-0.027983338270025505,1.0218077019904586,-0.04219038742463659,report 2025
with,4.00935302576165,0.2974043314788015,-0.310695600740452,-0.17689955661716916,0.8773228442928451,-0.19200332961283628,with
2025 with,3.4589092729675244,-0.005071226956358069,-0.16301901299240987,-0.02922296886912703,1.0249994320408873,-0.044326741864794045,2025 with
Profiles,3.482075440775836,-0.004866717746243395,-0.16303463049634448,-0.03029317474653286,1.02773409984737,-0.04617704124868546,Profiles
with profil+es,3.482075440775836,-0.004866717746243395,-0.16303463049634448,-0.03029317474653286,1.02773409984737,-0.04617704124868546,with profil+es
Jaldhara,3.5426712866656347,-0.004379834989894126,-0.16303071750411943,-0.03301303911651844,1.0346005884784966,-0.05090525581131604,Jaldhara
profil+es jaldhara,3.5426712866656347,-0.004379834989894126,-0.16303071750411943,-0.03301303911651844,1.0346005884784966,-0.05090525581131604,profil+es jaldhara
Water,8.922342788009601,-0.30521590574157004,0.17914132626908721,0.0019084664018416057,0.13063527510495557,-0.11626605928266544,Water
jaldhara water,3.593516556700119,-0.004024888671522976,-0.16297947204612753,-0.035209477658762596,1.0400625662895342,-0.054752025684039855,jaldhara water
water harvesting,3.3365596583500423,-0.006319740837044962,-0.16276884815587142,-0.023276581085842903,1.0094408181819312,-0.0341423947243595,water harvesting
Solutions,5.213960540036312,0.015726647277830935,-0.15918459268812415,-0.0875131969478373,1.1243824223324717,-0.14635861098785574,Solutions
harvesting solutions,3.705685120328857,-0.0034141568419103867,-0.1627215115843906,-0.03979295016766814,1.0512428011615464,-0.06286905480893709,harvesting solutions
Hydrostatics,3.79288145327698,-0.00310213640747687,-0.1623926357143983,-0.04312120357463118,1.059198024135382,-0.06884752998812219,Hydrostatics
solutions hydrostatics,3.79288145327698,-0.00310213640747687,-0.1623926357143983,-0.04312120357463118,1.059198024135382,-0.06884752998812219,solutions hydrostatics
Watertech,3.9164064461301944,-0.0029009600200352722,-0.16175066666880425,-0.04750952942284716,1.0695149819351881,-0.07685494997328282,Watertech
hydrostatics watertech,3.9164064461301944,-0.0029009600200352722,-0.16175066666880425,-0.04750952942284716,1.0695149819351881,-0.07685494997328282,hydrostatics watertech
Consultants,4.031969552707315,-0.0029645595502572285,-0.16097825291160217,-0.05129223541857525,1.0782894269586325,-0.08388913064801734,Consultants
watertech consultants,4.031969552707315,-0.0029645595502572285,-0.16097825291160217,-0.05129223541857525,1.0782894269586325,-0.08388913064801734,watertech consultants
Rainmaxx,4.221187494485542,-0.0035817017495387684,-0.15939061879209843,-0.056869941343558814,1.091124231228547,-0.09453313152825421,Rainmaxx
consultants rainmaxx,4.221187494485542,-0.0035817017495387684,-0.15939061879209843,-0.056869941343558814,1.091124231228547,-0.09453313152825421,consultants rainmaxx
rainmaxx solutions,3.705685120328857,-0.0034141568419103867,-0.1627215115843906,-0.03979295016766814,1.0512428011615464,-0.06286905480893709,rainmaxx solutions
EcoWater,4.666170050273723,-0.007412873889368531,-0.15432500231225985,-0.06738321826516054,1.1156834166949752,-0.11586602214363534,EcoWater
solutions ecowater,4.666170050273723,-0.007412873889368531,-0.15432500231225985,-0.06738321826516054,1.1156834166949752,-0.11586602214363534,solutions ecowater
Systems,4.987809978002051,-0.012092448936132275,-0.14972367577404308,-0.07308113718942778,1.1299664886943477,-0.1285781289820473,Systems
ecowater systems,4.987809978002051,-0.012092448936132275,-0.14972367577404308,-0.07308113718942778,1.1299664886943477,-0.1285781289820473,ecowater systems
systems and,5.480012603371018,-0.021946644422560307,-0.14154187498851442,-0.07934861679458534,1.148121588923802,-0.1445149197921091,systems and
More,5.804235968021877,-0.029952598591392564,-0.1355921029142406,-0.08216494911604302,1.1583319806926293,-0.15310751251709873,More
and more,5.804235968021877,-0.029952598591392564,-0.1355921029142406,-0.08216494911604302,1.1583319806926293,-0.15310751251709873,and more
more india,3.2845943843454353,-0.006935418539443009,-0.1625715308083133,-0.02059312138164391,1.0022039187970693,-0.029596246748804077,more india
rainwater,14.750258411888007,-0.10863695263606458,-0.055061416079215816,-0.12339425190984216,1.2122269121251807,-0.2703708556849796,rainwater
india rainwater,8.86531890617915,-0.13231899596786054,-0.0749055129834248,-0.08378904460509373,1.220757293004005,-0.19428701422538633,india rainwater
harvesting,7.402141580532953,0.1886406414071707,-0.31871467097278877,-0.2734539254117706,1.401134844391468,-0.34972148610182213,harvesting
rainwater harvesting,7.402141580532953,0.1886406414071707,-0.31871467097278877,-0.2734539254117706,1.401134844391468,-0.34972148610182213,rainwater harvesting
market,5.6201659780099655,0.08365333755618339,-0.2175633445006779,-0.14824766487172633,1.2310597822696732,-0.2086717077970674,market
offers,5.164398502424346,0.06321292305376945,-0.20236347149145412,-0.12315954881285772,1.1926549447235244,-0.17692198693069652,offers
market offers,5.164398502424346,0.06321292305376945,-0.20236347149145412,-0.12315954881285772,1.1926549447235244,-0.17692198693069652,market offers
growth,4.855669869996188,0.050857611164805035,-0.19413345233437676,-0.10719166828727741,1.1673777116689266,-0.15567447216575234,growth
offers growth,4.855669869996188,0.050857611164805035,-0.19413345233437676,-0.10719166828727741,1.1673777116689266,-0.15567447216575234,offers growth
opportunities,4.6270708579923525,0.04239895312634802,-0.18895946473403027,-0.09570069891059862,1.1486417692138589,-0.13982772813740624,opportunities
growth opportunities,4.6270708579923525,0.04239895312634802,-0.18895946473403027,-0.09570069891059862,1.1486417692138589,-0.13982772813740624,growth opportunities
driven,4.664746486697248,0.20477721559693424,-0.26339346351898596,-0.16025935729191845,1.040657335515328,-0.19749109598634976,driven
opportunities driven,4.303320107207727,0.031286559837418904,-0.18274681710905327,-0.07961271088198596,1.1213039819252606,-0.11684444957641713,opportunities driven
government,4.136374356759887,0.025894876010148293,-0.1799578482942503,-0.07127170624597835,1.1064330209879312,-0.10457909110682237,government
driven government,4.136374356759887,0.025894876010148293,-0.1799578482942503,-0.07127170624597835,1.1064330209879312,-0.10457909110682237,driven government
mandates,3.9904318615329,0.021339330654704537,-0.17769761486954472,-0.06388190651673843,1.0927387539701308,-0.09353202950567242,mandates
government mandat+es,3.9904318615329,0.021339330654704537,-0.17769761486954472,-0.06388190651673843,1.0927387539701308,-0.09353202950567242,government mandat+es
technological,3.8816749884358486,0.018027328229873844,-0.17609698391845774,-0.05828215062072828,1.0819777668956,-0.08505954445463355,technological
mandat+es technological,3.8816749884358486,0.018027328229873844,-0.17609698391845774,-0.05828215062072828,1.0819777668956,-0.08505954445463355,mandat+es technological
innovation,3.756467239591488,0.014289360941423062,-0.1743170793858147,-0.05170189201253588,1.0688450804778622,-0.07500572564881308,innovation
technological innovation,3.756467239591488,0.014289360941423062,-0.1743170793858147,-0.05170189201253588,1.0688450804778622,-0.07500572564881308,technological innovation
innovation and,5.480012603371018,-0.021946644422560307,-0.14154187498851442,-0.07934861679458534,1.148121588923802,-0.1445149197921091,innovation and
initiatives,3.640853332040188,0.010898058085216558,-0.17270817979930678,-0.045464696096601497,1.0558472286105158,-0.06539292087369383,initiatives
and initiative+s,3.640853332040188,0.010898058085216558,-0.17270817979930678,-0.045464696096601497,1.0558472286105158,-0.06539292087369383,and initiative+s
like,4.594886216406342,0.45597300776089633,-0.42460640972681557,-0.29435046997299685,0.7942498385860898,-0.3120673776997836,like
initiative+s like,3.5681180340944696,0.008789307228133276,-0.17170071218043023,-0.041444772426611515,1.0471555361324751,-0.059161680153398205,initiative+s like
Jal,3.5426712866656347,-0.004379834989894126,-0.16303071750411943,-0.03301303911651844,1.0346005884784966,-0.05090525581131604,Jal
like jal,3.5426712866656347,-0.004379834989894126,-0.16303071750411943,-0.03301303911651844,1.0346005884784966,-0.05090525581131604,like jal
Shakti,3.519672206184819,0.007393839295271489,-0.17102731763359,-0.038720256587445226,1.0411137697783654,-0.05492504353072919,Shakti
jal shakti,3.519672206184819,0.007393839295271489,-0.17102731763359,-0.038720256587445226,1.0411137697783654,-0.05492504353072919,jal shakti
Abhiyan,3.4850327041580034,0.006400021893396964,-0.17054314107964166,-0.036747096956358936,1.0366583406794652,-0.051850869952025876,Abhiyan
shakti abhiyan,3.4850327041580034,0.006400021893396964,-0.17054314107964166,-0.036747096956358936,1.0366583406794652,-0.051850869952025876,shakti abhiyan
AMRUT,3.4438817674643896,0.005223272805943009,-0.1699636332296681,-0.03437398228296256,1.031207615408021,-0.048147772350084085,AMRUT
abhiyan amrut,3.4438817674643896,0.005223272805943009,-0.1699636332296681,-0.03437398228296256,1.031207615408021,-0.048147772350084085,abhiyan amrut
2.0,3.418324347344253,0.004494378117815706,-0.16960070557653947,-0.03288338197253285,1.027730877967931,-0.04581889878795262,2.0
amrut 2.0,3.418324347344253,0.004494378117815706,-0.16960070557653947,-0.03288338197253285,1.027730877967931,-0.04581889878795262,amrut 2.0
Residential,3.39805916236515,0.003917393910810832,-0.1693109692988829,-0.031691907870853145,1.0249216630008977,-0.043955938831476034,Residential
commercial,3.349274773085987,0.002531648474406256,-0.16860505980435875,-0.028787366387119512,1.017958025581414,-0.03940981359522104,commercial
residential commercial,3.349274773085987,0.002531648474406256,-0.16860505980435875,-0.028787366387119512,1.017958025581414,-0.03940981359522104,residential commercial
commercial and,3.3085962670033866,0.00137926482844765,-0.16800561483563295,-0.0263239785096209,1.0119197331161596,-0.03554987322598939,commercial and
agricultural,3.295851273014737,0.0010187297585473362,-0.16781546363654956,-0.025544013297744986,1.0099818301762125,-0.03432705923939744,agricultural
and agricultural,3.295851273014737,0.0010187297585473362,-0.16781546363654956,-0.025544013297744986,1.0099818301762125,-0.03432705923939744,and agricultural
sectors,3.2569180654334846,-8.125447395328221e-05,-0.167226802775344,-0.02313614738869473,1.0039181907368504,-0.030550448791539484,sectors
agricultural sectors,3.2569180654334846,-8.125447395328221e-05,-0.167226802775344,-0.02313614738869473,1.0039181907368504,-0.030550448791539484,agricultural sectors
sectors are,3.234669645460771,-0.0007089946848946667,-0.1668846461186306,-0.02174246176016624,1.0003514353552527,-0.028363649248030958,sectors are
key,3.2239883985171973,-0.0010101673066930709,-0.16671876182497855,-0.021068628154918834,0.9986116371340164,-0.027306180497988684,key
are key,3.2239883985171973,-0.0010101673066930709,-0.16671876182497855,-0.021068628154918834,0.9986116371340164,-0.027306180497988684,are key
key area+s,3.2135851388857306,-0.0013033843982411713,-0.1665561358483605,-0.020409313309539434,0.9968995548800087,-0.026271409997065214,key area+s
addressing,3.1960126465778678,-0.0017984175999381786,-0.16627896381121157,-0.01928874969567909,0.9939673170440059,-0.024512574774995105,addressing
area+s addressing,3.1960126465778678,-0.0017984175999381786,-0.16627896381121157,-0.01928874969567909,0.9939673170440059,-0.024512574774995105,area+s addressing
addressing water,3.169904958361087,-0.0025333571234247764,-0.1658610855719575,-0.017607497743378553,0.989514206013297,-0.021873472221697124,addressing water
scar…,3.1563784937828276,-0.002913897473972685,-0.16564155071258885,-0.01672850289469747,0.9871599762981653,-0.02049366463469179,scar…
water scar…,3.1563784937828276,-0.002913897473972685,-0.16564155071258885,-0.01672850289469747,0.9871599762981653,-0.02049366463469179,water scar…
Dublin,3.143318555314054,-0.0032811721333371523,-0.16542751866166736,-0.01587455396069924,0.9848554566009868,-0.019153198796358437,Dublin
scar… dublin,3.143318555314054,-0.0032811721333371523,-0.16542751866166736,-0.01587455396069924,0.9848554566009868,-0.019153198796358437,scar… dublin
Oct,5.35447825854736,-0.12894734593310198,0.058558710370865706,-0.022648291801008403,0.4438645692684847,-0.09137812095430135,Oct
dublin oct,3.1265854561288564,-0.0037515533579333816,-0.16515019031090888,-0.014772701307004312,0.9818563372182563,-0.01742368189903469,dublin oct
GLOBE,3.0971249362473086,-0.004579229700460934,-0.1646529694765323,-0.012811059505733831,0.9764444610833277,-0.014345050244287899,GLOBE
2025 globe,3.0971249362473086,-0.004579229700460934,-0.1646529694765323,-0.012811059505733831,0.9764444610833277,-0.014345050244287899,2025 globe
NEWSWIRE,3.085980756473665,-0.0048921690865206865,-0.16446174308733658,-0.012061600538077892,0.9743519225597272,-0.013169053070712523,NEWSWIRE
globe newswire,3.085980756473665,-0.0048921690865206865,-0.16446174308733658,-0.012061600538077892,0.9743519225597272,-0.013169053070712523,globe newswire
newswire the,3.0629708290347053,-0.005538066934728842,-0.1640611301073856,-0.010500872153181628,0.9699493361615888,-0.010720577083169465,newswire the
the india,5.335932217487127,-0.11515230274878659,-0.03009654591645275,0.02040990209431661,0.7494014283465643,-0.052443145048056604,the india
market 2025,3.1086249476801076,-0.004256213732236055,-0.16484846475131612,-0.013580142391397064,0.9785774143283459,-0.01555197515894378,market 2025
report,4.1332734792596195,0.1922829403351753,-0.25332778866562744,-0.13328437432914436,0.9849786738809121,-0.15845261262907434,report
2025 report,2.99344070755774,-0.007487953611846861,-0.16279868584208754,-0.005670393256137532,0.955927578341838,-0.003148556829786931,2025 report
has,11.0835836064145,0.23423523094310517,-0.026290628321343663,-0.163394181416567,-0.35836558187054385,-0.2857472762265925,has
report has,2.9838173080857544,-0.007757617263362251,-0.1626172516096669,-0.004987606992749825,0.9538960207027344,-0.002079192264187273,report has
been,3.557138553247989,-0.18546378868256047,0.10380751125704793,-0.18216037272682103,0.7751958014795833,-0.17903531913548965,been
has been,3.557138553247989,-0.18546378868256047,0.10380751125704793,-0.18216037272682103,0.7751958014795833,-0.17903531913548965,has been
added,2.971849522735075,-0.008092900964366344,-0.16238916534441503,-0.0041334473490380235,0.9513368399423459,-0.0007418138760368115,added
been added,2.971849522735075,-0.008092900964366344,-0.16238916534441503,-0.0041334473490380235,0.9513368399423459,-0.0007418138760368115,been added
ResearchAndMarkets.com,2.9603119588374502,-0.00841605282195972,-0.16216663366298084,-0.003304621035001866,0.9488345625331321,0.0005554649168844886,ResearchAndMarkets.com
added researchandmarkets.com,2.9603119588374502,-0.00841605282195972,-0.16216663366298084,-0.003304621035001866,0.9488345625331321,0.0005554649168844886,added researchandmarkets.com
offering,2.9303153799798842,-0.009255834786631343,-0.16157538049015724,-0.0011244237966104118,0.9421617391381855,0.003965692347929893,offering
researchandmarkets.com offering,2.9303153799798842,-0.009255834786631343,-0.16157538049015724,-0.0011244237966104118,0.9421617391381855,0.003965692347929893,researchandmarkets.com offering
delive…,2.879231955806164,-0.013314957686037066,-0.162808794850225,0.0007716785499200895,0.9495912794670641,0.008294324871081742,delive…
report delive…,2.879231955806164,-0.013314957686037066,-0.162808794850225,0.0007716785499200895,0.9495912794670641,0.008294324871081742,report delive…
+2461,2.8723348467376772,-0.014062474695453311,-0.1631435755786698,0.0008927525024250227,0.9519896215575969,0.008770828744108798,+2461
delive… +2461,2.8723348467376772,-0.014062474695453311,-0.1631435755786698,0.0008927525024250227,0.9519896215575969,0.008770828744108798,delive… +2461
+2461 chars,2.8678466931906517,-0.014550792976529463,-0.16336234809275588,0.0009714757755188339,0.9535533889856496,0.00908166067686628,+2461 chars
Steady,4.317450310108222,-0.26662558153526617,0.09690050383155475,0.15909376202548392,-0.4230130811424501,0.09392745902796,Steady
overnight,7.276433966796713,-0.3503991010921508,0.17113784143178254,0.15643755942027412,-0.9449889615922151,0.04234323475375411,overnight
steady overnight,4.798599646088284,-0.2871397490292133,0.11473055519209122,0.15999130075310913,-0.5286721940710798,0.0837237400630578,steady overnight
rain,75.40175390192066,-0.4319321078883788,0.30789827042644186,0.057187871788295756,-3.2831785951620707,-0.18904357034228672,rain
overnight rain,6.966754269725276,-0.34489501443769555,0.16609195469467047,0.15720842307300148,-0.9014975039453277,0.04671045345270889,overnight rain
drenches,5.43111776675817,-0.3086521062426979,0.13359616891026066,0.1599645853323734,-0.6524930221133171,0.07156347699175226,drenches
rain drenches,5.43111776675817,-0.3086521062426979,0.13359616891026066,0.1599645853323734,-0.6524930221133171,0.07156347699175226,rain drenches
southern,6.708302828211432,-0.3399267504284649,0.161566314210037,0.15781727848227625,-0.8636940463988315,0.05050336944346412,southern
drenches southern,4.490262632894074,-0.2744919757846865,0.1037250779664408,0.1595368108762296,-0.4622592520130001,0.0901591584009431,drenches southern
parts,9.233421227261221,-0.36038710206843994,0.22998068203284214,0.07280522109793773,-1.1831777027978596,-0.04127663498648971,parts
southern part+s,5.352559939073715,-0.31142071204610633,0.1320188252918629,0.15384159767299851,-0.6379229988713323,0.08922314383253335,southern part+s
Kerala,7.60086913438737,-0.3603883481303942,0.1765316707928806,0.15037943860926103,-0.9886106596615327,0.052033757755731824,Kerala
part+s kerala,5.661486736476574,-0.32172330737040356,0.1401610428742862,0.1521703206200267,-0.6940345911314054,0.0873278645554576,part+s kerala
Persistent,9.57549657027071,-0.3999256542789925,0.2186259200749263,0.12927672743890428,-1.2195554539668638,-0.004496260306295323,Persistent
kerala persistent,4.710507558860243,-0.2836927712299501,0.11172625579669163,0.15990007046931953,-0.5101437233085216,0.08552605342241264,kerala persistent
persistent rain,38.74989096617921,-0.451161220330859,0.2940335903493425,0.08357381280323818,-2.6174760011393943,-0.1337275642758594,persistent rain
rain southern,4.490262632894074,-0.2744919757846865,0.1037250779664408,0.1595368108762296,-0.4622592520130001,0.0901591584009431,rain southern
southern kerala,4.267580848068922,-0.2642389127583872,0.0948321116776579,0.15893610440549624,-0.4113951796929662,0.09503756971709831,southern kerala
kerala and,5.547202875574479,-0.3205281994551206,0.1375116645533682,0.14983812448408818,-0.6736418734515595,0.09563590500879228,kerala and
Tamil,5.511682703789841,-0.32111285682096885,0.13677229479050224,0.1479338755465975,-0.6672180265499839,0.10119161768374875,Tamil
and tamil,5.511682703789841,-0.32111285682096885,0.13677229479050224,0.1479338755465975,-0.6672180265499839,0.10119161768374875,and tamil
Nadu,5.523073979232194,-0.3248789203432155,0.13744030056497647,0.14384483381065963,-0.6692826447044187,0.111238873705345,Nadu
tamil nadu,5.523073979232194,-0.3248789203432155,0.13744030056497647,0.14384483381065963,-0.6692826447044187,0.111238873705345,tamil nadu
nadu the,4.317450310108222,-0.26662558153526617,0.09690050383155475,0.15909376202548392,-0.4230130811424501,0.09392745902796,nadu the
awaits,4.473383090482136,-0.27375000872762884,0.10308082484147432,0.15950013429362006,-0.4584930249921824,0.09052195973321941,awaits
region await+s,3.4449053642552117,-0.21510276061997707,0.052259627293107964,0.1535167522190111,-0.19724449274539096,0.11496617585328996,region await+s
await+s the,5.534453800226595,-0.3159678918948893,0.13673940883997612,0.1548201594773465,-0.6713409393321138,0.08302637264566014,await+s the
official,4.310251591260172,-0.2662844212065721,0.09660478578989763,0.1590718781233566,-0.42134433537425486,0.094087067130159,official
the official,4.310251591260172,-0.2662844212065721,0.09660478578989763,0.1590718781233566,-0.42134433537425486,0.094087067130159,the official
declaration,4.199881465635088,-0.2609096708045647,0.09194814758979285,0.15869857016416675,-0.39540436154324254,0.09656127792224264,declaration
official declaration,4.199881465635088,-0.2609096708045647,0.09194814758979285,0.15869857016416675,-0.39540436154324254,0.09656127792224264,official declaration
declaration the,5.534453800226595,-0.3159678918948893,0.13673940883997612,0.1548201594773465,-0.6713409393321138,0.08302637264566014,declaration the
north-east,3.185366822021142,-0.19901170665091894,0.034722390743153975,0.14357383539713092,-0.1189155132615686,0.13814072785844383,north-east
the north-east,3.185366822021142,-0.19901170665091894,0.034722390743153975,0.14357383539713092,-0.1189155132615686,0.13814072785844383,the north-east
monsoon,6.374665421197758,0.24472615428475472,-0.08616551519712912,-0.05652305614522031,-0.8126796658378578,-0.12462799717973266,monsoon
north-east monsoon,3.266803111661643,-0.2067727254994877,0.040781917359490646,0.14348637964560085,-0.1441599241321519,0.1390786564300223,north-east monsoon
have,4.431535146713027,-0.11230102690471075,0.05649843421897182,0.05327516844311905,-0.4490941173946702,0.10332429301927294,have
nadu have,4.119672790974683,-0.28151336697484386,0.09110923689076639,0.1262474861765846,-0.37612179966120457,0.1762966107527386,nadu have
received,5.43940824818854,-0.2194195509127843,0.1278237927660269,0.050580466271048174,-0.6540183361646048,0.09332780554971343,received
have received,4.361453916247578,-0.3029669399632058,0.10252100051028958,0.11540698123206868,-0.43315352792244916,0.19742559250862798,have received
persistent,18.68482151989997,-0.5338372983414799,0.2582113647992622,-0.037421744070102375,-1.8880595699593934,0.28024140275443166,persistent
received persistent,5.289860808430819,-0.3996890403595876,0.14145093292912347,0.043903801339682046,-0.626139992438159,0.32206796495987766,received persistent
rain from,5.43111776675817,-0.3086521062426979,0.13359616891026066,0.1599645853323734,-0.6524930221133171,0.07156347699175226,rain from
from overnight,4.798599646088284,-0.2871397490292133,0.11473055519209122,0.15999130075310913,-0.5286721940710798,0.0837237400630578,from overnight
Wednesday,6.133054853755009,-0.32741435624474713,0.15027829690656688,0.15900856769296798,-0.7740410297569678,0.059477347277375046,Wednesday
overnight wednesday,4.135741204333172,-0.2576565334474912,0.08913128866027455,0.1584469682892261,-0.38001462288229143,0.09802292536388509,overnight wednesday
evening,5.250345190623258,-0.18553507563801264,0.09203824428936881,0.1283028488480424,-0.6186418841569804,0.04622712134268606,evening
wednesday evening,3.8226066198390978,-0.24023562594675188,0.0740541461227925,0.1567849336740954,-0.30128061025036357,0.10542144333121671,wednesday evening
until,5.557213426385758,-0.31236455602736807,0.13687723896464565,0.15984877817254503,-0.6754448594439586,0.06929065202597537,until
evening until,3.6350473525649507,-0.2283930900906436,0.06379677691405913,0.1553676716154685,-0.2509701968610783,0.11007268634737344,evening until
until this,3.538375867236768,-0.22181017119658272,0.058086621230111726,0.15448445937434324,-0.22401588642138692,0.11253768517235176,until this
Thursday,5.501725020844754,-0.14115065066073815,0.11305664864441707,0.06064863750873204,-0.6654097423372433,-0.019365859756274494,Thursday
this thursday,3.4572107617032497,-0.21600598464294074,0.053044889855291204,0.15365098918351028,-0.20081018484943652,0.11464389507427657,this thursday
morning,5.062215633866481,-0.2967484557463581,0.1231295756151086,0.16011016169026368,-0.5821523188869178,0.07849458898441541,morning
thursday morning,3.346682692798565,-0.20766167228776644,0.045782296377723825,0.15236515344545562,-0.16831767338885548,0.11756697184039697,thursday morning
morning the,3.3783978698066743,-0.21709365212313747,0.04863284826513904,0.1429331736100846,-0.1777496532242266,0.141020681394423,morning the
South,3.347722412151747,-0.21428899992200434,0.04652390919345044,0.14313491049314528,-0.1686282967662107,0.140409025483488,South
the south,3.347722412151747,-0.21428899992200434,0.04652390919345044,0.14313491049314528,-0.1686282967662107,0.140409025483488,the south
Peninsula,3.178451422858561,-0.19388164108370345,0.03374203840940495,0.15002249116722258,-0.1167421633579349,0.12214064668867504,Peninsula
south peninsula,3.178451422858561,-0.19388164108370345,0.03374203840940495,0.15002249116722258,-0.1167421633579349,0.12214064668867504,south peninsula
peninsula await+s,3.117790625535336,-0.1885603861438773,0.029074113184015874,0.14904683260053742,-0.09747267725568176,0.12382745705282673,peninsula await+s
no…,2.9475436241921136,-0.17250154932397443,0.014912242903150876,0.14587014245141822,-0.041320212844330594,0.12867013806062044,no…
the no…,2.9475436241921136,-0.17250154932397443,0.014912242903150876,0.14587014245141822,-0.041320212844330594,0.12867013806062044,the no…
+1900,2.9308693609700263,-0.1708325363692764,0.013433280820994148,0.14552034413706427,-0.035647148367896626,0.12915311861767864,+1900
no… +1900,2.9308693609700263,-0.1708325363692764,0.013433280820994148,0.14552034413706427,-0.035647148367896626,0.12915311861767864,no… +1900
+1900 char+s,2.9119656282864823,-0.16891824394874605,0.011735193906932366,0.145114653257091,-0.029176385911746833,0.12970255924098428,+1900 char+s
Heavy,6.451621704280821,-0.3050094131750608,0.19602779651578858,0.06816712166560523,-0.8246795853455046,-0.027723475950778457,Heavy
Rains,2.8972107591961977,0.0065563576237429345,-0.06062201977946276,0.0851533245461779,-0.02409652610540648,0.07901039077130137,Rains
heavy rains,2.8972107591961977,0.0065563576237429345,-0.06062201977946276,0.0851533245461779,-0.02409652610540648,0.07901039077130137,heavy rains
Wreak,2.9108974878582723,0.00824208845163999,-0.06062222667179188,0.08439115811311525,-0.028809507824838192,0.07767274650285451,Wreak
rains wreak,2.9108974878582723,0.00824208845163999,-0.06062222667179188,0.08439115811311525,-0.028809507824838192,0.07767274650285451,rains wreak
Havoc,2.925265581789602,0.010079818742475497,-0.06066210408524937,0.08356268829737422,-0.033733332875047935,0.0762494795407804,Havoc
wreak havoc,2.925265581789602,0.010079818742475497,-0.06066210408524937,0.08356268829737422,-0.033733332875047935,0.0762494795407804,wreak havoc
Los,6.613827036380007,-0.05416403909489044,0.0662718119241535,0.0760728730496742,-0.8495105222006906,-0.0227873056976136,Los
havoc los,2.9482385978220704,0.013168989990456422,-0.06081331734434938,0.08217493711764867,-0.04155596566117672,0.0739306929228505,havoc los
Angeles,6.796408192963409,-0.06830272232165743,0.07425732298873403,0.07965662524198372,-0.876742324834516,-0.02195859000756266,Angeles
los angeles,6.796408192963409,-0.06830272232165743,0.07425732298873403,0.07965662524198372,-0.876742324834516,-0.02195859000756266,los angeles
UCLA,5.164792048126516,0.10660649108926307,-0.030550094443310517,0.024480423880915758,-0.6022128991437302,-0.045410424075519075,UCLA
angeles ucla,2.990998635214221,0.01944498356422287,-0.06139808275449891,0.07936998304965054,-0.055955382470239005,0.06945904007093903,angeles ucla
Flooding,3.0067253076229754,0.02193631335995865,-0.061718343785705294,0.07826041157169523,-0.06119960798025164,0.06775846302501645,Flooding
ucla flooding,3.0067253076229754,0.02193631335995865,-0.061718343785705294,0.07826041157169523,-0.06119960798025164,0.06775846302501645,ucla flooding
Leaves,3.0372734430714607,0.027075802181453043,-0.06251272094280791,0.07597586604923477,-0.07130827836182173,0.06436031683241059,Leaves
flooding leaves,3.0372734430714607,0.027075802181453043,-0.06251272094280791,0.07597586604923477,-0.07130827836182173,0.06436031683241059,flooding leaves
Practice,3.063354062063114,0.03179350471484536,-0.06338045426157494,0.07388189434493621,-0.07985847352015038,0.061352110553850134,Practice
leaves practice,3.063354062063114,0.03179350471484536,-0.06338045426157494,0.07388189434493621,-0.07985847352015038,0.061352110553850134,leaves practice
Field,3.1005376006799956,0.03907793201831242,-0.06493989328786114,0.0706497576588443,-0.09192357514987412,0.05687596759172289,Field
practice fall+d,5.506010066379057,0.12176965279836902,-0.03133147427315618,0.01508343755285382,-0.6661882940950379,-0.06043466873570312,practice fall+d
Shambles,3.1429010232270276,0.04822729197329037,-0.06721197878917888,0.06658406533410385,-0.10549432526142542,0.05148029233843702,Shambles
fall+d shamble+s,3.1429010232270276,0.04822729197329037,-0.06721197878917888,0.06658406533410385,-0.10549432526142542,0.05148029233843702,fall+d shamble+s
shamble+s the,3.192204232563977,0.060086986876502504,-0.07057487663693224,0.06129028385422067,-0.12105971929360333,0.04475927468921331,shamble+s the
practice,6.715361900003692,0.11413047198669328,-0.007581784902347074,0.009637260553389973,-0.8647457819100917,-0.08455844082335277,practice
the practice,4.492087457977968,0.08699482061103614,-0.03692047657643744,0.03856021624816774,-0.4626655655257306,-0.017721472730537167,the practice
field,4.542077221975591,0.11839560990628324,-0.05152946840024536,0.024457494763358633,-0.4737325044148205,-0.0314824248932257,field
fall+d ucla,4.287318136957963,0.10875481742581795,-0.05370467428861893,0.030915907103653304,-0.4160094536764043,-0.01915703231665485,fall+d ucla
completely,4.872679096545151,0.21898474650791205,-0.09940181946842079,-0.02660671998894716,-0.5439919674464802,-0.08469728787156322,completely
ucla completely,4.872679096545151,0.21898474650791205,-0.09940181946842079,-0.02660671998894716,-0.5439919674464802,-0.08469728787156322,ucla completely
flooded,10.786433032166592,0.45605383929443477,-0.13980486371530165,-0.3058594365406004,-1.3386372028433433,-0.4141431374263822,flooded
completely flooded,5.67645477615655,0.41695451816806334,-0.2217205803321898,-0.15322463291829955,-0.6966749378573112,-0.2141967997882224,completely flooded
prior,5.152119806278212,0.23095979204678194,-0.10010408316330204,-0.035079695061327944,-0.5997563019758795,-0.09836640027460182,prior
flooded prior,5.152119806278212,0.23095979204678194,-0.10010408316330204,-0.035079695061327944,-0.5997563019758795,-0.09836640027460182,flooded prior
college,5.052095337661697,0.1383011814880056,-0.04946755864681605,0.011226944802377424,-0.5801511347013218,-0.05493155050494593,college
prior college,5.052095337661697,0.1383011814880056,-0.04946755864681605,0.011226944802377424,-0.5801511347013218,-0.05493155050494593,prior college
football,5.068242501341589,0.08427210100064213,-0.021524772841127495,0.03486096775843866,-0.5833421699490735,-0.03413928611438908,football
college football,5.068242501341589,0.08427210100064213,-0.021524772841127495,0.03486096775843866,-0.5833421699490735,-0.03413928611438908,college football
football practice,4.492087457977968,0.08699482061103614,-0.03692047657643744,0.03856021624816774,-0.4626655655257306,-0.017721472730537167,football practice
earlier,5.2885234445886375,-0.0028666995219489254,0.02317342401663526,0.06767148084273185,-0.6258871440224995,-0.009090779306194037,earlier
practice earlier,5.2885234445886375,-0.0028666995219489254,0.02317342401663526,0.06767148084273185,-0.6258871440224995,-0.009090779306194037,practice earlier
earlier this,5.46457702559424,-0.03561433628912667,0.04037369866193207,0.07818762095992579,-0.6586347807896772,-0.0028919278676967503,earlier this
not,6.733651686745154,-0.1490133377617419,0.1031044304715719,0.1060753152605828,-0.8674656539510693,0.0029439500176876372,not
angeles not,6.733651686745154,-0.1490133377617419,0.1031044304715719,0.1060753152605828,-0.8674656539510693,0.0029439500176876372,angeles not
prepared,7.164667825990719,-0.17179252032446723,0.11623473836899514,0.10999377115697585,-0.9295097586821598,0.0011333503805382508,prepared
not prepared,7.164667825990719,-0.17179252032446723,0.11623473836899514,0.10999377115697585,-0.9295097586821598,0.0011333503805382508,not prepared
for,17.710053114065246,-0.05011279503004595,0.13537872128227293,0.011053555800461834,-1.8344805100105022,-0.1273048185481847,for
prepared for,9.096739063507163,-0.2415933342408485,0.15720187859361962,0.1182645776649739,-1.1682640637524857,-0.010724419901324252,prepared for
for rain,11.558838614283413,-0.2941689953994002,0.18874879369842645,0.12041595786779995,-1.4077984514247748,-0.02656064590733766,for rain
hilarious,4.5849819282922954,-0.1537547411361562,0.06656633356639254,0.1246247869488563,-0.48313422333590045,0.05672587468410714,hilarious
visual,4.144565264900624,-0.12655165151069844,0.04493318871409447,0.12022332544025344,-0.3821459603975359,0.06381306097102998,visual
hilarious visual,4.144565264900624,-0.12655165151069844,0.04493318871409447,0.12022332544025344,-0.3821459603975359,0.06381306097102998,hilarious visual
even,4.021608999894919,-0.13203130353482426,0.05864321165462338,0.09953738038474544,-0.3520301304028704,0.04892559117611868,even
visual even,3.948284500460043,-0.11363041314684136,0.03410610096689462,0.1179382707727284,-0.3336292400148874,0.06732648156410138,visual even
though,7.105723343152768,-0.17875464819350545,0.1178712590466772,0.11243470428337987,-0.9212486231088202,0.004073257191071564,though
even though,3.838605325807107,-0.10625845810527265,0.027715528560675273,0.11658497588309567,-0.3054571633434652,0.06942693194302327,even though
there,3.9232632042323945,-0.11758844783923274,0.033110718260597756,0.12429569410032505,-0.3272718166872909,0.06812877801114095,there
though there,3.9232632042323945,-0.11758844783923274,0.033110718260597756,0.12429569410032505,-0.3272718166872909,0.06812877801114095,though there
explanation,4.279513560875336,-0.15097754683444864,0.054958503289038126,0.13437310090098986,-0.41418740825352784,0.06385013999264887,explanation
there explanation,4.279513560875336,-0.15097754683444864,0.054958503289038126,0.13437310090098986,-0.41418740825352784,0.06385013999264887,there explanation
explanation for,5.051489023684248,-0.19887665748861083,0.08673145525965109,0.15093864280672092,-0.5800311151208455,0.05054800531023162,explanation for
for the,4.280123968902718,-0.015549914065739892,-0.010650378917785528,0.03723747779646516,-0.41433003299115073,0.13762008450789182,for the
drainage,6.707701941144136,-0.27202479248259126,0.12418709877872001,0.1951014582662008,-0.8636044687521284,0.020574463073193206,drainage
the drainage,6.707701941144136,-0.27202479248259126,0.12418709877872001,0.1951014582662008,-0.8636044687521284,0.020574463073193206,the drainage
failure,5.14823901599677,-0.19520652650655096,0.09325475264281577,0.1319669812476553,-0.5990027766799112,0.051465789150864215,failure
drainage failure,5.14823901599677,-0.19520652650655096,0.09325475264281577,0.1319669812476553,-0.5990027766799112,0.051465789150864215,drainage failure
Threat,4.4689448148157105,-0.15024902317293953,0.06241320442024241,0.12460646261417152,-0.4575003805537626,0.0594401596166477,Threat
severe,4.090510040162171,-0.11629086552756504,0.039509811716225814,0.11745588909257317,-0.3690177255959357,0.06284084642861847,severe
threat sever+e,4.090510040162171,-0.11629086552756504,0.039509811716225814,0.11745588909257317,-0.3690177255959357,0.06284084642861847,threat sever+e
weather,7.3006870237154855,-0.17631644620323586,0.11669118940969454,0.08780360629380307,-0.9483165156837654,0.04524589945687275,weather
sever+e weather,3.919661586230958,-0.09719849104450298,0.026908905866848524,0.1128448042516462,-0.3263533791526131,0.06367224283774214,sever+e weather
crea…,3.7751724607057504,-0.077981045513728,0.014518492485659997,0.1077772583090918,-0.28879412573264535,0.06365022908228411,crea…
weather crea…,3.7751724607057504,-0.077981045513728,0.014518492485659997,0.1077772583090918,-0.28879412573264535,0.06365022908228411,weather crea…
iStockphoto,3.6904117709093986,-0.06469647015643958,0.00616463776085003,0.10402657534607702,-0.2660861019789945,0.0631003452425154,iStockphoto
crea… istockphoto,3.6904117709093986,-0.06469647015643958,0.00616463776085003,0.10402657534607702,-0.2660861019789945,0.0631003452425154,crea… istockphoto
Brendan,3.527504581985592,-0.03135004716166235,-0.013908946064779767,0.09374351642335021,-0.2209387627968456,0.05970283161394632,Brendan
istockphoto brendan,3.527504581985592,-0.03135004716166235,-0.013908946064779767,0.09374351642335021,-0.2209387627968456,0.05970283161394632,istockphoto brendan
Mullin-Imagn,3.4701043636784172,-0.014699064279866546,-0.023428171332875686,0.08816380055297497,-0.2045327286145284,0.05692444158023047,Mullin-Imagn
brendan mullin-imag+n,3.4701043636784172,-0.014699064279866546,-0.023428171332875686,0.08816380055297497,-0.2045327286145284,0.05692444158023047,brendan mullin-imag+n
Images,3.4018878212134886,0.014246591009395555,-0.03924705614712099,0.07781077047273229,-0.18467857818596742,0.050488130726829,Images
mullin-imag+n image+s,3.4018878212134886,0.014246591009395555,-0.03924705614712099,0.07781077047273229,-0.18467857818596742,0.050488130726829,mullin-imag+n image+s
image+s the,3.3737861275065404,0.03442942739369628,-0.04983686238552348,0.07013585703099796,-0.17638365282522128,0.0449164814832871,image+s the
hi…,4.527202306373868,-0.15034524817392866,0.06392430312618251,0.12410587383132868,-0.4704522154142596,0.05760825667867881,hi…
+2374,4.290148816685882,-0.13584322959924008,0.05247643088011115,0.12179211050906262,-0.4166694806624548,0.061368067583721875,+2374
hi… +2374,4.290148816685882,-0.13584322959924008,0.05247643088011115,0.12179211050906262,-0.4166694806624548,0.061368067583721875,hi… +2374
+2374 char+s,4.082089936719577,-0.12248361226112571,0.04157038153383302,0.11951645891018048,-0.36695715577832844,0.0649014162462257,+2374 char+s
Ranji,6.150428035107469,-0.3661837977118503,0.1926173112094884,0.11439413544176152,-0.7768697377209981,0.018648262597141873,Ranji
Trophy,6.094296249309138,-0.3652617523398108,0.19198436845820063,0.1139196074211073,-0.7677013517788,0.019057741711490963,Trophy
ranji trophy,6.094296249309138,-0.3652617523398108,0.19198436845820063,0.1139196074211073,-0.7677013517788,0.019057741711490963,ranji trophy
Meghalaya,6.192237847490766,-0.3715246707416959,0.1979636793331289,0.10929395528981181,-0.7836446067321813,0.013394962284965943,Meghalaya
trophy meghalaya,3.347653173524331,-0.22946849075699915,0.07759959670857208,0.12154341450131495,-0.16860761424391382,0.0906310505675492,trophy meghalaya
Mizoram,5.881434316347079,-0.3607253083957672,0.1885760760334276,0.11300795668978479,-0.7321487226356822,0.021525565313935728,Mizoram
meghalaya mizoram,3.4662527788302997,-0.23833978743461123,0.08465237918997605,0.12348992691313417,-0.20342217874956628,0.08790853709708994,meghalaya mizoram
Rain,6.822930341955077,-0.3551092384620282,0.176327064932502,0.14287513446741995,-0.8806371076025046,0.041016062606982324,Rain
mizoram rain,3.583885857631573,-0.24647416342930112,0.09106009567275286,0.12531402285413382,-0.23679570596650312,0.08536666695472805,mizoram rain
forces,3.6551526798788663,-0.2511133857656889,0.09469449968312171,0.12636305374313397,-0.2564859243299717,0.08388932550599065,forces
rain force+s,3.6551526798788663,-0.2511133857656889,0.09469449968312171,0.12636305374313397,-0.2564859243299717,0.08388932550599065,rain force+s
consecutive,3.7745707240825994,-0.2584467002517606,0.10041714780380374,0.12802247825718702,-0.2886347198801027,0.08150120525539273,consecutive
force+s consecutive,3.7745707240825994,-0.2584467002517606,0.10041714780380374,0.12802247825718702,-0.2886347198801027,0.08150120525539273,force+s consecutive
consecutive day,4.064830553712048,-0.2742937787524924,0.11273306295262932,0.13154373614583176,-0.3627201170473027,0.0760467443532123,consecutive day
play,7.562539729455663,-0.38743200917688375,0.2089191659011502,0.11958903313141922,-0.9835551359449185,0.005351432331879585,play
day play,4.47637939554769,-0.2929745770971871,0.12727383157633923,0.13539548108129845,-0.45916260816428983,0.06889786392864863,day play
play persistent,4.816092666116081,-0.30586005616602735,0.13739493006725112,0.13773278553324217,-0.5323110082445989,0.0633587684863353,play persistent
continued,11.46877826995785,-0.41277544420322637,0.2306037907430041,0.12823793996529864,-1.399976469327276,-0.018738663809838824,continued
rain continued,11.46877826995785,-0.41277544420322637,0.2306037907430041,0.12823793996529864,-1.399976469327276,-0.018738663809838824,rain continued
disrupt,6.5112431135213775,-0.36457108064345745,0.18901904810529443,0.12534695002389099,-0.8338784515689823,0.023480947110617805,disrupt
continued disrupt,6.5112431135213775,-0.36457108064345745,0.18901904810529443,0.12534695002389099,-0.8338784515689823,0.023480947110617805,continued disrupt
disrupt the,6.799599563896368,-0.4002193972740966,0.22401702570475635,0.09085045058354783,-0.8772117819058332,-0.011797596607829733,disrupt the
the ranji,5.078319054093174,-0.32898103259876305,0.1610067446072368,0.1215268609391749,-0.5853283710890747,0.0434273031970336,the ranji
2025-26,5.259545559353502,-0.33947191572267255,0.17080223694563035,0.1164297151724491,-0.620392686577154,0.03535016634482649,2025-26
trophy 2025-26,5.259545559353502,-0.33947191572267255,0.17080223694563035,0.1164297151724491,-0.620392686577154,0.03535016634482649,trophy 2025-26
Plate,5.050621392289687,-0.33434814978652816,0.16743985876598463,0.11369928204957096,-0.5798593428156604,0.036937021900645114,Plate
2025-26 plate,5.050621392289687,-0.33434814978652816,0.16743985876598463,0.11369928204957096,-0.5798593428156604,0.036937021900645114,2025-26 plate
Group,4.921454192633782,-0.3310782927153211,0.16539746392041454,0.11166006541932441,-0.5539521135612258,0.037739518653705034,Group
plate group,4.921454192633782,-0.3310782927153211,0.16539746392041454,0.11166006541932441,-0.5539521135612258,0.037739518653705034,plate group
match,6.841336026290203,-0.4130672385268755,0.2363022440684804,0.0769950295499784,-0.8833310971619623,-0.024968553707261365,match
group match,5.218639878669379,-0.3589287520189391,0.19255385749626663,0.0909728489464656,-0.612584867421122,0.013204062423603568,group match
between,7.360238866440597,-0.4370551276982141,0.2556685388306767,0.06008736991333274,-0.9564404460135898,-0.04059906956266346,between
match between,4.713020399888916,-0.32576712980308964,0.1623527732057724,0.10752610222562363,-0.5106770354818885,0.03852584835279616,match between
between meghalaya,5.031318902612066,-0.3328460209124304,0.16597937334251553,0.11466631235465446,-0.5760302161400854,0.03819313811076872,between meghalaya
meghalaya and,4.553505384652352,-0.32276480342115715,0.16154322054494566,0.10215836699773514,-0.4762454096754931,0.03738982236375286,meghalaya and
and mizoram,4.596354832998102,-0.31224020185797857,0.14845374096555658,0.11804034327634377,-0.4856116208692361,0.05057628650969072,and mizoram
Thursday—Day,3.5532633761678616,-0.26313210992320735,0.11470719784115638,0.09869760442453795,-0.2282145012381623,0.06311621460849383,Thursday—Day
mizoram thursday—day,3.5532633761678616,-0.26313210992320735,0.11470719784115638,0.09869760442453795,-0.2282145012381623,0.06311621460849383,mizoram thursday—day
2—saw,3.7308227424160547,-0.2778561605189246,0.12726656627632757,0.09727953803983606,-0.2769768428270684,0.05584844960203252,2—saw
thursday—day 2—saw,3.7308227424160547,-0.2778561605189246,0.12726656627632757,0.09727953803983606,-0.2769768428270684,0.05584844960203252,thursday—day 2—saw
2—saw play,4.47637939554769,-0.2929745770971871,0.12727383157633923,0.13539548108129845,-0.45916260816428983,0.06889786392864863,2—saw play
play for,4.615842266495491,-0.31236305198299114,0.14826928019909338,0.11899792843041555,-0.48984241670546724,0.05098469027795478,play for
second,5.107555838975048,-0.35371965088721197,0.18820667701478366,0.0924403445513101,-0.5910690395109719,0.016695049736091462,second
for second,5.107555838975048,-0.35371965088721197,0.18820667701478366,0.0924403445513101,-0.5910690395109719,0.016695049736091462,for second
straight,4.468624754032702,-0.327242171158584,0.16827114786323186,0.09113175003669027,-0.4574287591178273,0.029599758531665972,straight
second straight,4.468624754032702,-0.327242171158584,0.16827114786323186,0.09113175003669027,-0.4574287591178273,0.029599758531665972,second straight
straight day,4.064830553712048,-0.2742937787524924,0.11273306295262932,0.13154373614583176,-0.3627201170473027,0.0760467443532123,straight day
rainfall,34.7334394846367,-0.5422895422692308,0.36347604436814573,-0.0146578259788029,-2.5080509559460635,-0.22123773372543773,rainfall
heavy rainfall,12.502537064022183,-0.49907862283136406,0.3055291666635274,0.041934761337160883,-1.486279647955414,-0.10504184243797651,heavy rainfall
rainfall the,4.980840547169981,-0.35338347166792045,0.1894266980659206,0.086858486066649,-0.565946720486351,0.014254551724741042,rainfall the
days,5.253782790922326,-0.3534480429923563,0.1862512408709859,0.09917541623548036,-0.6192964078695303,0.019915156777258435,days
the days,4.687572367430768,-0.3390748576155039,0.17788520716643008,0.08929520056298182,-0.5052628886826065,0.022797583410331876,the days
leading,4.421988892734044,-0.3245795402977884,0.16609808466841947,0.09152396143892888,-0.44693762973258866,0.03109991851358789,leading
days leading,4.421988892734044,-0.3245795402977884,0.16609808466841947,0.09152396143892888,-0.44693762973258866,0.03109991851358789,days leading
leading the,4.980840547169981,-0.35338347166792045,0.1894266980659206,0.086858486066649,-0.565946720486351,0.014254551724741042,leading the
the match,3.8767249992055577,-0.2890137186037141,0.13667245774653777,0.09608618281097528,-0.3153387839558328,0.05018568354299812,the match
left,3.8368137540414864,-0.2996177911693121,0.1510094530064726,0.07785864833951082,-0.3049903297335947,0.035384920102367684,left
match left,3.7640336183744667,-0.28046667379436624,0.12947553124957897,0.09700976571445663,-0.28583921235864884,0.05453603747731329,match left
left part+s,3.68439811699135,-0.27413369563856443,0.1241076488669579,0.09765449064487083,-0.2644552381757663,0.05770713474546492,left part+s
part+s the,7.1947055084259866,-0.3327979758125921,0.2304546838588973,0.03436876389882364,-0.9336934685905575,-0.06827928329255392,part+s the
Stadium,3.488047352175563,-0.2573759802131645,0.10974884259129587,0.09920585696035558,-0.20969014081300782,0.06589847209951151,Stadium
the stadium,3.488047352175563,-0.2573759802131645,0.10974884259129587,0.09920585696035558,-0.20969014081300782,0.06589847209951151,the stadium
ground,3.4362732166218937,-0.2519999059696917,0.10477001351708279,0.10054841618034079,-0.19473557597774732,0.06897724141076428,ground
stadium ground,3.4362732166218937,-0.2519999059696917,0.10477001351708279,0.10054841618034079,-0.19473557597774732,0.06897724141076428,stadium ground
wate…,3.4898704923550254,-0.25380893708182506,0.10487550738287808,0.10446959278209819,-0.21021268643809762,0.07042890797269438,wate…
ground wate…,3.4898704923550254,-0.25380893708182506,0.10487550738287808,0.10446959278209819,-0.21021268643809762,0.07042890797269438,ground wate…
Syllad,3.5442416435543085,-0.2559766876501155,0.10553519854534091,0.10771376250022058,-0.2256722733855917,0.07132179426657298,Syllad
wate… syllad,3.5442416435543085,-0.2559766876501155,0.10553519854534091,0.10771376250022058,-0.2256722733855917,0.07132179426657298,wate… syllad
syllad the,3.6445548336209934,-0.2604004257888172,0.10756288092766095,0.1124828065014512,-0.25358228642824954,0.07205102306297363,syllad the
Rising,3.6984102615989487,-0.26287858884871473,0.1089039262547183,0.11459785066010825,-0.2682511274129974,0.0721241224229649,Rising
the rising,3.6984102615989487,-0.26287858884871473,0.1089039262547183,0.11459785066010825,-0.2682511274129974,0.0721241224229649,the rising
MeghalayaOctober,3.8112783300781237,-0.26812469206167994,0.11201177095170152,0.11834448644726783,-0.29831271169002194,0.07182321344547321,MeghalayaOctober
rising meghalayaoctober,3.8112783300781237,-0.26812469206167994,0.11201177095170152,0.11834448644726783,-0.29831271169002194,0.07182321344547321,rising meghalayaoctober
meghalayaoctober 2025,4.441859573624385,-0.2950336711635172,0.1304630911801558,0.1306856723972327,-0.4514211707707013,0.06551936939970898,meghalayaoctober 2025
2025 persistent,4.830364269034389,-0.3088189898816737,0.14072977033950318,0.13477385181759582,-0.5352699419602451,0.060399834770689165,2025 persistent
ThursdayDay,3.1618367193740675,-0.21472603584580605,0.06616985372734772,0.11724040916100208,-0.11150115817236639,0.09438959956849087,ThursdayDay
mizoram thursdayday,3.1618367193740675,-0.21472603584580605,0.06616985372734772,0.11724040916100208,-0.11150115817236639,0.09438959956849087,mizoram thursdayday
2saw,3.106035655112804,-0.20960611716643793,0.06194564732790149,0.11629788032941306,-0.09369526321166259,0.09597657755790463,2saw
thursdayday 2saw,3.106035655112804,-0.20960611716643793,0.06194564732790149,0.11629788032941306,-0.09369526321166259,0.09597657755790463,thursdayday 2saw
2saw play,3.073104818077561,-0.20647942358495103,0.05934599432905786,0.11574197034890853,-0.08303645105130116,0.09694955195320314,2saw play
+376,2.999155396556904,-0.19915537009331605,0.053193930357309224,0.11450114795159169,-0.058678773668823285,0.09924382213320736,+376
second +376,2.999155396556904,-0.19915537009331605,0.053193930357309224,0.11450114795159169,-0.058678773668823285,0.09924382213320736,second +376
+376 char+s,2.983725669140647,-0.19757184799847463,0.05185183813438995,0.11424450805655355,-0.05352080330124914,0.09974312799436376,+376 char+s
Chance,3.970607990834512,0.10578289360880373,-0.06214898095746439,0.03498909246756376,-0.3392672883993406,-0.006441995970239609,Chance
flooding,8.398298479001355,0.4902337974515797,-0.35689881777173443,-0.3233832589868794,0.49056894594645045,-0.4072225312393933,flooding
chance flooding,4.495895277199746,0.2526322906824007,-0.13034018709821485,-0.041470739775794484,-0.4635128790023555,-0.08862878371586677,chance flooding
Status,4.404123622111529,0.037961865712574885,-0.015810198890732367,0.05947993783542639,-0.44288934800236285,0.0030696733662031574,Status
flooding status,4.404123622111529,0.037961865712574885,-0.015810198890732367,0.05947993783542639,-0.44288934800236285,0.0030696733662031574,flooding status
Orange,4.610485021615643,-0.02525614889626115,0.017546170013701064,0.08165016274153945,-0.4886811213569229,0.017751628053141594,Orange
status orange,4.610485021615643,-0.02525614889626115,0.017546170013701064,0.08165016274153945,-0.4886811213569229,0.017751628053141594,status orange
orange and,5.007629850954945,-0.08421986841962287,0.05055920046952158,0.09873301514214951,-0.5713107786356916,0.02435899809524275,orange and
Yellow,5.404507901011752,-0.12193593221032495,0.07269717195538172,0.10769120870866956,-0.647581460925117,0.02479976250664286,Yellow
and yellow,5.404507901011752,-0.12193593221032495,0.07269717195538172,0.10769120870866956,-0.647581460925117,0.02479976250664286,and yellow
yellow rain,7.206876864383805,-0.21923857967364882,0.13220570928159345,0.12332217765992455,-0.9353837493584047,0.012824208039631819,yellow rain
warnings,11.752922031871668,-0.23376843933121041,0.1720972927661013,0.10376445693547498,-1.4244499523570997,-0.04321214683966259,warnings
rain warnings,11.752922031871668,-0.23376843933121041,0.1720972927661013,0.10376445693547498,-1.4244499523570997,-0.04321214683966259,rain warnings
three,9.33419576929151,-0.05970007648435788,0.1018197930967404,0.052607414969852016,-1.1940326802108003,-0.07326075554150689,three
warnings three,4.535649576281928,-0.10523212617493417,0.047597216318873634,0.10979047451280276,-0.4723163686551312,0.04462417151527893,warnings three
counties,8.204495082571167,-0.1584319762694355,0.12268385048916666,0.09954109880963741,-1.0650302439953785,-0.01975560892643607,counties
three counties,8.204495082571167,-0.1584319762694355,0.12268385048916666,0.09954109880963741,-1.0650302439953785,-0.01975560892643607,three counties
take,4.295258656404884,0.14289023772662662,-0.07149816112794945,0.015443622919149866,-0.41785983542159255,-0.033039180959325155,take
counties take,3.9269477263396246,-0.07428147616795178,0.01815115101352954,0.10509293506062893,-0.3282105232801135,0.056610131182154105,counties take
affect,3.8252300966692987,-0.06937820658768801,0.012800293193946231,0.1043711878953555,-0.3019666805811909,0.05907620262726051,affect
take affect,3.8252300966692987,-0.06937820658768801,0.012800293193946231,0.1043711878953555,-0.3019666805811909,0.05907620262726051,take affect
affect from,3.707365207798226,-0.06388627862406891,0.006448810581761098,0.10358688400678934,-0.2706694968601151,0.062155795568986184,affect from
from this,3.6362969546943527,-0.06069293722525531,0.002541171896330571,0.10314727122454992,-0.251313902808397,0.06414017711531614,from this
this evening,3.5736520446027837,-0.05796272315395581,-0.0009518140132552728,0.10278405259527157,-0.23393611370383058,0.0659759689473559,this evening
evening this,3.5023554987887553,-0.05868433758753993,-0.004243082840813346,0.09797940635275187,-0.2137838009066041,0.08035048344622717,evening this
weekend,5.077821660238277,-0.12489518561911361,0.06645203004730747,0.10458249183679437,-0.5852304217066691,0.047833719214764835,weekend
this weekend,5.077821660238277,-0.12489518561911361,0.06645203004730747,0.10458249183679437,-0.5852304217066691,0.047833719214764835,this weekend
gloomy,5.187999596482565,-0.1472192180110118,0.07504320571576185,0.09696725212418308,-0.6066962477952152,0.07752386025038908,gloomy
weekend gloomy,5.187999596482565,-0.1472192180110118,0.07504320571576185,0.09696725212418308,-0.6066962477952152,0.07752386025038908,weekend gloomy
gloomy the,5.504456882651932,-0.17396640916549586,0.08958678844536758,0.09583789767704276,-0.665906165508736,0.08920692938886929,gloomy the
the weather,5.667438524504928,-0.18661201397353444,0.09628957818280855,0.09437473881156329,-0.695085315439108,0.09587189153943451,the weather
stakes,6.096721535155429,-0.2177010638029892,0.1120908898918117,0.08797602072658872,-0.7680992325663053,0.11607969925901658,stakes
weather stakes,6.096721535155429,-0.2177010638029892,0.1120908898918117,0.08797602072658872,-0.7680992325663053,0.11607969925901658,weather stakes
owing,6.676276411423446,-0.2572051956118638,0.13042628647980875,0.07374509908207101,-0.8589084678107639,0.15039186722066433,owing
stakes owing,6.676276411423446,-0.2572051956118638,0.13042628647980875,0.07374509908207101,-0.8589084678107639,0.15039186722066433,stakes owing
owing persistent,8.371027708411622,-0.3780743118793139,0.17438904923607165,-0.0058435276272465805,-1.0851247208404364,0.29611308467700065,owing persistent
sweeping,8.628809356517902,-0.2815594424006571,0.16519498474574767,0.13133181565878935,-1.1154545890561884,0.005452112848111427,sweeping
rain sweeping,8.628809356517902,-0.2815594424006571,0.16519498474574767,0.13133181565878935,-1.1154545890561884,0.005452112848111427,rain sweeping
across,10.91044789879323,-0.26388249258161767,0.19315490233568208,0.0851478746167647,-1.3500689120905212,-0.05508504173700379,across
sweeping across,6.8992760510428255,-0.2350749477975485,0.13349581552886083,0.12974677980110016,-0.8917645450800075,0.022432870762288042,sweeping across
across the,7.010375071210066,0.0016780689171316033,0.04594737733589758,0.03170500110827167,-0.9077392639006533,-0.005828972093199978,across the
country,6.483167703099319,-0.04293206311574522,0.053874401148515334,0.04624184600118731,-0.8295572931102343,0.03986833698001403,country
the country,6.483167703099319,-0.04293206311574522,0.053874401148515334,0.04624184600118731,-0.8295572931102343,0.03986833698001403,the country
country though,5.537390509943783,-0.18240552153889739,0.09632601716531886,0.12502470507149974,-0.6718714218251448,0.03810738274711873,country though
showers,7.1109316771607505,-0.2491072821364977,0.14000253007644906,0.12917677346651832,-0.9219813319258454,0.028068858455340143,showers
though showers,5.285733923277737,-0.17058986784205,0.0876516651254279,0.12360740722814802,-0.6253595379167344,0.04133328532184026,though showers
heaviest,5.379961259817045,-0.1791633835771307,0.09235976175864619,0.1253601022357064,-0.643029232490284,0.04119087555532026,heaviest
showers heaviest,5.379961259817045,-0.1791633835771307,0.09235976175864619,0.1253601022357064,-0.643029232490284,0.04119087555532026,showers heaviest
heaviest three,6.341668497829044,-0.1659773156301536,0.1035953208567023,0.11398656085963589,-0.8074899629505818,0.015496471864000605,heaviest three
subject,7.281264380507044,-0.25907078609784,0.14532430860166176,0.1336286083238895,-0.9456525848893004,0.021390598308223787,subject
counties subject,7.281264380507044,-0.25907078609784,0.14532430860166176,0.1336286083238895,-0.9456525848893004,0.021390598308223787,counties subject
subject rain,11.566698191574067,-0.2916103255665009,0.18806906222587685,0.1197362263952505,-1.4084781828973243,-0.02724037737988695,subject rain
warnings issued,6.870872901153637,-0.24963487250023725,0.13762114347832055,0.1338721077505599,-0.8876392171305477,0.026558198711747742,warnings issued
Met,6.013782696689619,-0.21942173065067988,0.11635230998249621,0.1318413123697557,-0.7544020101252681,0.03655519685327433,Met
issued met,6.013782696689619,-0.21942173065067988,0.11635230998249621,0.1318413123697557,-0.7544020101252681,0.03655519685327433,issued met
Éireann,4.000423823815891,-0.16090977530757555,0.05302485638543297,0.13222877906402933,-0.3467483705809453,0.07846634094619068,Éireann
met éireann,4.000423823815891,-0.16090977530757555,0.05302485638543297,0.13222877906402933,-0.3467483705809453,0.07846634094619068,met éireann
Éirean…,3.9781205687700854,-0.17887172096077392,0.05861567898246116,0.13781960166105764,-0.34115754798391706,0.0840571635432189,Éirean…
met éirean…,3.9781205687700854,-0.17887172096077392,0.05861567898246116,0.13781960166105764,-0.34115754798391706,0.0840571635432189,met éirean…
+2311,3.7675648624386247,-0.16355240321715103,0.04639576510627718,0.13526521242869743,-0.2867769267978635,0.08810716848862517,+2311
éirean… +2311,3.7675648624386247,-0.16355240321715103,0.04639576510627718,0.13526521242869743,-0.2867769267978635,0.08810716848862517,éirean… +2311
+2311 char+s,3.6610735263971033,-0.15526548407910346,0.039703036747408306,0.1337748477476968,-0.2581044767486308,0.09021150532879521,+2311 char+s
'It,2.0543313834155397,-0.07254752246819371,-0.04900369005811456,0.062111760486812405,0.3197015067414661,0.1176291566035884,'It
really,2.0543313834155397,-0.07254752246819371,-0.04900369005811456,0.062111760486812405,0.3197015067414661,0.1176291566035884,really
'it really,2.0543313834155397,-0.07254752246819371,-0.04900369005811456,0.062111760486812405,0.3197015067414661,0.1176291566035884,'it really
extraordinary,2.0543313834155397,-0.07254752246819371,-0.04900369005811456,0.062111760486812405,0.3197015067414661,0.1176291566035884,extraordinary
really extraordinary,2.0543313834155397,-0.07254752246819371,-0.04900369005811456,0.062111760486812405,0.3197015067414661,0.1176291566035884,really extraordinary
extraordinary story,2.0543313834155397,-0.07254752246819371,-0.04900369005811456,0.062111760486812405,0.3197015067414661,0.1176291566035884,extraordinary story
historian,2.0543313834155397,-0.07254752246819371,-0.04900369005811456,0.062111760486812405,0.3197015067414661,0.1176291566035884,historian
story historian,2.0543313834155397,-0.07254752246819371,-0.04900369005811456,0.062111760486812405,0.3197015067414661,0.1176291566035884,story historian
Steven,2.0543313834155397,-0.07254752246819371,-0.04900369005811456,0.062111760486812405,0.3197015067414661,0.1176291566035884,Steven
historian steven,2.0543313834155397,-0.07254752246819371,-0.04900369005811456,0.062111760486812405,0.3197015067414661,0.1176291566035884,historian steven
Tuck,2.0543313834155397,-0.07254752246819371,-0.04900369005811456,0.062111760486812405,0.3197015067414661,0.1176291566035884,Tuck
steven tuck,2.0543313834155397,-0.07254752246819371,-0.04900369005811456,0.062111760486812405,0.3197015067414661,0.1176291566035884,steven tuck
tuck says,2.0543313834155397,-0.07254752246819371,-0.04900369005811456,0.062111760486812405,0.3197015067414661,0.1176291566035884,tuck says
says the,2.0543313834155397,-0.07254752246819371,-0.04900369005811456,0.062111760486812405,0.3197015067414661,0.1176291566035884,says the
Romans,2.0543313834155397,-0.07254752246819371,-0.04900369005811456,0.062111760486812405,0.3197015067414661,0.1176291566035884,Romans
the roman+s,2.0543313834155397,-0.07254752246819371,-0.04900369005811456,0.062111760486812405,0.3197015067414661,0.1176291566035884,the roman+s
tracked,2.0543313834155397,-0.07254752246819371,-0.04900369005811456,0.062111760486812405,0.3197015067414661,0.1176291566035884,tracked
roman+s tracked,2.0543313834155397,-0.07254752246819371,-0.04900369005811456,0.062111760486812405,0.3197015067414661,0.1176291566035884,roman+s tracked
who,2.136945347869699,-0.1119744901092916,0.009817948611732795,0.022684792845714574,0.2802745391003682,0.0782021889624906,who
tracked who,2.0543313834155397,-0.07254752246819371,-0.04900369005811456,0.062111760486812405,0.3197015067414661,0.1176291566035884,tracked who
survived,2.0543313834155397,-0.07254752246819371,-0.04900369005811456,0.062111760486812405,0.3197015067414661,0.1176291566035884,survived
who survived,2.0543313834155397,-0.07254752246819371,-0.04900369005811456,0.062111760486812405,0.3197015067414661,0.1176291566035884,who survived
survived the,2.0543313834155397,-0.07254752246819371,-0.04900369005811456,0.062111760486812405,0.3197015067414661,0.1176291566035884,survived the
eruption,2.136945347869699,-0.1119744901092916,0.009817948611732795,0.022684792845714574,0.2802745391003682,0.0782021889624906,eruption
the eruption,2.0543313834155397,-0.07254752246819371,-0.04900369005811456,0.062111760486812405,0.3197015067414661,0.1176291566035884,the eruption
Mount,2.136945347869699,-0.1119744901092916,0.009817948611732795,0.022684792845714574,0.2802745391003682,0.0782021889624906,Mount
eruption mount,2.136945347869699,-0.1119744901092916,0.009817948611732795,0.022684792845714574,0.2802745391003682,0.0782021889624906,eruption mount
Vesuvius,2.136945347869699,-0.1119744901092916,0.009817948611732795,0.022684792845714574,0.2802745391003682,0.0782021889624906,Vesuvius
mount vesuviu+s,2.136945347869699,-0.1119744901092916,0.009817948611732795,0.022684792845714574,0.2802745391003682,0.0782021889624906,mount vesuviu+s
vesuviu+s have,2.0543313834155397,-0.07254752246819371,-0.04900369005811456,0.062111760486812405,0.3197015067414661,0.1176291566035884,vesuviu+s have
found,2.4969632732510423,0.2450393875000726,-0.14587995244851767,-0.13301310821453602,0.12457663804011779,-0.0774957120977599,found
have found,2.0543313834155397,-0.07254752246819371,-0.04900369005811456,0.062111760486812405,0.3197015067414661,0.1176291566035884,have found
two,2.0543313834155397,-0.07254752246819371,-0.04900369005811456,0.062111760486812405,0.3197015067414661,0.1176291566035884,two
found two,2.0543313834155397,-0.07254752246819371,-0.04900369005811456,0.062111760486812405,0.3197015067414661,0.1176291566035884,found two
two three,2.0543313834155397,-0.07254752246819371,-0.04900369005811456,0.062111760486812405,0.3197015067414661,0.1176291566035884,two three
rich,2.0543313834155397,-0.07254752246819371,-0.04900369005811456,0.062111760486812405,0.3197015067414661,0.1176291566035884,rich
three rich,2.0543313834155397,-0.07254752246819371,-0.04900369005811456,0.062111760486812405,0.3197015067414661,0.1176291566035884,three rich
guys,2.0543313834155397,-0.07254752246819371,-0.04900369005811456,0.062111760486812405,0.3197015067414661,0.1176291566035884,guys
rich guys,2.0543313834155397,-0.07254752246819371,-0.04900369005811456,0.062111760486812405,0.3197015067414661,0.1176291566035884,rich guys
guys but,2.0543313834155397,-0.07254752246819371,-0.04900369005811456,0.062111760486812405,0.3197015067414661,0.1176291566035884,guys but
but found,2.0543313834155397,-0.07254752246819371,-0.04900369005811456,0.062111760486812405,0.3197015067414661,0.1176291566035884,but found
couple,2.0543313834155397,-0.07254752246819371,-0.04900369005811456,0.062111760486812405,0.3197015067414661,0.1176291566035884,couple
found couple,2.0543313834155397,-0.07254752246819371,-0.04900369005811456,0.062111760486812405,0.3197015067414661,0.1176291566035884,found couple
hundred,2.0543313834155397,-0.07254752246819371,-0.04900369005811456,0.062111760486812405,0.3197015067414661,0.1176291566035884,hundred
couple hundred,2.0543313834155397,-0.07254752246819371,-0.04900369005811456,0.062111760486812405,0.3197015067414661,0.1176291566035884,couple hundred
middle,2.0543313834155397,-0.07254752246819371,-0.04900369005811456,0.062111760486812405,0.3197015067414661,0.1176291566035884,middle
hundred middle,2.0543313834155397,-0.07254752246819371,-0.04900369005811456,0.062111760486812405,0.3197015067414661,0.1176291566035884,hundred middle
class,2.0543313834155397,-0.07254752246819371,-0.04900369005811456,0.062111760486812405,0.3197015067414661,0.1176291566035884,class
middle class,2.0543313834155397,-0.07254752246819371,-0.04900369005811456,0.062111760486812405,0.3197015067414661,0.1176291566035884,middle class
class and,2.0543313834155397,-0.07254752246819371,-0.04900369005811456,0.062111760486812405,0.3197015067414661,0.1176291566035884,class and
and even,2.0543313834155397,-0.07254752246819371,-0.04900369005811456,0.062111760486812405,0.3197015067414661,0.1176291566035884,and even
even some,2.0543313834155397,-0.07254752246819371,-0.04900369005811456,0.062111760486812405,0.3197015067414661,0.1176291566035884,even some
desperately,2.0543313834155397,-0.07254752246819371,-0.04900369005811456,0.062111760486812405,0.3197015067414661,0.1176291566035884,desperately
some desperately,2.0543313834155397,-0.07254752246819371,-0.04900369005811456,0.062111760486812405,0.3197015067414661,0.1176291566035884,some desperately
poor,2.0543313834155397,-0.07254752246819371,-0.04900369005811456,0.062111760486812405,0.3197015067414661,0.1176291566035884,poor
desperately poor,2.0543313834155397,-0.07254752246819371,-0.04900369005811456,0.062111760486812405,0.3197015067414661,0.1176291566035884,desperately poor
people,2.8317586492408413,-0.17989161548347682,0.035871863059475526,0.11330326828300691,-0.0012460085941363684,0.10638879385805881,people
poor people,2.0543313834155397,-0.07254752246819371,-0.04900369005811456,0.062111760486812405,0.3197015067414661,0.1176291566035884,poor people
people who,2.0543313834155397,-0.07254752246819371,-0.04900369005811456,0.062111760486812405,0.3197015067414661,0.1176291566035884,people who
made,5.187048591491197,-0.18937186721199387,0.15275416057295413,0.026420231980944998,-0.6065129223827831,-0.04412249255633146,made
who made,2.0543313834155397,-0.07254752246819371,-0.04900369005811456,0.062111760486812405,0.3197015067414661,0.1176291566035884,who made
out,2.0543313834155397,-0.07254752246819371,-0.04900369005811456,0.062111760486812405,0.3197015067414661,0.1176291566035884,out
made out,2.0543313834155397,-0.07254752246819371,-0.04900369005811456,0.062111760486812405,0.3197015067414661,0.1176291566035884,made out
out and,2.0543313834155397,-0.07254752246819371,-0.04900369005811456,0.062111760486812405,0.3197015067414661,0.1176291566035884,out and
and left,2.0543313834155397,-0.07254752246819371,-0.04900369005811456,0.062111760486812405,0.3197015067414661,0.1176291566035884,and left
records,2.0543313834155397,-0.07254752246819371,-0.04900369005811456,0.062111760486812405,0.3197015067414661,0.1176291566035884,records
left record+s,2.0543313834155397,-0.07254752246819371,-0.04900369005811456,0.062111760486812405,0.3197015067414661,0.1176291566035884,left record+s
And,2.0543313834155397,-0.07254752246819371,-0.04900369005811456,0.062111760486812405,0.3197015067414661,0.1176291566035884,And
and that,2.0543313834155397,-0.07254752246819371,-0.04900369005811456,0.062111760486812405,0.3197015067414661,0.1176291566035884,and that
shocked,2.0543313834155397,-0.07254752246819371,-0.04900369005811456,0.062111760486812405,0.3197015067414661,0.1176291566035884,shocked
that shocked,2.0543313834155397,-0.07254752246819371,-0.04900369005811456,0.062111760486812405,0.3197015067414661,0.1176291566035884,that shocked
eerie,2.0543313834155397,-0.07254752246819371,-0.04900369005811456,0.062111760486812405,0.3197015067414661,0.1176291566035884,eerie
the eerie,2.0543313834155397,-0.07254752246819371,-0.04900369005811456,0.062111760486812405,0.3197015067414661,0.1176291566035884,the eerie
casts,2.0543313834155397,-0.07254752246819371,-0.04900369005811456,0.062111760486812405,0.3197015067414661,0.1176291566035884,casts
eerie casts,2.0543313834155397,-0.07254752246819371,-0.04900369005811456,0.062111760486812405,0.3197015067414661,0.1176291566035884,eerie casts
casts the,2.0543313834155397,-0.07254752246819371,-0.04900369005811456,0.062111760486812405,0.3197015067414661,0.1176291566035884,casts the
victims,4.477044924662637,-0.29168757705842874,0.23646866841363418,-0.07200430300219827,-0.4593112728745438,-0.11501672151985094,victims
the victims,2.0543313834155397,-0.07254752246819371,-0.04900369005811456,0.062111760486812405,0.3197015067414661,0.1176291566035884,the victims
victims the,2.0543313834155397,-0.07254752246819371,-0.04900369005811456,0.062111760486812405,0.3197015067414661,0.1176291566035884,victims the
A.D.,2.0543313834155397,-0.07254752246819371,-0.04900369005811456,0.062111760486812405,0.3197015067414661,0.1176291566035884,A.D.
the a.d.,2.0543313834155397,-0.07254752246819371,-0.04900369005811456,0.062111760486812405,0.3197015067414661,0.1176291566035884,the a.d.
a.d. eruption,2.0543313834155397,-0.07254752246819371,-0.04900369005811456,0.062111760486812405,0.3197015067414661,0.1176291566035884,a.d. eruption
paint,2.0543313834155397,-0.07254752246819371,-0.04900369005811456,0.062111760486812405,0.3197015067414661,0.1176291566035884,paint
vesuviu+s paint,2.0543313834155397,-0.07254752246819371,-0.04900369005811456,0.062111760486812405,0.3197015067414661,0.1176291566035884,vesuviu+s paint
desolate,2.0543313834155397,-0.07254752246819371,-0.04900369005811456,0.062111760486812405,0.3197015067414661,0.1176291566035884,desolate
paint desolat+e,2.0543313834155397,-0.07254752246819371,-0.04900369005811456,0.062111760486812405,0.3197015067414661,0.1176291566035884,paint desolat+e
picture,2.0543313834155397,-0.07254752246819371,-0.04900369005811456,0.062111760486812405,0.3197015067414661,0.1176291566035884,picture
desolat+e picture,2.0543313834155397,-0.07254752246819371,-0.04900369005811456,0.062111760486812405,0.3197015067414661,0.1176291566035884,desolat+e picture
picture the,2.0543313834155397,-0.07254752246819371,-0.04900369005811456,0.062111760486812405,0.3197015067414661,0.1176291566035884,picture the
destruction,2.0543313834155397,-0.07254752246819371,-0.04900369005811456,0.062111760486812405,0.3197015067414661,0.1176291566035884,destruction
the destruction,2.0543313834155397,-0.07254752246819371,-0.04900369005811456,0.062111760486812405,0.3197015067414661,0.1176291566035884,the destruction
destruction the,2.0543313834155397,-0.07254752246819371,-0.04900369005811456,0.062111760486812405,0.3197015067414661,0.1176291566035884,destruction the
volcano,2.0543313834155397,-0.07254752246819371,-0.04900369005811456,0.062111760486812405,0.3197015067414661,0.1176291566035884,volcano
the volcano,2.0543313834155397,-0.07254752246819371,-0.04900369005811456,0.062111760486812405,0.3197015067414661,0.1176291566035884,the volcano
wrought,2.0543313834155397,-0.07254752246819371,-0.04900369005811456,0.062111760486812405,0.3197015067414661,0.1176291566035884,wrought
volcano wrought,2.0543313834155397,-0.07254752246819371,-0.04900369005811456,0.062111760486812405,0.3197015067414661,0.1176291566035884,volcano wrought
ancient,2.0543313834155397,-0.07254752246819371,-0.04900369005811456,0.062111760486812405,0.3197015067414661,0.1176291566035884,ancient
wrought ancient,2.0543313834155397,-0.07254752246819371,-0.04900369005811456,0.062111760486812405,0.3197015067414661,0.1176291566035884,wrought ancient
cities,4.3113077216896745,0.2535895110785759,-0.07861977726549721,-0.13249612920747636,-0.4215893329196984,-0.1632724410053674,cities
ancient city+es,2.0543313834155397,-0.07254752246819371,-0.04900369005811456,0.062111760486812405,0.3197015067414661,0.1176291566035884,ancient city+es
near,2.0543313834155397,-0.07254752246819371,-0.04900369005811456,0.062111760486812405,0.3197015067414661,0.1176291566035884,near
city+es near,2.0543313834155397,-0.07254752246819371,-0.04900369005811456,0.062111760486812405,0.3197015067414661,0.1176291566035884,city+es near
modern,2.0543313834155397,-0.07254752246819371,-0.04900369005811456,0.062111760486812405,0.3197015067414661,0.1176291566035884,modern
near modern,2.0543313834155397,-0.07254752246819371,-0.04900369005811456,0.062111760486812405,0.3197015067414661,0.1176291566035884,near modern
Naples,2.0543313834155397,-0.07254752246819371,-0.04900369005811456,0.062111760486812405,0.3197015067414661,0.1176291566035884,Naples
modern naple+s,2.0543313834155397,-0.07254752246819371,-0.04900369005811456,0.062111760486812405,0.3197015067414661,0.1176291566035884,modern naple+s
Pompeii,2.0543313834155397,-0.07254752246819371,-0.04900369005811456,0.062111760486812405,0.3197015067414661,0.1176291566035884,Pompeii
became,2.0543313834155397,-0.07254752246819371,-0.04900369005811456,0.062111760486812405,0.3197015067414661,0.1176291566035884,became
pompeii became,2.0543313834155397,-0.07254752246819371,-0.04900369005811456,0.062111760486812405,0.3197015067414661,0.1176291566035884,pompeii became
"2,000-y…",2.0543313834155397,-0.07254752246819371,-0.04900369005811456,0.062111760486812405,0.3197015067414661,0.1176291566035884,"2,000-y…"
"became 2,000-y…",2.0543313834155397,-0.07254752246819371,-0.04900369005811456,0.062111760486812405,0.3197015067414661,0.1176291566035884,"became 2,000-y…"
+15392,2.0543313834155397,-0.07254752246819371,-0.04900369005811456,0.062111760486812405,0.3197015067414661,0.1176291566035884,+15392
"2,000-y… +15392",2.0543313834155397,-0.07254752246819371,-0.04900369005811456,0.062111760486812405,0.3197015067414661,0.1176291566035884,"2,000-y… +15392"
+15392 char+s,2.0543313834155397,-0.07254752246819371,-0.04900369005811456,0.062111760486812405,0.3197015067414661,0.1176291566035884,+15392 char+s
Long-term,3.68439811699135,-0.27413369563856443,0.1241076488669579,0.09765449064487083,-0.2644552381757663,0.05770713474546492,Long-term
data-driven,3.8564083883292577,-0.287507233326257,0.1354077967779611,0.09625352837985511,-0.3100843400966918,0.050958543111759846,data-driven
long-term data-driven,3.8564083883292577,-0.287507233326257,0.1354077967779611,0.09625352837985511,-0.3100843400966918,0.050958543111759846,long-term data-driven
evidence,4.157360022729934,-0.3084108513173903,0.1528178795087218,0.09374882762258242,-0.38522832202239204,0.03998638950474367,evidence
data-driven evidence,4.157360022729934,-0.3084108513173903,0.1528178795087218,0.09374882762258242,-0.38522832202239204,0.03998638950474367,data-driven evidence
reveals,4.518156749766229,-0.3300134930872354,0.17052902341877704,0.09071545506912451,-0.4684521710673595,0.02802673010215662,reveals
evidence reveals,4.518156749766229,-0.3300134930872354,0.17052902341877704,0.09071545506912451,-0.4684521710673595,0.02802673010215662,evidence reveals
escalating,5.071216202846415,-0.3574777780956267,0.19271428402156454,0.08611506360364286,-0.5839287301741981,0.01174104655673615,escalating
reveals escalating,5.071216202846415,-0.3574777780956267,0.19271428402156454,0.08611506360364286,-0.5839287301741981,0.01174104655673615,reveals escalating
escalating rainfall,7.622092072923998,-0.4347964518814097,0.2541255687435758,0.06730698562928734,-0.9913989413890419,-0.04319098399100524,escalating rainfall
extremes,5.281067932247331,-0.3664739449189641,0.1999175210345029,0.08440526729311665,-0.6244763962817405,0.0061027241493366935,extremes
rainfall extrem+es,5.281067932247331,-0.3664739449189641,0.1999175210345029,0.08440526729311665,-0.6244763962817405,0.0061027241493366935,rainfall extrem+es
extrem+es across,4.570902361361726,-0.3329024308522431,0.1728786138914213,0.09027258631164055,-0.48005869778682203,0.02637405162324259,extrem+es across
urbanizing,4.259405147950494,-0.3148691403334943,0.15814046092899012,0.09289171281793417,-0.4094775730198551,0.036481448348710865,urbanizing
across urbanizing,4.259405147950494,-0.3148691403334943,0.15814046092899012,0.09289171281793417,-0.4094775730198551,0.036481448348710865,across urbanizing
Himalayan,3.942021501433658,-0.29375725690444177,0.14064410053455492,0.09554623234363381,-0.3320417222835798,0.04773462856549825,Himalayan
urbanizing himalayan,3.942021501433658,-0.29375725690444177,0.14064410053455492,0.09554623234363381,-0.3320417222835798,0.04773462856549825,urbanizing himalayan
foothills,3.7471873780468066,-0.2791478699415676,0.12836023172313676,0.0971467606293585,-0.2813535851663717,0.05519998642736686,foothills
himalayan foothills,3.7471873780468066,-0.2791478699415676,0.12836023172313676,0.0971467606293585,-0.2813535851663717,0.05519998642736686,himalayan foothills
For,4.284810469039408,-0.31643209470778333,0.15942487133603434,0.09267806803351991,-0.4154243789288476,0.03562448670056652,For
foothills for,3.6018958984212133,-0.2672987982264996,0.11827904710054796,0.09831378655605513,-0.2418084044070582,0.0610820478616239,foothills for
years,4.995910538845241,0.15014181483343916,-0.0087966032183052,-0.07249727757734893,-0.5689677446668275,-0.12824333646320146,years
for year+s,4.2334291300487426,-0.31325287654442713,0.15681074864273195,0.09311007428368824,-0.4033603928057904,0.037364015397835716,for year+s
believed,4.121986848766909,-0.30610220873546606,0.15090907739051307,0.09404536907073602,-0.3766833510851138,0.04122553680277115,believed
year+s believed,4.121986848766909,-0.30610220873546606,0.15090907739051307,0.09404536907073602,-0.3766833510851138,0.04122553680277115,year+s believed
believed the,4.037688011536335,-0.3004478275663459,0.14621978900927035,0.09475030552876014,-0.3560203129094036,0.0442309083769869,believed the
Himalayas,4.004031050137944,-0.29812807293569854,0.1442899763507053,0.09503089302028855,-0.3476496753226297,0.0454520291874276,Himalayas
the himalayas,4.004031050137944,-0.29812807293569854,0.1442899763507053,0.09503089302028855,-0.3476496753226297,0.0454520291874276,the himalayas
were,4.612332554666934,-0.06116882178719664,0.05424856287612288,-0.06490319335629657,-0.4890817653164772,0.1611875135354949,were
himalayas were,3.9281530298159817,-0.2927620849636532,0.13981216763102097,0.09566116439602478,-0.3285174075641558,0.048251079745483705,himalayas were
climatic,3.8809086989798507,-0.28932211428988286,0.1369311497141947,0.09605168114968088,-0.3164173861024837,0.050027142620949094,climatic
were climatic,3.8809086989798507,-0.28932211428988286,0.1369311497141947,0.09605168114968088,-0.3164173861024837,0.050027142620949094,were climatic
sanctuary—untouched,3.1811377552227893,-0.2273828030120582,0.08342789686644882,0.10146512102102052,-0.11758697658368801,0.07991750032701014,sanctuary—untouched
climatic sanctuary—untouched,3.1811377552227893,-0.2273828030120582,0.08342789686644882,0.10146512102102052,-0.11758697658368801,0.07991750032701014,climatic sanctuary—untouched
pristine,3.7180997426179667,-0.27684459039924997,0.12640919847189097,0.09738255562498907,-0.273560775014239,0.05635501319086971,pristine
sanctuary—untouched pristine,3.087101183836237,-0.21710367746414577,0.07420471472529712,0.10209868917887736,-0.087580581503662,0.08455557087495645,sanctuary—untouched pristine
pristine and,3.673767328125314,-0.27326898954453266,0.12337230701170263,0.09773997160698829,-0.26156571460035705,0.058136786240390724,pristine and
resilient,3.6571282251021717,-0.2719061977499633,0.12221219885777256,0.09787346432180773,-0.2570262605935921,0.05881233191087856,resilient
and resilient,3.6571282251021717,-0.2719061977499633,0.12221219885777256,0.09787346432180773,-0.2570262605935921,0.05881233191087856,and resilient
resilient the,4.037688011536335,-0.3004478275663459,0.14621978900927035,0.09475030552876014,-0.3560203129094036,0.0442309083769869,resilient the
turbulence,3.5923434339924016,-0.2664886237049846,0.11758565496320729,0.09838947752733013,-0.23915281578921588,0.061478927885805675,turbulence
the turbulence,3.5923434339924016,-0.2664886237049846,0.11758565496320729,0.09838947752733013,-0.23915281578921588,0.061478927885805675,the turbulence
modernization,3.5457210088362308,-0.26260086188104703,0.11430856755044169,0.09858173013578363,-0.22608958596562134,0.06328170550353934,modernization
turbulence modernization,3.5457210088362308,-0.26260086188104703,0.11430856755044169,0.09858173013578363,-0.22608958596562134,0.06328170550353934,turbulence modernization
But,3.5013625704591353,-0.25895192452991234,0.11129087799097777,0.09855869475701763,-0.21350025770099398,0.06485011808960303,But
what,3.490276682633287,-0.25802853123794794,0.1105270558420454,0.09854762964577632,-0.21032907088345013,0.0652426950455127,what
but what,3.490276682633287,-0.25802853123794794,0.1105270558420454,0.09854762964577632,-0.21032907088345013,0.0652426950455127,but what
happens,3.476818737146821,-0.2569012929348898,0.1095945230428046,0.09853125111688671,-0.20646577881869616,0.06571957406624529,happens
what happen+s,3.476818737146821,-0.2569012929348898,0.1095945230428046,0.09853125111688671,-0.20646577881869616,0.06571957406624529,what happen+s
when,4.179628317896835,-0.29283922330191436,0.1333251725787651,0.11588400602691226,-0.3905703825397026,0.059015128179323674,when
happen+s when,3.4561512969048476,-0.25515665674893945,0.10815103635628237,0.09849967617878735,-0.2005036871431933,0.06645253276103744,happen+s when
mountain,3.4437399756975022,-0.2541009896275914,0.10727747650928969,0.09847689613657,-0.19690614216662947,0.06689303109860699,mountain
when mountain,3.4437399756975022,-0.2541009896275914,0.10727747650928969,0.09847689613657,-0.19690614216662947,0.06689303109860699,when mountain
mountain city+es,3.422305696054942,-0.25226357973509966,0.10575681924935541,0.09843064054200189,-0.19066256317022023,0.06765432874411093,mountain city+es
begin,3.4063835271881002,-0.25088682497819614,0.10461722992547513,0.09839048459113625,-0.18599923842348756,0.06822027985051804,begin
city+es begin,3.4063835271881002,-0.25088682497819614,0.10461722992547513,0.09839048459113625,-0.18599923842348756,0.06822027985051804,city+es begin
mimic,3.3867977193463012,-0.24917920786642184,0.10320356419414828,0.09833414186185109,-0.1802329085109196,0.06891692315078679,mimic
begin mimic,3.3867977193463012,-0.24917920786642184,0.10320356419414828,0.09833414186185109,-0.1802329085109196,0.06891692315078679,begin mimic
mimic the,3.374255930700636,-0.2480774732988571,0.10229135872627058,0.09829395352996524,-0.1765228941609456,0.06936327405722008,mimic the
dynamics,3.3661104760028318,-0.24735844283103522,0.10169596800001929,0.0982661044285099,-0.1741059755035743,0.06965326427248016,dynamics
the dynamics,3.3661104760028318,-0.24735844283103522,0.10169596800001929,0.0982661044285099,-0.1741059755035743,0.06965326427248016,the dynamics
megacities,2.7796764071708067,-0.1791287705392043,0.03911612788122706,0.10387729558340796,0.01731742025074826,0.1010715777883655,megacities
dynamics megacities,2.7796764071708067,-0.1791287705392043,0.03911612788122706,0.10387729558340796,0.01731742025074826,0.1010715777883655,dynamics megacities
megacities the,2.804414974158949,-0.18246161209212983,0.042263940219826615,0.10375470223256374,0.008456989020331138,0.09965729951469983,megacities the
plains,2.7543553461209096,-0.17566192333779543,0.03582697191704099,0.10399830332138188,0.026468519804497083,0.1025361732308912,plains
the plains,2.7543553461209096,-0.17566192333779543,0.03582697191704099,0.10399830332138188,0.026468519804497083,0.1025361732308912,the plains
sanctuaryuntouched,2.683656277921261,-0.1656730437924673,0.026263838790662204,0.10431049756349821,0.052471793338997846,0.10672009130686141,sanctuaryuntouched
climatic sanctuaryuntouched,2.683656277921261,-0.1656730437924673,0.026263838790662204,0.10431049756349821,0.052471793338997846,0.10672009130686141,climatic sanctuaryuntouched
sanctuaryuntouched pristine,2.664385552256867,-0.16286842211369074,0.023555222223699553,0.10438859138598165,0.05967847185060774,0.1078855733512011,sanctuaryuntouched pristine
+8362,2.5770952255924455,-0.15149807989500236,0.013758810625525409,0.10172126227022585,0.09298905778053623,0.11079524518395681,+8362
dynamics +8362,2.5770952255924455,-0.15149807989500236,0.013758810625525409,0.10172126227022585,0.09298905778053623,0.11079524518395681,dynamics +8362
+8362 char+s,2.574019840069519,-0.1511223389680472,0.013465144936956934,0.10155853970323403,0.09418312386103707,0.11084579345321739,+8362 char+s
Fertiliser,4.001564290247887,0.05952381139428687,-0.038069997929850295,0.0543554438261093,-0.3470334163529363,0.009651400905129347,Fertiliser
imports,9.230687893686374,0.4141504079534762,-0.17053704504556932,-0.17270787032586707,-1.1828816328843959,-0.27904111588206965,imports
fertiliser import+s,5.856226189058857,0.35959677731859907,-0.17278608522620084,-0.1154691717397652,-0.7278534602139106,-0.18385661506933057,fertiliser import+s
spurt,4.484637195267807,0.014769157620660807,-0.0030799619413349544,0.06782276303450467,-0.4610056584418916,0.008461676036620347,spurt
import+s spurt,4.484637195267807,0.014769157620660807,-0.0030799619413349544,0.06782276303450467,-0.4610056584418916,0.008461676036620347,import+s spurt
Sept,4.9448319627706905,-0.023378447398929067,0.024652904126471593,0.07808005792466903,-0.5586910423778211,0.007137494523613228,Sept
spurt sept,4.9448319627706905,-0.023378447398929067,0.024652904126471593,0.07808005792466903,-0.5586910423778211,0.007137494523613228,spurt sept
good,5.813791874254316,-0.08331020305378768,0.06550812774949506,0.0918765441716078,-0.7205810632740826,0.0034754358309867714,good
sept good,5.813791874254316,-0.08331020305378768,0.06550812774949506,0.0918765441716078,-0.7205810632740826,0.0034754358309867714,sept good
rains,7.338760526304409,-0.15949216443163286,0.11407143677906408,0.10518790515739504,-0.9535180218609344,-0.0053100644628975855,rains
good rains,7.338760526304409,-0.15949216443163286,0.11407143677906408,0.10518790515739504,-0.9535180218609344,-0.0053100644628975855,good rains
raise,5.6602523750927345,-0.06948667143341304,0.057515592046494736,0.08842092619918056,-0.6938165395800375,0.0029118201166481615,raise
rains raise,5.6602523750927345,-0.06948667143341304,0.057515592046494736,0.08842092619918056,-0.6938165395800375,0.0029118201166481615,rains raise
hopes,5.0331403879847,-0.02084589141068282,0.025525150031630174,0.07641302652793514,-0.576392180025065,0.003809092186027203,hopes
raise hopes,5.0331403879847,-0.02084589141068282,0.025525150031630174,0.07641302652793514,-0.576392180025065,0.003809092186027203,raise hopes
strong,4.551355993264561,0.026526690202397687,-0.006627356638728919,0.0626883229902226,-0.47577326818129495,0.0022642800648816942,strong
hopes strong,4.551355993264561,0.026526690202397687,-0.006627356638728919,0.0626883229902226,-0.47577326818129495,0.0022642800648816942,hopes strong
rabi,7.8516624956993315,0.30216280977706017,-0.10253894947758461,-0.09308334247897751,-1.0210733513831383,-0.19216007033619475,rabi
strong rabi,4.327335512906592,0.054097858500443,-0.025526829772521107,0.05367709290607525,-0.42530005673889926,-8.534521176351794e-05,strong rabi
sowing,7.413366486084206,0.2753875635484898,-0.09022371371213711,-0.07507192785802042,-0.9636327118680228,-0.17057039918100558,sowing
rabi sowing,6.192000866357007,0.09654766442688588,-0.006598512637270853,0.02095131597180452,-0.7836063353229709,-0.06669795647999478,rabi sowing
sowing the,4.419033494079179,0.2768945748920729,-0.14846155130465746,-0.054389740304368835,-0.44626906480069656,-0.09795308272327054,sowing the
the rabi,5.6624860504328485,0.31932550115969294,-0.14730757522504173,-0.08886223510090736,-0.6942110864264177,-0.1565060802239123,the rabi
season,4.807427819443603,0.2691797962593638,-0.13260538639335206,-0.053132633092440484,-0.5305102433318049,-0.10671264858915301,season
sowing season,4.807427819443603,0.2691797962593638,-0.13260538639335206,-0.053132633092440484,-0.5305102433318049,-0.10671264858915301,sowing season
approaches,3.790645990822977,0.1509728643783852,-0.09267465409240483,0.016011487955867307,-0.29288450981749625,-0.017295896904976883,approaches
season approaches,3.790645990822977,0.1509728643783852,-0.09267465409240483,0.016011487955867307,-0.29288450981749625,-0.017295896904976883,season approaches
approaches india,3.7145143790323116,0.17443775878561205,-0.10882410689667221,0.0054170303492849315,-0.2725960097768489,-0.02392839020115076,approaches india
taking,3.6713978706770565,0.19136035389783834,-0.12040270612609519,-0.002587872828365748,-0.2609205398585188,-0.029365266662270986,taking
india taking,3.6713978706770565,0.19136035389783834,-0.12040270612609519,-0.002587872828365748,-0.2609205398585188,-0.029365266662270986,india taking
decisive,3.644579350433332,0.2043685456229207,-0.12926607122785233,-0.008949116929471116,-0.2535890133759829,-0.033919433014182744,decisive
taking decisive,3.644579350433332,0.2043685456229207,-0.12926607122785233,-0.008949116929471116,-0.2535890133759829,-0.033919433014182744,taking decisive
steps,3.6176119503263453,0.2211458328034654,-0.14065904194393478,-0.01742061770797378,-0.24616218504134238,-0.04027142730048504,steps
decisive step+s,3.6176119503263453,0.2211458328034654,-0.14065904194393478,-0.01742061770797378,-0.24616218504134238,-0.04027142730048504,decisive step+s
expanding,3.5983371348601607,0.2382582047958412,-0.1522515824561535,-0.026371536994669723,-0.24081989088690073,-0.04729690813078253,expanding
step+s expanding,3.5983371348601607,0.2382582047958412,-0.1522515824561535,-0.026371536994669723,-0.24081989088690073,-0.04729690813078253,step+s expanding
expanding its,3.5855104740650092,0.25805508010452527,-0.16565918095765259,-0.037118475094173625,-0.23724891468480522,-0.05609584621525905,expanding its
fertilizer,3.5829286885254397,0.26631317698017937,-0.17126076161584566,-0.041726228892920166,-0.23652859451673425,-0.05997371913622342,fertilizer
its fertilizer,3.5829286885254397,0.26631317698017937,-0.17126076161584566,-0.041726228892920166,-0.23652859451673425,-0.05997371913622342,its fertilizer
fertilizer import+s,4.234421205093102,0.03742774950590696,-0.02039860240916358,0.06119517333520093,-0.40359470848441803,0.009056943374713342,fertilizer import+s
Buoyed,3.594679593583243,0.3124133619628923,-0.20281840505316553,-0.06881661794154141,-0.23980292075316467,-0.08376803646353019,Buoyed
promising,3.627887949257415,0.3465751813752811,-0.22677624262496734,-0.09042911214314658,-0.24899870590626952,-0.10363999612779498,promising
buoyed promising,3.627887949257415,0.3465751813752811,-0.22677624262496734,-0.09042911214314658,-0.24899870590626952,-0.10363999612779498,buoyed promising
promising monsoon,3.6810666037409545,0.3822337289153248,-0.2526010268774071,-0.11445651511772552,-0.26355060727903135,-0.1263287870608567,promising monsoon
monsoon that,3.7543464788186127,0.41947348263596373,-0.28074284424366125,-0.1412505771736328,-0.283262288927997,-0.15211639081214934,monsoon that
that has,3.826799351346932,0.4499809989092684,-0.3048856833951867,-0.1645880416719807,-0.30237683443914287,-0.17485131672067117,that has
enhanced,3.9133328995651673,0.4816323465809363,-0.3311447653156084,-0.19022195085659896,-0.3247374740081979,-0.200016929957557,enhanced
has enhanced,3.9133328995651673,0.4816323465809363,-0.3311447653156084,-0.19022195085659896,-0.3247374740081979,-0.200016929957557,has enhanced
soil,5.595668170862998,0.7932141047453892,-0.6971437335725877,-0.5548722832337832,-0.6823408166066475,-0.5636553291754356,soil
enhanced soil,4.453778947663839,0.6237290126578046,-0.46890391361853706,-0.3266324632797326,-0.45410099665259707,-0.3354155092213851,enhanced soil
moisture,5.149871408974597,0.7418039442620689,-0.6185771560359549,-0.4755889015739568,-0.5993198043527822,-0.4838331457687549,moisture
soil moisture,4.218668633033436,0.5758121302096786,-0.41912499927122987,-0.2761367448092317,-0.39986764758805726,-0.2843809890040299,soil moisture
levels,14.098618961939547,0.252600360035445,0.03845500773616023,-0.21991278309324913,-1.6064249057453868,-0.3565275708522688,levels
moisture level+s,3.869485059730261,0.48921100102991827,-0.34039826901748405,-0.19617347663486048,-0.3134694978072826,-0.20348668539145418,moisture level+s
expectations,3.768877976355969,0.464130457613267,-0.32052754068956973,-0.17525728887238112,-0.2871253972788901,-0.1817817834664111,expectations
level+s expectations,3.768877976355969,0.464130457613267,-0.32052754068956973,-0.17525728887238112,-0.2871253972788901,-0.1817817834664111,level+s expectations
expectations are,3.900387592100556,0.5145561629510017,-0.36471966815698775,-0.21784799047490058,-0.3214239899073819,-0.22316157903704015,expectations are
high,4.056330132915691,0.559463411698319,-0.4068232028671536,-0.2594811547538865,-0.3606267158134971,-0.2644384401117662,high
are high,4.056330132915691,0.559463411698319,-0.4068232028671536,-0.2594811547538865,-0.3606267158134971,-0.2644384401117662,are high
high for,3.920155706017154,0.5263209118115728,-0.376213604901375,-0.22829740643679325,-0.3264794330562771,-0.23281938354181625,high for
bountiful,3.90170598954733,0.5250158885854654,-0.37561773854762415,-0.22703191296006472,-0.32176194982686407,-0.23104564790752105,bountiful
for bountiful,3.90170598954733,0.5250158885854654,-0.37561773854762415,-0.22703191296006472,-0.32176194982686407,-0.23104564790752105,for bountiful
winter,5.035140822234083,0.5833217767404827,-0.4008611279197573,-0.288479317049029,-0.5767895535655808,-0.31915486546088007,winter
bountiful winter,4.059392618329414,0.5726623937959272,-0.42182548913502627,-0.2721677010051629,-0.36138142014555746,-0.27536659924563484,bountiful winter
harvest,4.584623481825313,0.6846339116486977,-0.5479166725959168,-0.39753918359201235,-0.48305604189817586,-0.4001901641840427,harvest
winter harvest,4.584623481825313,0.6846339116486977,-0.5479166725959168,-0.39753918359201235,-0.48305604189817586,-0.4001901641840427,winter harvest
the import+s,3.7879922269597857,0.5099490819038347,-0.36485564142079463,-0.21320318509515085,-0.2921841824247919,-0.21488184130700505,the import+s
urea,5.034251958588462,0.5683795825820833,-0.3837955481858015,-0.2739868245061114,-0.576613005949001,-0.30649644785052843,urea
import+s urea,3.5890044687340614,0.4517562440403208,-0.3171387980088707,-0.16446507573484315,-0.23822291640426163,-0.16536333914364454,import+s urea
urea and,4.922315596509702,0.5487542360097797,-0.36529545577812117,-0.2548805402693824,-0.5541271286004987,-0.28695876813867627,urea and
di-am…,3.487278118280968,0.419831490523178,-0.293266932306438,-0.13979362215444277,-0.20946958224524762,-0.14007992337573988,di-am…
and di-am…,3.487278118280968,0.419831490523178,-0.293266932306438,-0.13979362215444277,-0.20946958224524762,-0.14007992337573988,and di-am…
New,8.159838169085377,-0.023720327974981734,0.10084328693606641,0.00513081939083127,-1.059572395679443,-0.10587588247815632,New
di-am… new,3.4265958139995947,0.40023129045522543,-0.27937736003034724,-0.12530306528771376,-0.19191535341679064,-0.12512884709591934,di-am… new
Delhi,8.412761190226423,-0.07337257644548599,0.09396650317123152,0.07125027040211372,-1.0900978014812714,-0.04778404277439307,Delhi
new delhi,6.5492933196712695,0.028975639162777202,0.030432200965518318,0.04599960108759998,-0.8397052128200958,-0.0492371363180057,new delhi
delhi india,4.335407401769045,0.21873147248811292,-0.11387165366145417,-0.022083699547531803,-0.4271636445835508,-0.06722865572698918,delhi india
india has,3.316361488316639,0.36390881256326585,-0.2551350443107795,-0.09967155552098776,-0.15921630381602797,-0.09843099778941024,india has
sharply,3.2954558133367,0.3569597997515851,-0.25071587511606064,-0.09493906901424119,-0.15289255235891044,-0.09345765566630679,sharply
has sharply,3.2954558133367,0.3569597997515851,-0.25071587511606064,-0.09493906901424119,-0.15289255235891044,-0.09345765566630679,has sharply
increased,3.2576234580822594,0.3443702363071694,-0.24288753427581417,-0.08649857616333015,-0.14134598806022985,-0.08454620766358607,increased
sharply increased,3.2576234580822594,0.3443702363071694,-0.24288753427581417,-0.08649857616333015,-0.14134598806022985,-0.08454620766358607,sharply increased
fertiliser,3.2162884349310157,0.33062648246195603,-0.23460325649129105,-0.0774749639053411,-0.1285760938936056,-0.07495312747899029,fertiliser
increased fertiliser,3.2162884349310157,0.33062648246195603,-0.23460325649129105,-0.0774749639053411,-0.1285760938936056,-0.07495312747899029,increased fertiliser
ahead,3.1508983265295774,0.30900871662901064,-0.22212808655801936,-0.06366812680542355,-0.10803565432587238,-0.060118741215701085,ahead
import+s ahead,3.1508983265295774,0.30900871662901064,-0.22212808655801936,-0.06366812680542355,-0.10803565432587238,-0.060118741215701085,import+s ahead
ahead the,3.1243870513593084,0.3003188971061864,-0.2173062627537773,-0.05824636154597412,-0.09958617950469623,-0.054233270868057806,ahead the
rabi winter,3.0975147686992823,0.2915702966070548,-0.2125647705557956,-0.052859785788569195,-0.09094816157146826,-0.04834756129173391,rabi winter
winter sowing,3.077679346979608,0.2851568112367582,-0.20916144389325828,-0.04895585268311094,-0.08452391333992461,-0.0440558993324095,winter sowing
buying,3.0438102335081485,0.2743038154690904,-0.20354368383601307,-0.04243422121972954,-0.0734581560158994,-0.036833351369996443,buying
season buying,3.0438102335081485,0.2743038154690904,-0.20354368383601307,-0.04243422121972954,-0.0734581560158994,-0.036833351369996443,season buying
nearly,3.0295569671420126,0.2698464465450677,-0.201301267563074,-0.03978466617810946,-0.06876445248608976,-0.03386771793698531,nearly
buying nearly,3.0295569671420126,0.2698464465450677,-0.201301267563074,-0.03978466617810946,-0.06876445248608976,-0.03386771793698531,buying nearly
six,3.0172805076880853,0.2663681998669764,-0.19963719880910075,-0.03772230677471004,-0.0647039906753619,-0.03149593370800681,six
nearly six,3.0172805076880853,0.2663681998669764,-0.19963719880910075,-0.03772230677471004,-0.0647039906753619,-0.03149593370800681,nearly six
times,3.9624714212115872,0.36722568186857285,-0.2292197103188107,-0.10636916047237055,-0.3372159859848744,-0.12950196732276256,times
six times,3.010520903284732,0.26447048362063286,-0.1987399145967625,-0.03660127361539131,-0.06246118047774644,-0.03020098043950661,six times
more,6.984370518233719,0.19097067691797492,-0.008582810508858967,-0.09366310300442415,-0.904022928689051,-0.17116441027567542,more
times more,3.944147408873195,0.3642406086742245,-0.22757197860000683,-0.10425662908800809,-0.33258087063690883,-0.12705148971006264,times more
more urea,3.5890044687340614,0.4517562440403208,-0.3171387980088707,-0.16446507573484315,-0.23822291640426163,-0.16536333914364454,more urea
and three,2.9791745300695616,0.2558354034723464,-0.19475464665383738,-0.03153699535343216,-0.05199431793245926,-0.024297041189878146,and three
three times,3.010520903284732,0.26447048362063286,-0.1987399145967625,-0.03660127361539131,-0.06246118047774644,-0.03020098043950661,three times
di-ammonium,2.955274339610534,0.24943742693426946,-0.19190907692526102,-0.02782281605590749,-0.04393954479249447,-0.01990579018258461,di-ammonium
more di-ammonium,2.955274339610534,0.24943742693426946,-0.19190907692526102,-0.02782281605590749,-0.04393954479249447,-0.01990579018258461,more di-ammonium
phosphate,2.939674622419954,0.24534936346419273,-0.19014086755851536,-0.025466216100929216,-0.03864696169966435,-0.017089967882549732,phosphate
di-ammonium phosphate,2.939674622419954,0.24534936346419273,-0.19014086755851536,-0.025466216100929216,-0.03864696169966435,-0.017089967882549732,di-ammonium phosphate
DAP,2.926183740698686,0.24187020771079115,-0.18866782500250087,-0.023470677466317563,-0.034047155610584884,-0.0146862438181795,DAP
phosphate dap,2.926183740698686,0.24187020771079115,-0.18866782500250087,-0.023470677466317563,-0.034047155610584884,-0.0146862438181795,phosphate dap
September,2.916813309268232,0.23948441365080972,-0.18767504043121663,-0.022107542531265775,-0.030839747020955318,-0.01303355961753478,September
dap september,2.916813309268232,0.23948441365080972,-0.18767504043121663,-0.022107542531265775,-0.030839747020955318,-0.01303355961753478,dap september
tha…,2.9055795950443133,0.23665739574033612,-0.18651733841626808,-0.020497826072749494,-0.02698094588952164,-0.011070195545502573,tha…
september tha…,2.9055795950443133,0.23665739574033612,-0.18651733841626808,-0.020497826072749494,-0.02698094588952164,-0.011070195545502573,september tha…
+2094,2.8990780970301477,0.2350377633851267,-0.18586337914483067,-0.01957827552961096,-0.024740847996488985,-0.00994272246332296,+2094
tha… +2094,2.8990780970301477,0.2350377633851267,-0.18586337914483067,-0.01957827552961096,-0.024740847996488985,-0.00994272246332296,tha… +2094
+2094 chars,2.8927450872982683,0.23347170776960546,-0.18523760334148118,-0.018690984958095486,-0.022553967612103352,-0.00885060743158478,+2094 chars
Bengaluru,5.282439788590223,-0.30781396643468606,0.12993232624969364,0.15554743750542965,-0.6247361312839496,0.08618012385486414,Bengaluru
braces,3.1014274014508225,-0.19077161028500225,0.028153860624333168,0.14338047482113342,-0.09221051671649898,0.13757669597460492,braces
bengaluru braces,3.1014274014508225,-0.19077161028500225,0.028153860624333168,0.14338047482113342,-0.09221051671649898,0.13757669597460492,bengaluru braces
braces for,3.141082714885881,-0.19469716612500607,0.0312997690538914,0.14350802972285473,-0.10491561326353625,0.13779339063446228,braces for
for more,3.1657637456084675,-0.1971104889282963,0.03321881059160592,0.14355462639671182,-0.112742395434523,0.13797309519766182,for more
more showers,3.1990012493047315,-0.20032618834285984,0.03575762650564437,0.1435779439080661,-0.12318671061709133,0.1382704595776674,more showers
IMD,4.4162478502430185,-0.2754610169796807,0.10130413522056726,0.15397341541473847,-0.4456384920277643,0.10567706743280042,IMD
showers imd,3.283510553855766,-0.20833956269175516,0.041989447233308795,0.14343532919460447,-0.14926119997289894,0.139320244440573,showers imd
rings,3.3190320692098965,-0.2116444460358171,0.04451836301498239,0.14328954890804046,-0.160021254122081,0.1398908285291054,rings
imd rings,3.3190320692098965,-0.2116444460358171,0.04451836301498239,0.14328954890804046,-0.160021254122081,0.1398908285291054,imd rings
yellow,5.548594269431134,-0.3206297767439458,0.137553820766895,0.14976445500352714,-0.6738926700091684,0.0957962338689492,yellow
rings yellow,3.3783978698066743,-0.21709365212313747,0.04863284826513904,0.1429331736100846,-0.1777496532242266,0.141020681394423,rings yellow
alert,6.440991783232051,-0.34314726163688,0.15747589695141362,0.1483517197124451,-0.823030590986403,0.08112957442652301,alert
yellow aler+t,5.667449483909592,-0.32551179757455995,0.14069641930698798,0.14788684510583955,-0.6950872491864296,0.09818844282204885,yellow aler+t
till,3.7350473967175857,-0.06561954825682671,0.005988901919939469,0.087956525421192,-0.2781085675085087,0.0920273576269865,till
aler+t till,3.541268874742694,-0.23165130059513867,0.05926430819387702,0.1412319316951297,-0.22483316123457087,0.14530276390092442,aler+t till
Sunday,5.920069364456362,-0.3357932397057384,0.14705210942407757,0.14346716337127174,-0.7386962249162687,0.1042354053886918,Sunday
till sunday,3.6217665541007116,-0.2386849851978084,0.06419977314838932,0.13999700557676734,-0.24730996429557842,0.14809063040285353,till sunday
sunday bengaluru,3.051333110125219,-0.1857224659607158,0.024064726403739273,0.14312545807236296,-0.07592663953234573,0.13742715625810678,sunday bengaluru
experiencing,4.161548587206019,-0.28516669941086775,0.0931472052734991,0.12457836495394689,-0.3862353206628224,0.17959321623861207,experiencing
bengaluru experiencing,4.161548587206019,-0.28516669941086775,0.0931472052734991,0.12457836495394689,-0.3862353206628224,0.17959321623861207,bengaluru experiencing
experiencing persistent,5.289860808430819,-0.3996890403595876,0.14145093292912347,0.043903801339682046,-0.626139992438159,0.32206796495987766,experiencing persistent
due,9.78530646242623,-0.5658502310209709,0.3570711026392918,-0.049950644424000164,-1.241229979091939,-0.17140883136451912,due
rain du+e,5.43111776675817,-0.3086521062426979,0.13359616891026066,0.1599645853323734,-0.6524930221133171,0.07156347699175226,rain du+e
low-pressure,4.490262632894074,-0.2744919757846865,0.1037250779664408,0.1595368108762296,-0.4622592520130001,0.0901591584009431,low-pressure
du+e low-pressure,4.490262632894074,-0.2744919757846865,0.1037250779664408,0.1595368108762296,-0.4622592520130001,0.0901591584009431,du+e low-pressure
low-pressure system,3.930162232519675,-0.2465266800168605,0.07949877262363465,0.1574448499999822,-0.3290287646885268,0.10282980733602747,low-pressure system
system over,3.752976414785048,-0.23597442496661017,0.07036499012947027,0.15630088851426815,-0.28289729488999127,0.10712832710036416,system over
Bay,3.5844731858293715,-0.22499244805213134,0.060847940682032226,0.15491975168232086,-0.23695957281400673,0.1113564092634193,Bay
the bay,3.5844731858293715,-0.22499244805213134,0.060847940682032226,0.15491975168232086,-0.23695957281400673,0.1113564092634193,the bay
Bengal,3.051333110125219,-0.1857224659607158,0.024064726403739273,0.14312545807236296,-0.07592663953234573,0.13742715625810678,Bengal
bay bengal,3.051333110125219,-0.1857224659607158,0.024064726403739273,0.14312545807236296,-0.07592663953234573,0.13742715625810678,bay bengal
prompting,3.3877746038880496,-0.210825720183253,0.04853837517050047,0.1528647299670832,-0.18052130591872917,0.11647276173343545,prompting
bengal prompting,3.3877746038880496,-0.210825720183253,0.04853837517050047,0.1528647299670832,-0.18052130591872917,0.11647276173343545,bengal prompting
prompting yellow,3.3783978698066743,-0.21709365212313747,0.04863284826513904,0.1429331736100846,-0.1777496532242266,0.141020681394423,prompting yellow
aler+t until,4.095073292548491,-0.25554197499842995,0.08730079389137207,0.15827324988677932,-0.3701326743231216,0.09895892016705024,aler+t until
until sunday,4.494683049602118,-0.28371130882412576,0.104836586123638,0.14818624480389903,-0.46324321278936903,0.11907143926275154,until sunday
Several,3.0960181424939606,-0.18660144067685888,0.027352778471213073,0.14867789158931075,-0.09046487480899801,0.12443781811074218,Several
districts,3.0560274476277636,-0.18293332794923645,0.024125162093695685,0.14797305469573482,-0.07746391193754526,0.1255657192191204,districts
several districts,3.0560274476277636,-0.18293332794923645,0.024125162093695685,0.14797305469573482,-0.07746391193754526,0.1255657192191204,several districts
Karnataka,2.9994178958831674,-0.17758013487892693,0.01940394022996917,0.14691197926634295,-0.058766294255347455,0.12717750223395166,Karnataka
districts karnataka,2.9994178958831674,-0.17758013487892693,0.01940394022996917,0.14691197926634295,-0.058766294255347455,0.12717750223395166,districts karnataka
karnataka are,2.961541488504222,-0.17388876648937115,0.016140419902553296,0.14615809829015416,-0.04605796504403165,0.1282658815953567,karnataka are
under,3.947779881717932,-0.2475250868065605,0.0803627532973504,0.15754347483279496,-0.33350142475949607,0.10241040727917189,under
are under,2.9308693609700263,-0.1708325363692764,0.013433280820994148,0.14552034413706427,-0.035647148367896626,0.12915311861767864,are under
under aler+t,2.924439505075915,-0.17018407230513827,0.012858270332612345,0.14538345280230094,-0.03345089924569005,0.12933977909478953,under aler+t
aler+t for,2.9441377954739876,-0.17216211357043223,0.014611574202900863,0.1457992979990748,-0.040164064419151796,0.12876866364200104,aler+t for
heavy,12.394463339599428,-0.3810079071774005,0.2724937257785282,0.028253448351864177,-1.477597927147012,-0.11712067937692783,heavy
for heavy,2.957984460912208,-0.1735374499345299,0.015829472261161406,0.14608541201498018,-0.044856170153518296,0.1283685042881936,for heavy
heavy showers,2.979935364786381,-0.17569264226675638,0.01773605054240232,0.14652875166710308,-0.05224966973310653,0.1277363332713977,heavy showers
showers and,3.0116762257013074,-0.1787557224473787,0.020441888176725233,0.14714827504847205,-0.0628448684926034,0.12682697227696382,showers and
thunderstorms,3.028740383729011,-0.18037697556899873,0.021872254630498276,0.14747112997018366,-0.0684948772669636,0.1263404109284895,thunderstorms
and thunderstorms,3.028740383729011,-0.18037697556899873,0.021872254630498276,0.14747112997018366,-0.0684948772669636,0.1263404109284895,and thunderstorms
early,3.5042679380221635,0.11264997345049388,-0.08324826405668748,0.03602316808307955,-0.21432969560128773,0.010296841669588337,early
this early,3.1291740940760704,-0.18957413255876168,0.029964270399055304,0.14923570253882223,-0.10111716114554478,0.12350937612533146,this early
northeast,3.1655295971633444,-0.19276462338504333,0.0327630920431534,0.14982091866300662,-0.11266842999569283,0.12249827891710335,northeast
early northeast,3.1655295971633444,-0.19276462338504333,0.0327630920431534,0.14982091866300662,-0.11266842999569283,0.12249827891710335,early northeast
northeast monsoon,3.2348070669133158,-0.19865237468245028,0.03791782184649903,0.1508638690070774,-0.1343173460094784,0.12059153599197309,northeast monsoon
activit…,3.300138529396073,-0.2039854363578607,0.042576357005829596,0.15176653687574684,-0.1543125053162457,0.11881716606795241,activit…
monsoon activit…,3.300138529396073,-0.2039854363578607,0.042576357005829596,0.15176653687574684,-0.1543125053162457,0.11881716606795241,monsoon activit…
activit… bengaluru,3.3877746038880496,-0.210825720183253,0.04853837517050047,0.1528647299670832,-0.18052130591872917,0.11647276173343545,activit… bengaluru
woke,3.5098152876528097,-0.21979761772988352,0.05633926912711446,0.15420120671234175,-0.21591147061272994,0.11327497660878015,woke
bengaluru woke,3.5098152876528097,-0.21979761772988352,0.05633926912711446,0.15420120671234175,-0.21591147061272994,0.11327497660878015,bengaluru woke
damp,3.731511569037882,-0.23462942220763208,0.0692002172171899,0.15614200126428912,-0.2771614570764531,0.10765919738581427,damp
woke damp,3.731511569037882,-0.23462942220763208,0.0692002172171899,0.15614200126428912,-0.2771614570764531,0.10765919738581427,woke damp
damp morning,3.847768169850217,-0.24173826455636407,0.07535476288711732,0.15694853863148178,-0.3078413431881373,0.1048103086709944,damp morning
morning wednesday,4.220882875642496,-0.261953699543544,0.09285239344893413,0.15877524861281603,-0.4003923775236681,0.09608652364584817,morning wednesday
light,5.268902995174694,-0.30361970977712455,0.12916189193001498,0.1600672260827008,-0.6221702396965172,0.07455812000016841,light
wednesday light,5.268902995174694,-0.30361970977712455,0.12916189193001498,0.1600672260827008,-0.6221702396965172,0.07455812000016841,wednesday light
light rain,6.966754269725276,-0.34489501443769555,0.16609195469467047,0.15720842307300148,-0.9014975039453277,0.04671045345270889,light rain
fall,4.267580848068922,-0.2642389127583872,0.0948321116776579,0.15893610440549624,-0.4113951796929662,0.09503756971709831,fall
continued fall,4.267580848068922,-0.2642389127583872,0.0948321116776579,0.15893610440549624,-0.4113951796929662,0.09503756971709831,continued fall
fall across,4.059913715559998,-0.2536802573752275,0.08568940992996782,0.15811374989240734,-0.3615097801827012,0.09977399387036096,fall across
city,6.864597013979636,-0.2823694615540012,0.18213363281022416,0.08226102953164144,-0.8867253950844856,-0.020468629568918786,city
the city,6.864597013979636,-0.2823694615540012,0.18213363281022416,0.08226102953164144,-0.8867253950844856,-0.020468629568918786,the city
Meteorological,3.4828058697287028,-0.21786476990134235,0.054660310077779814,0.1539234163820928,-0.20818631243854413,0.11397606048268695,Meteorological
india meteorological,3.4828058697287028,-0.21786476990134235,0.054660310077779814,0.1539234163820928,-0.20818631243854413,0.11397606048268695,india meteorological
Department,3.318166924843707,-0.20542126165254715,0.0438289927883276,0.15200264876260242,-0.15976055849675352,0.11833154904799802,Department
meteorological department,3.318166924843707,-0.20542126165254715,0.0438289927883276,0.15200264876260242,-0.15976055849675352,0.11833154904799802,meteorological department
department imd,3.2199618092700657,-0.19741133353932597,0.036832347137449005,0.15064805549025523,-0.12971755813086358,0.12099793250132124,department imd
imd has,3.185075743861857,-0.19445088044617143,0.034240732056643366,0.15012454912431802,-0.11882412929366451,0.12195766118559032,imd has
placed,3.1592261381145943,-0.19221652332185626,0.03228256431847685,0.14972138010041325,-0.11067516372593995,0.1226730682455712,placed
has placed,3.1592261381145943,-0.19221652332185626,0.03228256431847685,0.14972138010041325,-0.11067516372593995,0.1226730682455712,has placed
placed the,3.117790625535336,-0.1885603861438773,0.029074113184015874,0.14904683260053742,-0.09747267725568176,0.12382745705282673,placed the
city under,3.070507319426314,-0.18427210374530212,0.025303849261860696,0.14823241067858317,-0.08219085769420617,0.1251563060373142,city under
under yellow,3.0331422760222604,-0.18079235199615232,0.022238527964201244,0.14755328266118198,-0.06994719606428804,0.1262151596225453,under yellow
warn…,2.9308693609700263,-0.1708325363692764,0.013433280820994148,0.14552034413706427,-0.035647148367896626,0.12915311861767864,warn…
sunday warn…,2.9308693609700263,-0.1708325363692764,0.013433280820994148,0.14552034413706427,-0.035647148367896626,0.12915311861767864,sunday warn…
+2773,2.9089244185340637,-0.1686080527791869,0.011459855475292477,0.1450484652657207,-0.028131456354694294,0.12979113944733625,+2773
warn… +2773,2.9089244185340637,-0.1686080527791869,0.011459855475292477,0.1450484652657207,-0.028131456354694294,0.12979113944733625,warn… +2773
+2773 chars,2.891287939511635,-0.16679690637590866,0.009851184527653456,0.14465950772485375,-0.022050115780446675,0.13030585222718313,+2773 chars
Has,2.620210601755589,-0.06480733657779654,-0.29230795281157707,-0.1811925022666501,0.07639724398800339,0.8315103388856089,Has
has climate,2.7648787444291054,-0.11559652511234704,-0.34605003619960084,-0.23493458565467382,0.0226551605999798,0.9708631179980163,has climate
brought,2.577554628916099,-0.033292431469131745,-0.27589438713980385,-0.16477893659487697,0.09281080965977664,0.7651920330915367,brought
chang+e brought,2.577554628916099,-0.033292431469131745,-0.27589438713980385,-0.16477893659487697,0.09281080965977664,0.7651920330915367,chang+e brought
mosquitoes,2.981209387221221,0.17209846009169621,-0.3231337024353568,-0.31026685820137495,-0.0526771119467213,0.6613874373383914,mosquitoes
brought mosquitoes,2.506176215670695,0.0020799287484234083,-0.24781142742757775,-0.13669597688265078,0.12089376937200298,0.6607538673920105,brought mosquitoes
Iceland,3.2645687228546576,0.20146528759334192,-0.3258318573890852,-0.4010654683689866,-0.1434757221143329,0.6807629345014274,Iceland
mosquitoes iceland,2.4549124665886586,0.0372066695072414,-0.22714436137305266,-0.11602891082812565,0.14156083542652814,0.5603785480203655,mosquitoes iceland
longer,2.429960385418171,0.0776866961867141,-0.21692821084212235,-0.1058127602971954,0.1517769859574582,0.4672310658811715,longer
iceland longer,2.429960385418171,0.0776866961867141,-0.21692821084212235,-0.1058127602971954,0.1517769859574582,0.4672310658811715,iceland longer
among,2.4293891698489087,0.08939928419158014,-0.21669311124066476,-0.10557766069573787,0.15201208555891588,0.44614636991174733,among
longer among,2.4293891698489087,0.08939928419158014,-0.21669311124066476,-0.10557766069573787,0.15201208555891588,0.44614636991174733,longer among
among the,2.4309271105257446,0.09975603741136813,-0.2173259674744763,-0.10621051692954941,0.15137922932510434,0.42947133686985584,among the
few,2.4329837552443805,0.10693730329876257,-0.21817164285709073,-0.1070561923121637,0.15053355394248993,0.41887356124570246,few
the few,2.4329837552443805,0.10693730329876257,-0.21817164285709073,-0.1070561923121637,0.15053355394248993,0.41887356124570246,the few
places,2.7282532703771443,0.1689269882038842,-0.23446622632774555,-0.2215993820937637,0.035990364160889965,0.45221103727758877,places
few place+s,2.435894490920656,0.11442029571524172,-0.21936729239929406,-0.10825184185436725,0.14933790440028658,0.40857656921174945,few place+s
place+s the,2.8107881468091795,0.20477048059798114,-0.2642695729188672,-0.25140272868488545,0.0061870175697682096,0.4652284100080869,place+s the
free,2.46618286973043,0.15955748923823895,-0.23172481433177633,-0.12060936378684933,0.13698038246780425,0.3582805167763129,free
world free,2.46618286973043,0.15955748923823895,-0.23172481433177633,-0.12060936378684933,0.13698038246780425,0.3582805167763129,world free
free mosquitoes,2.4891161679794673,0.18389379166760533,-0.24098095076693482,-0.1298655002220079,0.1277242460326457,0.336545531300351,free mosquitoes
point,2.6658824271866877,0.3171192722889119,-0.3095883758734452,-0.19847292532851823,0.059116820926135565,0.2379475733441065,point
scientist+s point,2.6658824271866877,0.3171192722889119,-0.3095883758734452,-0.19847292532851823,0.059116820926135565,0.2379475733441065,scientist+s point
rising,6.021152537958304,0.6026280627292675,-0.3777285441090894,-0.44386354434498426,-0.7556267516043402,-0.2649297035707678,rising
point rising,3.0205309584049163,0.49082180041295054,-0.43448588589426196,-0.32337043534933513,-0.06578068909468143,0.10315203896647128,point rising
temperatures,2.699575381025096,0.34271001397267475,-0.32214775027524095,-0.21103229973031387,0.0465574465243398,0.20835697143914197,temperatures
rising temperatur+es,2.699575381025096,0.34271001397267475,-0.32214775027524095,-0.21103229973031387,0.0465574465243398,0.20835697143914197,rising temperatur+es
Mosquitoes,2.524117031945171,0.2361187190621208,-0.2549445671722601,-0.14382911662733316,0.11376062962732059,0.2625601723689176,Mosquitoes
mosquitoe+s were,2.4631812365741825,0.19436778641572747,-0.23050695601881258,-0.11939150547388554,0.13819824078076817,0.27779479510484145,mosquitoe+s were
detected,2.443451524293347,0.18041257414850628,-0.22246485481505132,-0.11134940427012435,0.14624034198452943,0.2819089371787617,detected
were detected,2.443451524293347,0.18041257414850628,-0.22246485481505132,-0.11134940427012435,0.14624034198452943,0.2819089371787617,were detected
detected iceland,2.4072099010907593,0.15436544207903768,-0.20752161535997535,-0.09640616481504842,0.16118358143960534,0.2880004309332957,detected iceland
iceland for,2.3887488386679028,0.1409587687328518,-0.19982298632454262,-0.08870753577961586,0.168882210475038,0.29020440728845515,iceland for
first,2.3733016931290107,0.129709132604045,-0.19333536103974183,-0.08221991049481477,0.17536983575983892,0.29148789276407644,first
the first,2.3733016931290107,0.129709132604045,-0.19333536103974183,-0.08221991049481477,0.17536983575983892,0.29148789276407644,the first
time,3.990505094359579,0.3307944969703198,-0.21854246078566605,-0.14946350645118675,-0.34426587207500087,0.032815050444480735,time
first time,2.3632171967941926,0.1223637012093332,-0.1890771655983033,-0.0779617150533762,0.17962803120127738,0.29201814922706887,first time
time this,2.355606228407466,0.11682541143236726,-0.18585137208973782,-0.07473592154481083,0.18285382470984282,0.29224417490200394,time this
month,2.348606345532013,0.1117395433280515,-0.18287536370078478,-0.0717599131558579,0.18582983309879594,0.2923120874264886,month
this month,2.348606345532013,0.1117395433280515,-0.18287536370078478,-0.0717599131558579,0.18582983309879594,0.2923120874264886,this month
resulting,2.3396800047761785,0.10526967746339604,-0.17906742584241117,-0.06795197529748416,0.18963777095716963,0.2921937678181998,resulting
month resulting,2.3396800047761785,0.10526967746339604,-0.17906742584241117,-0.06795197529748416,0.18963777095716963,0.2921937678181998,month resulting
resulting the,2.3807046282899944,0.13510210170838466,-0.19644976209190526,-0.08533431154697847,0.17225543470767524,0.2909409221388873,resulting the
losing,2.3139511682701577,0.08677560823250789,-0.16800978173296235,-0.0568943311880354,0.20069541506661828,0.2904514446304904,losing
country losing,2.3139511682701577,0.08677560823250789,-0.16800978173296235,-0.0568943311880354,0.20069541506661828,0.2904514446304904,country losing
losing its,2.3080285740543998,0.08256232200617258,-0.16544698492832877,-0.054331534383401846,0.2032582118712518,0.28973217877640334,losing its
status,2.304839332902384,0.08030182951306176,-0.16406422620880695,-0.05294877566387984,0.20464097059077374,0.2892924623540062,status
its status,2.304839332902384,0.08030182951306176,-0.16406422620880695,-0.05294877566387984,0.20464097059077374,0.2892924623540062,its status
one,2.2974121351501493,0.0750619334871843,-0.16083658675814932,-0.049721136213222314,0.2078686100414313,0.2881224341934346,one
status one,2.2974121351501493,0.0750619334871843,-0.16083658675814932,-0.049721136213222314,0.2078686100414313,0.2881224341934346,status one
one the,2.3807046282899944,0.13510210170838466,-0.19644976209190526,-0.08533431154697847,0.17225543470767524,0.2909409221388873,one the
only,2.2900230039611644,0.0698854974006004,-0.15761511883318016,-0.046499668288253165,0.21109007796640053,0.28675007921369516,only
the only,2.2900230039611644,0.0698854974006004,-0.15761511883318016,-0.046499668288253165,0.21109007796640053,0.28675007921369516,the only
only place+s,2.2868986914075475,0.06770853381684633,-0.15624987238727228,-0.04513442184234529,0.21245532441230833,0.2861056855298725,only place+s
without,2.27562542272712,0.05991606288143088,-0.1513081816302267,-0.04019273108529979,0.21739701516935397,0.2834544442960877,without
world without,2.27562542272712,0.05991606288143088,-0.1513081816302267,-0.04019273108529979,0.21739701516935397,0.2834544442960877,world without
them,2.2715859544411843,0.057148995902114676,-0.14953150180892016,-0.038416051263993306,0.21917369499066042,0.2823773428129999,them
without them,2.2715859544411843,0.057148995902114676,-0.14953150180892016,-0.038416051263993306,0.21917369499066042,0.2823773428129999,without them
findings,2.2668553715871864,0.05392627001258084,-0.14744682813909724,-0.036331377594170385,0.22125836866048335,0.28102877083261313,findings
the findings,2.2668553715871864,0.05392627001258084,-0.14744682813909724,-0.036331377594170385,0.22125836866048335,0.28102877083261313,the findings
findings were,2.2628688420572485,0.051225739457671685,-0.14568666333825644,-0.03457121279332939,0.2230185334613242,0.27981831385796785,findings were
confirmed,2.260754973041695,0.04979958140393155,-0.144752072286559,-0.03363662174163211,0.22395312451302166,0.279148717417047,confirmed
were confirmed,2.260754973041695,0.04979958140393155,-0.144752072286559,-0.03363662174163211,0.22395312451302166,0.279148717417047,were confirmed
confirmed the,2.2555636488087445,0.046314595571046654,-0.1424531527664908,-0.03133770222156406,0.22625204403308968,0.27742185451241586,confirmed the
+7684,2.252568241917848,0.044315212834562724,-0.14112426203999284,-0.030008811495066064,0.22758093475958766,0.2763716739268772,+7684
the +7684,2.252568241917848,0.044315212834562724,-0.14112426203999284,-0.030008811495066064,0.22758093475958766,0.2763716739268772,the +7684
+7684 char+s,2.2504123410192904,0.04288145708404024,-0.14016671802061428,-0.029051267475687346,0.22853847877896621,0.27559126590801025,+7684 char+s
China,2.7844150656534605,0.5455520872242904,-0.4641245016384718,-0.24197562640845857,0.015614119846195207,-0.1864582302916826,China
coastal,2.8006078379824197,0.5516620537674112,-0.46992315922002637,-0.24777428399001317,0.009815462264640463,-0.192256887873237,coastal
china coastal,2.5207591839971313,0.4280433028726953,-0.3646468002482081,-0.1424979250181949,0.11509182123645878,-0.08698052890141882,china coastal
coastal city+es,2.820211387892323,0.5589164678747477,-0.4768985229908326,-0.25474964776081926,0.0028400984938344908,-0.19923225164404335,coastal city+es
city+es are,2.3143070889848287,0.3030793556577694,-0.27919700972615696,-0.05704813449614366,0.20054161175851012,-0.0015307383793676792,city+es are
sinking,2.322880349171145,0.3090598184786657,-0.28289462603721377,-0.06074575080720061,0.19684399544745304,-0.005228354690424566,sinking
are sinking,2.322880349171145,0.3090598184786657,-0.28289462603721377,-0.06074575080720061,0.19684399544745304,-0.005228354690424566,are sinking
seas,2.3515438283442887,0.3284893225013436,-0.29515874129633696,-0.0730098660663237,0.1845798801883299,-0.01749246994954765,seas
sinking seas,2.3515438283442887,0.3284893225013436,-0.29515874129633696,-0.0730098660663237,0.1845798801883299,-0.01749246994954765,sinking seas
rise,2.3679968918803027,0.3392656532766261,-0.3021310850750345,-0.07998220984502118,0.1776075364096325,-0.02446481372824519,rise
seas rise,2.3679968918803027,0.3392656532766261,-0.3021310850750345,-0.07998220984502118,0.1776075364096325,-0.02446481372824519,seas rise
record,2.401337283692098,0.36031209160452277,-0.3161124643178229,-0.09396358908780948,0.1636261571668443,-0.0384461929710335,record
rise record,2.401337283692098,0.36031209160452277,-0.3161124643178229,-0.09396358908780948,0.1636261571668443,-0.0384461929710335,rise record
speed,2.4419133009084426,0.38459399004802114,-0.33286855234944374,-0.11071967711943057,0.14687006913522327,-0.055202281002654466,speed
record speed,2.4419133009084426,0.38459399004802114,-0.33286855234944374,-0.11071967711943057,0.14687006913522327,-0.055202281002654466,record speed
Sea,2.4922231070456444,0.41285057972422645,-0.353261806834438,-0.13111293160442464,0.12647681465022917,-0.07559553548764852,Sea
speed sea,2.4922231070456444,0.41285057972422645,-0.353261806834438,-0.13111293160442464,0.12647681465022917,-0.07559553548764852,speed sea
sea level+s,2.8369688641002773,0.5649975166442457,-0.48282286143295644,-0.260673986202943,-0.0030842399482892834,-0.20515659008616693,sea level+s
level+s are,2.3143070889848287,0.3030793556577694,-0.27919700972615696,-0.05704813449614366,0.20054161175851012,-0.0015307383793676792,level+s are
are rising,2.9264938948847723,0.5957328127074311,-0.5138917642025856,-0.2917428889725724,-0.03415314271791868,-0.2362254928557964,are rising
faster,2.6155707073222443,0.4746730632988684,-0.40156899802775037,-0.17942012279773703,0.0781696234569167,-0.1239027266809611,faster
rising fast+er,2.6155707073222443,0.4746730632988684,-0.40156899802775037,-0.17942012279773703,0.0781696234569167,-0.1239027266809611,rising fast+er
than,2.7687028876342747,0.5395186209500297,-0.45846561951836573,-0.2363167442883524,0.02127300196630117,-0.18079934817157645,than
fast+er than,2.5101405685201543,0.4224571128304421,-0.3604254355747293,-0.138276560344716,0.11931318590993768,-0.08275916422793991,fast+er than
any,2.7019730443563974,0.5126756730202969,-0.4340689439109887,-0.21192006868097557,0.04566967757367808,-0.15640267256419954,any
than any,2.7019730443563974,0.5126756730202969,-0.4340689439109887,-0.21192006868097557,0.04566967757367808,-0.15640267256419954,than any
any time,2.678561908151437,0.5027604966029846,-0.42536672966934425,-0.20321785443933096,0.054371891815322766,-0.147700458322555,any time
"4,000",2.6367050061220336,0.4843352125192656,-0.40961671449108983,-0.18746783926107666,0.0701219069935772,-0.13195044314430063,"4,000"
"time 4,000",2.3938257283358526,0.3556597234079552,-0.3129794899094199,-0.09083061467940659,0.166759131575247,-0.035313218562630734,"time 4,000"
"4,000 year+s",2.6164527324425446,0.4750813137248153,-0.40190616208628743,-0.1797572868562741,0.07783245939837953,-0.12423989073949819,"4,000 year+s"
scientists,2.8297293584180663,0.5623837718573239,-0.48026775461887616,-0.25811887938886297,-0.0005291331342092448,-0.2026014832720869,scientists
year+s scientist+s,2.3609236749113105,0.3346654944245657,-0.2991396107443104,-0.07699073551429714,0.18059901074035659,-0.021473339397521118,year+s scientist+s
scientist+s report,2.3431825742945076,0.32290945613397065,-0.2915967603955933,-0.06944788516557998,0.18814186108907366,-0.013930489048803967,scientist+s report
report with,2.333964766117038,0.3166749199191847,-0.28765511843266983,-0.06550624320265647,0.1920835030519972,-0.009988847085880383,report with
with china,2.5144965886794743,0.42475819338105886,-0.36215930057406187,-0.14001042534404864,0.1175793209106051,-0.08449302922727264,with china
major,2.3237134257910705,0.3096367030004192,-0.2832532012297951,-0.06110432599978177,0.19648542025487187,-0.005586929883005762,major
china major,2.3237134257910705,0.3096367030004192,-0.2832532012297951,-0.06110432599978177,0.19648542025487187,-0.005586929883005762,china major
major coastal,2.28797211212145,0.28419547429649994,-0.26775256528984465,-0.045603690059831635,0.2119860561948221,0.009913706056944487,major coastal
particular,2.3160507585195615,0.30430218391123853,-0.2799501565344947,-0.057801281304481415,0.19978846495017244,-0.002283885187705353,particular
city+es particular,2.3160507585195615,0.30430218391123853,-0.2799501565344947,-0.057801281304481415,0.19978846495017244,-0.002283885187705353,city+es particular
particular risk,2.3285732932148315,0.3129872234111787,-0.2853424401288728,-0.06319356489885948,0.19439618135579428,-0.007676168782083396,particular risk
rapid,2.3465310135455173,0.32515254575690083,-0.29302475370788994,-0.07087587847787677,0.186713867776777,-0.015358482361100666,rapid
the rapid,2.3465310135455173,0.32515254575690083,-0.29302475370788994,-0.07087587847787677,0.186713867776777,-0.015358482361100666,the rapid
increase,2.540925593279783,0.4384403586772621,-0.37261510205816056,-0.15046622682814728,0.10712351942650639,-0.09494883071137121,increase
rapid increase,2.358733816275615,0.3332313767247488,-0.2982116371373564,-0.07606276190734292,0.18152698434731057,-0.020545365790567004,rapid increase
increase driven,2.387312882552796,0.35158447494686296,-0.3102550971061699,-0.08810622187615666,0.16948352437849706,-0.03258882575938058,increase driven
warming,2.4168386840417453,0.3697548324296064,-0.3225470378734912,-0.10039816264347796,0.15719158361117566,-0.04488076652670187,warming
driven warming,2.4168386840417453,0.3697548324296064,-0.3225470378734912,-0.10039816264347796,0.15719158361117566,-0.04488076652670187,driven warming
oceans,2.44576407611925,0.38682680624446325,-0.3344442602820702,-0.11229538505205687,0.14529436120259678,-0.05677798893528084,oceans
warming ocean+s,2.44576407611925,0.38682680624446325,-0.3344442602820702,-0.11229538505205687,0.14529436120259678,-0.05677798893528084,warming ocean+s
ocean+s and,2.4764881491871718,0.4042212359626516,-0.3469281683323729,-0.1247792931023597,0.13281045315229406,-0.06926189698558359,ocean+s and
melting,2.4970700430229105,0.4154720391545356,-0.35520474237911076,-0.13305586714909762,0.12453387910555631,-0.07753847103232149,melting
and melting,2.4970700430229105,0.4154720391545356,-0.35520474237911076,-0.13305586714909762,0.12453387910555631,-0.07753847103232149,and melting
ice,2.5474764140320927,0.44175947160628654,-0.37518990820045073,-0.15304103297043734,0.10454871328421633,-0.09752363685366137,ice
melting ice,2.5474764140320927,0.44175947160628654,-0.37518990820045073,-0.15304103297043734,0.10454871328421633,-0.09752363685366137,melting ice
while,2.587826147418018,0.4616015662108606,-0.3909048785641884,-0.16875600333417512,0.08883374292047855,-0.1132386072173991,while
ice while,2.587826147418018,0.4616015662108606,-0.3909048785641884,-0.16875600333417512,0.08883374292047855,-0.1132386072173991,ice while
human,2.6502805843794413,0.4904123927125971,-0.4147521958957309,-0.19260332066571775,0.06498642558893586,-0.1370859245489417,human
while human,2.6502805843794413,0.4904123927125971,-0.4147521958957309,-0.19260332066571775,0.06498642558893586,-0.1370859245489417,while human
activities,2.737925259802636,0.5273897626019404,-0.44728710972898095,-0.22513823449896786,0.032451511755685884,-0.16962083838219189,activities
human activities,2.737925259802636,0.5273897626019404,-0.44728710972898095,-0.22513823449896786,0.032451511755685884,-0.16962083838219189,human activities
activities like,3.076938926901489,0.6415638187042358,-0.5640219284868004,-0.3418730532567871,-0.0842833070021334,-0.2863556571400112,activities like
groundwater,7.822180534245339,0.6071554882955154,-0.5481655039621646,-0.47884982433321294,0.7370706730136353,-0.539273867258554,groundwater
like groundwater,3.5680389930566045,0.7548368227987309,-0.7121028238099859,-0.4899539485799726,-0.23236420232531904,-0.4344365524631967,like groundwater
pumping,2.8209415546572663,0.5591837165344253,-0.4771573944578737,-0.25500851922786044,0.002581227026793168,-0.19949112311108447,pumping
groundwater pumping,2.8209415546572663,0.5591837165344253,-0.4771573944578737,-0.25500851922786044,0.002581227026793168,-0.19949112311108447,groundwater pumping
pumping make,2.6759433215063266,0.5016344708402507,-0.4243886423422974,-0.20223976711228406,0.05534997914236953,-0.14672237099550797,pumping make
wors…,2.587826147418018,0.4616015662108606,-0.3909048785641884,-0.16875600333417512,0.08883374292047855,-0.1132386072173991,wors…
make wors…,2.587826147418018,0.4616015662108606,-0.3909048785641884,-0.16875600333417512,0.08883374292047855,-0.1132386072173991,make wors…
team,2.5268681216852897,0.43122183145388104,-0.3670673199501785,-0.14491844472016532,0.11267130153448843,-0.08940104860338931,team
wors… team,2.5268681216852897,0.43122183145388104,-0.3670673199501785,-0.14491844472016532,0.11267130153448843,-0.08940104860338931,wors… team
team scientist+s,2.481399477378191,0.4069344699905036,-0.3489093870155919,-0.12676051178557873,0.13082923446907516,-0.07124311566880258,team scientist+s
led,3.0575224763114166,0.6360147553387808,-0.5576916203625512,-0.3355427451325379,-0.07795299887788425,-0.28002534901576187,led
scientist+s led,2.434251245289583,0.38011524447611966,-0.3297258930514097,-0.10757701782139643,0.15001272843325725,-0.05205962170462048,scientist+s led
Rutgers,2.4104172340740604,0.3658687150439678,-0.3198865392944512,-0.09773766406443778,0.15985208219021585,-0.042220267947661864,Rutgers
led rutgers,2.4104172340740604,0.3658687150439678,-0.3198865392944512,-0.09773766406443778,0.15985208219021585,-0.042220267947661864,led rutgers
University,2.387312882552796,0.35158447494686296,-0.3102550971061699,-0.08810622187615666,0.16948352437849706,-0.03258882575938058,University
rutgers university,2.387312882552796,0.35158447494686296,-0.3102550971061699,-0.08810622187615666,0.16948352437849706,-0.03258882575938058,rutgers university
researchers,2.3608885459431272,0.33464252600210076,-0.2991247313011895,-0.07697585607117624,0.18061389018347737,-0.021458459954400214,researchers
university researchers,2.3608885459431272,0.33464252600210076,-0.2991247313011895,-0.07697585607117624,0.18061389018347737,-0.021458459954400214,university researchers
researchers has,2.3372148735279596,0.3188832123817895,-0.2890466761059414,-0.06689780087592813,0.19069194537872547,-0.011380404759152108,researchers has
has found,2.3302515943527276,0.31413844818289693,-0.2860629227617248,-0.06391404753171151,0.19367569872294202,-0.008396651414935587,has found
found that,2.320527998314258,0.30742683565317974,-0.28188142586953985,-0.05973255063952657,0.1978571956151271,-0.004215154522750637,found that
sea,2.3566152574384667,0.33183945062804004,-0.29731305722457313,-0.07516418199455985,0.182425564260094,-0.019646785877783783,sea
that sea,2.3566152574384667,0.33183945062804004,-0.29731305722457313,-0.07516418199455985,0.182425564260094,-0.019646785877783783,that sea
today,2.298080822407597,0.29153759463101075,-0.27216103017325766,-0.050012154943244486,0.20757759131140924,0.00550524117353153,today
level+s today,2.298080822407597,0.29153759463101075,-0.27216103017325766,-0.050012154943244486,0.20757759131140924,0.00550524117353153,level+s today
today are,2.290732431252848,0.2862121371005256,-0.2689582860082941,-0.04680941077828091,0.21078033547637295,0.008707985338495204,today are
climbing,2.2861049892289165,0.2828262948995392,-0.266936171969459,-0.04478729673944568,0.21280244951520816,0.010730099377330207,climbing
are climbing,2.2861049892289165,0.2828262948995392,-0.266936171969459,-0.04478729673944568,0.21280244951520816,0.010730099377330207,are climbing
climbing more,2.276399269640346,0.2756421694586275,-0.2626816075116941,-0.04053273228168086,0.2170570139729728,0.014984663835095264,climbing more
quickly,2.2713868049272445,0.2718874405262166,-0.26047725283862017,-0.038328377608606835,0.2192613686460469,0.017189018508169052,quickly
more quickly,2.2713868049272445,0.2718874405262166,-0.26047725283862017,-0.038328377608606835,0.2192613686460469,0.017189018508169052,more quickly
quickly than,2.263864499178961,0.26619462083357454,-0.25715998896855596,-0.03501111373854258,0.22257863251611107,0.020506282378233327,quickly than
time the,2.2473156832154264,0.2534191071937795,-0.24982315491254156,-0.027674279682528332,0.2299154665721255,0.02784311643424777,time the
past,2.244335296309778,0.25108063831792576,-0.24849607613610036,-0.026347200906087047,0.23124254534856672,0.029170195210688886,past
the past,2.244335296309778,0.25108063831792576,-0.24849607613610036,-0.026347200906087047,0.23124254534856672,0.029170195210688886,the past
"past 4,000",2.240744063610876,0.24824730728807737,-0.24689466256983097,-0.024745787339817686,0.23284395891483597,0.030771608776958222,"past 4,000"
year+s with,2.2320403227219923,0.24130879068050967,-0.24300279069622518,-0.020853915466211796,0.23673583078844188,0.034663480650564175,year+s with
facing,2.215868375225077,0.22814032410761687,-0.23573105026401497,-0.013582175034001637,0.244007571220652,0.041935221082774206,facing
city+es facing,2.215868375225077,0.22814032410761687,-0.23573105026401497,-0.013582175034001637,0.244007571220652,0.041935221082774206,city+es facing
facing some,2.2122799437230016,0.2251683341938646,-0.234110313093932,-0.011961437863918683,0.245628308390735,0.043555958252857255,facing some
+5154,2.208368395648109,0.22190758670779218,-0.2323406409574335,-0.010191765727420277,0.24739798052723347,0.0453256303893558,+5154
some +5154,2.208368395648109,0.22190758670779218,-0.2323406409574335,-0.010191765727420277,0.24739798052723347,0.0453256303893558,some +5154
+5154 char+s,2.2055580413412157,0.21955106725904766,-0.23106723745749985,-0.008918362227486787,0.24867138402716696,0.04659903388928949,+5154 char+s
Perak,6.530138606001996,-0.4086516940994495,0.23342972393866393,0.07481051925059766,-0.8367762282170844,-0.022785491490654914,Perak
Bukit,6.953398468301758,-0.4196942616970289,0.242169043117392,0.07180486716645222,-0.8995785874257833,-0.031136308622274612,Bukit
perak bukit,3.817714907853352,-0.2845967627158191,0.13295989223772425,0.09657127295267676,-0.3000001110890602,0.052444243725869165,perak bukit
Merah,7.095772980847228,-0.423131467852733,0.24488926600897787,0.07082182955884746,-0.9198473110629904,-0.03381301156322001,Merah
bukit merah,7.095772980847228,-0.423131467852733,0.24488926600897787,0.07082182955884746,-0.9198473110629904,-0.03381301156322001,bukit merah
Dam,12.850264534226966,-0.30997588964729245,0.263946685694473,-0.007776283051083742,-1.5137124565705153,-0.15315650971551129,Dam
merah dam,7.304803565824383,-0.4279512803345559,0.24870444213532172,0.06940365860155913,-0.948880213588011,-0.03763157351973039,merah dam
Releases,4.223754472691802,-0.31264613880958286,0.15631118473479746,0.09319137608874091,-0.40107247710439325,0.03769438429612164,Releases
dam release+s,4.223754472691802,-0.31264613880958286,0.15631118473479746,0.09319137608874091,-0.40107247710439325,0.03769438429612164,dam release+s
release+s water,4.627230422178137,-0.3359190676743235,0.17532772015630915,0.08980027588642649,-0.49230656728150746,0.02463397288890278,release+s water
amid,5.071216202846415,-0.3574777780956267,0.19271428402156454,0.08611506360364286,-0.5839287301741981,0.01174104655673615,amid
water amid,5.071216202846415,-0.3574777780956267,0.19271428402156454,0.08611506360364286,-0.5839287301741981,0.01174104655673615,water amid
amid heavy,5.702106270741379,-0.3826331569676895,0.21279707179732607,0.08105377889213602,-0.701183686887082,-0.004455327190396233,amid heavy
IPOH,7.211653744044598,-0.4258355699751583,0.24702958369937605,0.07003197179237686,-0.9360463522220795,-0.03594584874796542,IPOH
rainfall ipoh,5.281067932247331,-0.3664739449189641,0.1999175210345029,0.08440526729311665,-0.6244763962817405,0.0061027241493366935,rainfall ipoh
ipoh water,6.549001655110162,-0.40917222320834923,0.23384176642073404,0.0746738941244293,-0.8396606780830608,-0.023170939406041646,ipoh water
water from,6.108679402617034,-0.3962372338494321,0.22359628797898393,0.07792854285088256,-0.7700586718913209,-0.013818288228309635,water from
from the,5.8330884457808,-0.3872107162518197,0.21643446831214821,0.08003460418267877,-0.7238946697768694,-0.007554740056429268,from the
the bukit,5.391282820483165,-0.3709337517919334,0.2034790934473398,0.08351729810941035,-0.6451314158130359,0.0032459562861874274,the bukit
being,10.799892982121422,-0.1855015289804228,0.21905989410360685,-0.036221985723459006,-1.3398842841382652,-0.16653741822826557,being
dam being,5.0616698941517795,-0.3578059738884404,0.19318586707665028,0.08525907802034047,-0.5820445065823002,0.011165328323815709,dam being
released,4.982768306052025,-0.3557080712212644,0.1919242241567984,0.08405912989202473,-0.5663336804592881,0.011704226597259032,released
being released,4.982768306052025,-0.3557080712212644,0.1919242241567984,0.08405912989202473,-0.5663336804592881,0.011704226597259032,being released
downstream,5.060991265887279,-0.3625419465877835,0.1982742406651832,0.079353302752525,-0.5819104255822969,0.005878771890981394,downstream
released downstream,5.060991265887279,-0.3625419465877835,0.1982742406651832,0.079353302752525,-0.5819104255822969,0.005878771890981394,released downstream
downstream du+e,5.360095147524033,-0.37696556776983986,0.21007606472605744,0.07488655935391446,-0.6393297854489114,-0.003949322123470139,downstream du+e
du+e increasing,5.606847933634632,-0.3881841876383496,0.2192409792690348,0.07093591454710227,-0.6843367550866847,-0.011955531654924613,du+e increasing
increasing water,9.41834160221822,-0.23166473023241074,0.21995539059670927,-0.005383903598789041,-1.2030070814896079,-0.12735220044250395,increasing water
water level+s,11.414661722071143,-0.1021660628206301,0.19605538973529008,-0.06922489531689544,-1.3952467041529102,-0.2012589014270324,water level+s
level+s from,6.108679402617034,-0.3962372338494321,0.22359628797898393,0.07792854285088256,-0.7700586718913209,-0.013818288228309635,level+s from
continuous,14.263090709658226,-0.48678168656799586,0.35199652437114926,-0.06666360754558368,-1.6180231904292184,-0.2152863042907976,continuous
from continuous,8.408547521970574,-0.5147343982437245,0.32038946546000474,-0.010315616530033626,-1.0895968097432236,-0.12255362654569937,from continuous
continuous rainfall,21.834648033352188,-0.49062822588593935,0.3337192144668637,0.0027307327854146743,-2.043846126548287,-0.17839172512597506,continuous rainfall
Read,6.839567090726385,-0.34369079182589596,0.2230487998984915,0.052359866112143764,-0.8830724979220518,-0.04738503160164732,Read
full,6.530601240352628,-0.3338488661185537,0.2164855044036767,0.05287183174837489,-0.8368470717307395,-0.042732675258944905,full
read full,6.530601240352628,-0.3338488661185537,0.2164855044036767,0.05287183174837489,-0.8368470717307395,-0.042732675258944905,read full
full story,6.369133162990183,-0.3293628671175021,0.21353779275372786,0.052487971673893206,-0.8118114382809712,-0.04077584822007298,full story
story ipoh,4.223754472691802,-0.31264613880958286,0.15631118473479746,0.09319137608874091,-0.40107247710439325,0.03769438429612164,story ipoh
perak water,4.627230422178137,-0.3359190676743235,0.17532772015630915,0.08980027588642649,-0.49230656728150746,0.02463397288890278,perak water
committee,4.336340999591103,-0.31954944117476225,0.16198249451847455,0.0922445660928724,-0.4273789639822359,0.033904810070826144,committee
water committee,4.336340999591103,-0.31954944117476225,0.16198249451847455,0.0922445660928724,-0.4273789639822359,0.033904810070826144,water committee
chairman,4.0148236426592,-0.2988758984979122,0.14491248331196863,0.09494098008505059,-0.3503414809361453,0.045059113762286364,chairman
committee chairman,4.0148236426592,-0.2988758984979122,0.14491248331196863,0.09494098008505059,-0.3503414809361453,0.045059113762286364,committee chairman
Datuk,3.817714907853352,-0.2845967627158191,0.13295989223772425,0.09657127295267676,-0.3000001110890602,0.052444243725869165,Datuk
chairman datuk,3.817714907853352,-0.2845967627158191,0.13295989223772425,0.09657127295267676,-0.3000001110890602,0.052444243725869165,chairman datuk
Seri,3.7149169458003524,-0.27659052771024223,0.12619374111740844,0.09740829673198298,-0.2727043805930885,0.05648206662842124,Seri
datuk seri,3.7149169458003524,-0.27659052771024223,0.12619374111740844,0.09740829673198298,-0.2727043805930885,0.05648206662842124,datuk seri
Mohammad,3.6415712593010734,-0.2706215801460256,0.12111728795624387,0.09799793269296263,-0.2527633122714394,0.059447356327241636,Mohammad
seri mohammad,3.6415712593010734,-0.2706215801460256,0.12111728795624387,0.09799793269296263,-0.2527633122714394,0.059447356327241636,seri mohammad
Nizar,3.530570344452915,-0.2611514865795477,0.11300425620210423,0.09887533915367444,-0.22180748768063674,0.06407715754861575,Nizar
mohammad nizar,3.530570344452915,-0.2611514865795477,0.11300425620210423,0.09887533915367444,-0.22180748768063674,0.06407715754861575,mohammad nizar
Jamaluddin,3.4680862906705427,-0.25557419161208933,0.10819092892754824,0.09935980333176835,-0.2039509996983532,0.06676290810232621,Jamaluddin
nizar jamaluddin,3.4680862906705427,-0.25557419161208933,0.10819092892754824,0.09935980333176835,-0.2039509996983532,0.06676290810232621,nizar jamaluddin
said,6.355677082887498,-0.18412683033319635,0.1840130238919504,-0.014055812283649148,-0.8096965014200856,-0.10085293017943808,said
jamaluddin said,3.3711456981685832,-0.24654426624206985,0.10033992366622059,0.10009526138081228,-0.1756007154906181,0.07105041616247457,jamaluddin said
th…,3.3330424050984395,-0.24286267313718404,0.09711772393847476,0.10037822182898427,-0.164233581166498,0.07277776516910686,th…
said th…,3.3330424050984395,-0.24286267313718404,0.09711772393847476,0.10037822182898427,-0.164233581166498,0.07277776516910686,said th…
+1727,3.297964831872333,-0.2394043356577385,0.09407937881998493,0.1006353159661356,-0.15365361972947572,0.07438983223850244,+1727
th… +1727,3.297964831872333,-0.2394043356577385,0.09407937881998493,0.1006353159661356,-0.15365361972947572,0.07438983223850244,th… +1727
+1727 chars,3.2593303328802317,-0.2355162843169004,0.09064989799195511,0.10091443920061016,-0.14186981403529475,0.07619032073678651,+1727 chars
Efforts,3.5975206578510353,0.024357696344846108,0.005905971445100078,0.007830681823826166,-0.24059296116256484,-0.01764067614875756,Efforts
underway,3.7008680148552817,0.04796229086338099,-0.000260442898053966,-0.004303646870298982,-0.2689154498657811,-0.03190410353017638,underway
efforts underway,3.7008680148552817,0.04796229086338099,-0.000260442898053966,-0.004303646870298982,-0.2689154498657811,-0.03190410353017638,efforts underway
manage,3.950278780003299,0.12233842372460234,-0.02702461704811548,-0.04143768359111521,-0.3341342127586185,-0.07267704256385969,manage
underway manag+e,3.950278780003299,0.12233842372460234,-0.02702461704811548,-0.04143768359111521,-0.3341342127586185,-0.07267704256385969,underway manag+e
manag+e rising,4.328327391637767,0.2566541251238136,-0.09227946514654449,-0.11376603556187016,-0.42552924282122623,-0.14743713527647473,manag+e rising
rising water,4.099825623450972,0.10064987613583701,-0.008339367716804895,-0.03790646517438775,-0.3712925010602001,-0.07429843340803557,rising water
Air,8.299578592450054,-0.12822498439839444,0.1751741680507318,-0.024375851907050997,-1.076552800639659,-0.13431852929972518,Air
level+s air,4.173962999484139,-0.03587844546815388,0.06119186924465844,0.00735738082824803,-0.38921400321348887,-0.03676964839855957,level+s air
Itam,8.265259343234488,-0.14321105266965747,0.1808249266519405,-0.02097816686007942,-1.0724091683924817,-0.13085730393754183,Itam
air itam,8.265259343234488,-0.14321105266965747,0.1808249266519405,-0.02097816686007942,-1.0724091683924817,-0.13085730393754183,air itam
itam dam,8.303656744505787,-0.16279029552243013,0.1891392606114657,-0.01796128716898136,-1.0770440485265897,-0.12849126020966486,itam dam
GEORGE,6.510731869876174,-0.1938303606508147,0.1808458469841681,0.003935688103614582,-0.8337999314295843,-0.08685168601688192,GEORGE
dam george,4.44814667357665,-0.11065882232421483,0.10417520484357297,0.018919501973335896,-0.45283559069923623,-0.03401787810539868,dam george
TOWN,7.011064340254879,-0.23728767041393795,0.20629720964995013,0.000610303794187087,-0.907837580346653,-0.09670108893814852,TOWN
george town,7.011064340254879,-0.23728767041393795,0.20629720964995013,0.000610303794187087,-0.907837580346653,-0.09670108893814852,george town
With,7.686462940510166,-0.2857699715056681,0.2370046469986462,-0.01117289096465033,-0.9998087811050961,-0.11562984927977421,With
town with,7.686462940510166,-0.2857699715056681,0.2370046469986462,-0.01117289096465033,-0.9998087811050961,-0.11562984927977421,town with
with continuous,8.713547503778246,-0.3550167805177808,0.2847592172347196,-0.04594586475531871,-1.1252270579685089,-0.15818387477098456,with continuous
filling,8.447632386254314,-0.30914375002607775,0.2300152218920572,0.031149769979311792,-1.094234270252454,-0.08493393522102557,filling
rainfall filling,8.447632386254314,-0.30914375002607775,0.2300152218920572,0.031149769979311792,-1.094234270252454,-0.08493393522102557,rainfall filling
filling the,7.237172361203053,-0.268805628686086,0.2047428100289671,0.03396233782647073,-0.9395786313851814,-0.06916902741642446,filling the
the air,6.4682080726901745,-0.1613032953084374,0.1619248986842417,0.009290277002481022,-0.8272471698737528,-0.08138464908624636,the air
dam the,7.237172361203053,-0.268805628686086,0.2047428100289671,0.03396233782647073,-0.9395786313851814,-0.06916902741642446,dam the
brim,5.760072240271569,-0.20706886636121066,0.16214520165392346,0.0376688696818976,-0.7112980754629847,-0.04460525222441032,brim
the brim,5.760072240271569,-0.20706886636121066,0.16214520165392346,0.0376688696818976,-0.7112980754629847,-0.04460525222441032,the brim
efforts,5.55991340098949,-0.1976068880866757,0.15500450345953617,0.038285752903217,-0.6759305918996088,-0.04055012857416756,efforts
brim efforts,5.55991340098949,-0.1976068880866757,0.15500450345953617,0.038285752903217,-0.6759305918996088,-0.04055012857416756,brim efforts
efforts are,5.339749510820839,-0.18692983407102934,0.14668263603728782,0.03903472886209054,-0.635526802905917,-0.03580045918989407,efforts are
are being,5.244929831878054,-0.18225142176721862,0.14293812163580194,0.03938570654731257,-0.6176099227811841,-0.03365002809454797,are being
being made,5.117652778098972,-0.17590289610654047,0.1377515896340226,0.0398892030863984,-0.5930439512773298,-0.030653521450878053,being made
control,4.972560994280154,-0.16889717759850942,0.13199842333876233,0.04010095067447474,-0.5642830571115722,-0.02744068846260373,control
made control,4.972560994280154,-0.16889717759850942,0.13199842333876233,0.04010095067447474,-0.5642830571115722,-0.02744068846260373,made control
control the,7.237172361203053,-0.268805628686086,0.2047428100289671,0.03396233782647073,-0.9395786313851814,-0.06916902741642446,control the
the increasing,4.913905537879311,-0.17102870147113036,0.13280537800877965,0.03901897480344139,-0.552417109973456,-0.027145711745343557,the increasing
story george,4.304706478480113,-0.2148912027352343,0.13695378240528494,0.051698079535048,-0.42005701313752436,-0.0012393005436868167,story george
Penang,3.268467489271077,-0.12830027100901495,0.052236383767107604,0.07129673077758548,-0.14466927645956146,0.050166011735891615,Penang
penang water,3.234455606728948,-0.12498757738528983,0.048977578704438016,0.0714695829193096,-0.1342086906023807,0.051735105886918466,penang water
Supply,3.20744969398161,-0.12235401391357015,0.04635206820227613,0.07161569841797073,-0.12582419263300607,0.05300655978496467,Supply
water supply,3.20744969398161,-0.12235401391357015,0.04635206820227613,0.07161569841797073,-0.12582419263300607,0.05300655978496467,water supply
Corporation,3.17814228153137,-0.11949473327352705,0.04346448907625634,0.07178403031318108,-0.11664489701000978,0.0544132054450416,Corporation
supply corporation,3.17814228153137,-0.11949473327352705,0.04346448907625634,0.07178403031318108,-0.11664489701000978,0.0544132054450416,supply corporation
PBAPP,3.1290853172741153,-0.11471145488711308,0.038541107999090746,0.07209113155894514,-0.10108879006146995,0.05683380574056088,PBAPP
corporation pbapp,3.1290853172741153,-0.11471145488711308,0.038541107999090746,0.07209113155894514,-0.10108879006146995,0.05683380574056088,corporation pbapp
chief,3.1051465600032384,-0.11238132793007677,0.036097463838448134,0.07225373193653935,-0.09340897468080145,0.058046682781928295,chief
pbapp chief,3.1051465600032384,-0.11238132793007677,0.036097463838448134,0.07225373193653935,-0.09340897468080145,0.058046682781928295,pbapp chief
executive,3.085824287262803,-0.11050373262771902,0.034105290656437505,0.07239163399517919,-0.08716687276940799,0.05904156481479777,executive
chief executive,3.085824287262803,-0.11050373262771902,0.034105290656437505,0.07239163399517919,-0.08716687276940799,0.05904156481479777,chief executive
off…,3.0558039040841796,-0.10759408107066978,0.030974961042663424,0.07261852925577238,-0.07739076085374731,0.060616571923740384,off…
executive off…,3.0558039040841796,-0.10759408107066978,0.030974961042663424,0.07261852925577238,-0.07739076085374731,0.060616571923740384,executive off…
+1075,3.038968203728392,-0.105967260575501,0.029200676026821804,0.07275292893826693,-0.07186611025837632,0.06151600235111508,+1075
off… +1075,3.038968203728392,-0.105967260575501,0.029200676026821804,0.07275292893826693,-0.07186611025837632,0.06151600235111508,off… +1075
+1075 chars,3.022928069747614,-0.10442123507761374,0.02749766323624107,0.0728860392453147,-0.06657398030663206,0.06238409069863606,+1075 chars
thwarts,2.8365787643739973,-0.16273466649446522,0.004895570620360666,0.14079689381711974,-0.0029467246747990404,0.13826385939920138,thwarts
rain thwarts,2.8365787643739973,-0.16273466649446522,0.004895570620360666,0.14079689381711974,-0.0029467246747990404,0.13826385939920138,rain thwarts
thwarts india,2.8561870268919454,-0.16493547825530563,0.0067670677535190335,0.14109583678046775,-0.009835587059690086,0.1380931677820323,thwarts india
india and,2.87181937231782,-0.1666740758407475,0.008240373524125244,0.14132133555583157,-0.015293815681171136,0.13797011561444195,india and
Bangladesh,5.005356463607716,-0.29706581011822775,0.12162621611878367,0.1572968730313771,-0.5708566908511138,0.08697489892822438,Bangladesh
and bangladesh,2.882723062011133,-0.16787856038023213,0.009258368587029692,0.14147194526384171,-0.019083414199832102,0.13789120340003028,and bangladesh
Navi,4.788065886143578,-0.28812504818151435,0.11451950799942139,0.15826784071399955,-0.5264746074026829,0.0884338574118009,Navi
bangladesh navi,2.9243344520173755,-0.17241523395367672,0.013072391884231097,0.1419969135213563,-0.033414976141353615,0.13764312631369777,bangladesh navi
Mumbai,4.6708851759697385,-0.28360692816252564,0.1104942485564652,0.15797932324186137,-0.5016966580149391,0.09123819803201084,Mumbai
navi mumbai,4.6708851759697385,-0.28360692816252564,0.1104942485564652,0.15797932324186137,-0.5016966580149391,0.09123819803201084,navi mumbai
mumbai rain,2.824977628009297,-0.16142184228080977,0.003775775243892901,0.14061151515362713,0.0011514956016803306,0.13837331581985512,mumbai rain
prevents,2.98367251645109,-0.17872882967160286,0.01832516647325432,0.1426116260978224,-0.05350298894132053,0.13743854226070484,prevents
rain prevents,2.98367251645109,-0.17872882967160286,0.01832516647325432,0.1426116260978224,-0.05350298894132053,0.13743854226070484,rain prevents
result,4.555136771703412,-0.2793369856781904,0.10636799942321003,0.1571077357426764,-0.4766036160997878,0.09543894868588051,result
prevents result,3.0287155531293006,-0.1834077272621607,0.02217456410779947,0.1429755504827938,-0.06848667890779445,0.1374040788330629,prevents result
result between,4.482230772865621,-0.2764278257471082,0.10365350114847748,0.1566409344823277,-0.46046892198753325,0.09781370190478134,result between
between bangladesh,4.224611139594497,-0.2635064496731882,0.09315126565868852,0.15703277891879358,-0.40127527772760163,0.10054810756620093,between bangladesh
bangladesh and,4.110364549755648,-0.25769522833938957,0.08813067529137263,0.15658654997127874,-0.37385978193208846,0.1031314676953798,bangladesh and
co-hosts,4.374236786688757,-0.2726742886026357,0.09954892774370191,0.1549484989473879,-0.43608011495478527,0.10380999790068765,co-hosts
and co-hosts,4.374236786688757,-0.2726742886026357,0.09954892774370191,0.1549484989473879,-0.43608011495478527,0.10380999790068765,and co-hosts
co-hosts india,4.0564677018685416,-0.2591554591747819,0.08611295219467768,0.1507227535073538,-0.3606606298726578,0.11863272253372176,co-hosts india
india the,4.576359315423866,-0.2876185383630104,0.10792749736219648,0.14790743711983137,-0.4812518318420882,0.11847451187393489,india the
final,7.00442204724137,-0.3589269529331621,0.16815845664757598,0.14205426621824027,-0.9068897297580737,0.08576718483458552,final
the final,7.00442204724137,-0.3589269529331621,0.16815845664757598,0.14205426621824027,-0.9068897297580737,0.08576718483458552,the final
group,4.778419327887111,-0.2980069143141753,0.11528043145675912,0.14558592738509452,-0.5244578663927466,0.1208624113532798,group
final group,4.778419327887111,-0.2980069143141753,0.11528043145675912,0.14558592738509452,-0.5244578663927466,0.1208624113532798,final group
stage,4.926557183248514,-0.30540850731279273,0.12034333255041517,0.14356880053885193,-0.5549884631097155,0.12323266993436323,stage
group stag+e,4.926557183248514,-0.30540850731279273,0.12034333255041517,0.14356880053885193,-0.5549884631097155,0.12323266993436323,group stag+e
game,5.621866983491853,-0.4109066358051352,0.22735989750613192,0.04395788660100254,-0.6870118713265637,0.029896507516412506,game
stag+e game,5.102865551819911,-0.3140450784432558,0.12605091455721296,0.14081944396288207,-0.5901503139646843,0.12675806487829183,stag+e game
game the,4.576359315423866,-0.2876185383630104,0.10792749736219648,0.14790743711983137,-0.4812518318420882,0.11847451187393489,game the
Women,5.589574450866611,-0.33741030066111655,0.1403244221212888,0.131206390913955,-0.6812512165317355,0.14064653777983405,Women
the women,5.589574450866611,-0.33741030066111655,0.1403244221212888,0.131206390913955,-0.6812512165317355,0.14064653777983405,the women
World,6.099342370955146,-0.36213877726272375,0.15350987674828298,0.11771430604758501,-0.7685290164474387,0.1621140926152596,World
women world,6.099342370955146,-0.36213877726272375,0.15350987674828298,0.11771430604758501,-0.7685290164474387,0.1621140926152596,women world
Cup,6.700468548267301,-0.3932181447234534,0.16752321645593574,0.09669988594389513,-0.8625255156489783,0.1969477738577457,Cup
world cup,6.700468548267301,-0.3932181447234534,0.16752321645593574,0.09669988594389513,-0.8625255156489783,0.1969477738577457,world cup
cup persistent,8.17122839017667,-0.48610489894523146,0.19854645963177772,0.018313882768459522,-1.0609673104447306,0.32027049507270683,cup persistent
rain has,5.43111776675817,-0.3086521062426979,0.13359616891026066,0.1599645853323734,-0.6524930221133171,0.07156347699175226,rain has
has the,3.3379493608510593,-0.2133905531387703,0.045844385468033926,0.14319128403474982,-0.1657047137386137,0.14022669911393884,has the
say,6.211524119491893,-0.3292538785909883,0.15192871512702352,0.15886279095131553,-0.7867543548222914,0.0582071559589915,say
final say,6.211524119491893,-0.3292538785909883,0.15192871512702352,0.15886279095131553,-0.7867543548222914,0.0582071559589915,final say
prevented,3.8740245357551455,-0.24328587339849095,0.07669418517598994,0.15711313514559047,-0.31464195752698154,0.10417575506685582,prevented
rain prevented,3.8740245357551455,-0.24328587339849095,0.07669418517598994,0.15711313514559047,-0.31464195752698154,0.10417575506685582,rain prevented
prevented result,3.6176470983118514,-0.22723356673426168,0.06279151763134125,0.1552169593873009,-0.24617190079174467,0.1105129164663212,prevented result
had,5.43111776675817,-0.3086521062426979,0.13359616891026066,0.1599645853323734,-0.6524930221133171,0.07156347699175226,had
rain hab+d,5.43111776675817,-0.3086521062426979,0.13359616891026066,0.1599645853323734,-0.6524930221133171,0.07156347699175226,rain hab+d
hab+d the,3.3379493608510593,-0.2133905531387703,0.045844385468033926,0.14319128403474982,-0.1657047137386137,0.14022669911393884,hab+d the
say navi,3.9602379420319185,-0.2482258306581792,0.08096914565552973,0.157611684240145,-0.33665216895298966,0.10211469244752552,say navi
Chasing,3.6350473525649507,-0.2283930900906436,0.06379677691405913,0.1553676716154685,-0.2509701968610783,0.11007268634737344,Chasing
adjusted,3.4698394082122097,-0.2169264488494813,0.05384494081264067,0.1537865391329172,-0.20445637195371233,0.11431396266493697,adjusted
chasing adjusted,3.4698394082122097,-0.2169264488494813,0.05384494081264067,0.1537865391329172,-0.20445637195371233,0.11431396266493697,chasing adjusted
target,3.3667620902657536,-0.2092171462257861,0.04713756431237057,0.15261256812195914,-0.17429953754074132,0.11703117830591506,target
adjusted target,3.3667620902657536,-0.2092171462257861,0.04713756431237057,0.15261256812195914,-0.17429953754074132,0.11703117830591506,adjusted target
+1633,3.266205274844778,-0.20124123375027617,0.0401804325691062,0.15130708839975618,-0.143976903758332,0.11973591363017957,+1633
target +1633,3.266205274844778,-0.20124123375027617,0.0401804325691062,0.15130708839975618,-0.143976903758332,0.11973591363017957,target +1633
+1633 char+s,3.2199618092700657,-0.19741133353932597,0.036832347137449005,0.15064805549025523,-0.12971755813086358,0.12099793250132124,+1633 char+s
Rabi,2.2801742600081045,0.2784498085516195,-0.2643385504785394,-0.042189675248526154,0.21540007100612768,0.013327720868249977,Rabi
pulses,2.5136050008413875,0.42428828894551485,-0.3618046586355261,-0.13965578340551277,0.11793396284914083,-0.08413838728873674,pulses
rabi puls+es,2.5136050008413875,0.42428828894551485,-0.3618046586355261,-0.13965578340551277,0.11793396284914083,-0.08413838728873674,rabi puls+es
area,2.3006309106227567,0.29337114637802075,-0.27327007489037863,-0.05112119966036533,0.20646854659428834,0.004396196456410768,area
puls+es area,2.3006309106227567,0.29337114637802075,-0.27327007489037863,-0.05112119966036533,0.20646854659428834,0.004396196456410768,puls+es area
4.5,2.5213809572974917,0.428367983584009,-0.36489343095901294,-0.14274455572899963,0.11484519052565405,-0.08722715961222349,4.5
area 4.5,2.323604646197799,0.3095614182422401,-0.2832063873076117,-0.061057512077598367,0.19653223417705537,-0.005540115960822411,area 4.5
lakh,2.7167511332121403,0.5187972992985819,-0.4395234106859295,-0.2173745354559162,0.04021521079873738,-0.1618571393391402,lakh
4.5 lakh,2.528655838021339,0.4321471892503235,-0.36777455284030525,-0.145625677610292,0.11196406864436177,-0.09010828149351592,4.5 lakh
lakh early,2.364875756959121,0.33724178200977295,-0.3008121671132789,-0.07866329188326558,0.17892645437138816,-0.02314589576648958,lakh early
early sowing,2.3862284732076615,0.3509021512702279,-0.3098007554411584,-0.08765188021114519,0.16993786604350852,-0.03213448409436918,early sowing
extended,2.437282814887344,0.38189307251500987,-0.3309704989400883,-0.10882162371007491,0.14876812254457875,-0.05330422759329903,extended
the extended,2.437282814887344,0.38189307251500987,-0.3309704989400883,-0.10882162371007491,0.14876812254457875,-0.05330422759329903,the extended
extended monsoon,2.4987146948832946,0.4163576820404007,-0.3558631582261027,-0.13371428299608942,0.12387546325856437,-0.07819688687931327,extended monsoon
monsoon has,2.584877330846453,0.46018554174612913,-0.3897647332210832,-0.1676158579910701,0.08997388826358364,-0.11209846187429402,monsoon has
has led,2.652248015195741,0.49128492639232485,-0.4154942686142983,-0.19334539338428497,0.06424435287036875,-0.13782799726750908,has led
higher,3.5533049416730877,0.7520506688935649,-0.707964820494065,-0.4858159452640518,-0.2282261990093981,-0.43029854914727567,higher
led higher,2.909377017267161,0.5900737655977832,-0.508025655455614,-0.28587678022560065,-0.028287033970946982,-0.2303593841088246,led higher
residual,2.7870312051028554,0.5465465772917689,-0.46506362570591653,-0.24291475047590333,0.01467499577875046,-0.18739735435912733,residual
higher residual,2.7870312051028554,0.5465465772917689,-0.46506362570591653,-0.24291475047590333,0.01467499577875046,-0.18739735435912733,higher residual
residual soil,3.325430016969686,0.7046461790593086,-0.6416856747622394,-0.4195367995322262,-0.16194705327757253,-0.36401940341545,residual soil
soil moistur+e,3.076938926901489,0.6415638187042358,-0.5640219284868004,-0.3418730532567871,-0.0842833070021334,-0.2863556571400112,soil moistur+e
moistur+e level+s,2.6956629256446556,0.5100297650329231,-0.4317308382582702,-0.2095819630282568,0.048007783226396816,-0.15406456691148085,moistur+e level+s
level+s and,2.5805430356920986,0.4580946721831675,-0.3880865363410498,-0.16593766111103636,0.09165208514361724,-0.11042026499426037,level+s and
seen,2.809623612429913,0.5550175099568153,-0.4731372092243259,-0.2509883339943125,0.006601412260341105,-0.19547093787753667,seen
and see+n,2.5085163723073034,0.42159571980727256,-0.3597781722575884,-0.13762929702757526,0.11996044922707842,-0.08211190091079924,and see+n
favourable,2.4707355463825893,0.4010200761749161,-0.3446025789710446,-0.12245370374103146,0.13513604251362235,-0.06693630762425538,favourable
see+n favourable,2.4707355463825893,0.4010200761749161,-0.3446025789710446,-0.12245370374103146,0.13513604251362235,-0.06693630762425538,see+n favourable
favourable for,2.4101146905178066,0.36568473752595415,-0.31976101640138294,-0.09761214117136971,0.15997760508328404,-0.042094745054593756,favourable for
farmers,2.393102428548696,0.3552090489766077,-0.3126772920201029,-0.0905284167900896,0.16706132946456412,-0.035011020673313756,farmers
for farmer+s,2.393102428548696,0.3552090489766077,-0.3126772920201029,-0.0905284167900896,0.16706132946456412,-0.035011020673313756,for farmer+s
farmer+s take,2.3811509677093152,0.34769281748772385,-0.30767065126919635,-0.08552177603918311,0.1720679702154706,-0.03000437992240706,farmer+s take
take the,2.388184877333794,0.35213235819546773,-0.31062029245732853,-0.08847141722731511,0.16911832902733862,-0.03295402111053919,take the
plantings,2.4086554852586524,0.36479626574734664,-0.31915538249458586,-0.09700650726457258,0.160583238990081,-0.04148911114779666,plantings
rabi planting+s,2.4086554852586524,0.36479626574734664,-0.31915538249458586,-0.09700650726457258,0.160583238990081,-0.04148911114779666,rabi planting+s
Also,2.4719857833264296,0.40171793783342435,-0.3451084691020499,-0.12295959387203648,0.13463015238261708,-0.06744219775526059,Also
also the,2.5612658076265618,0.44865535576148974,-0.3805882729971429,-0.1584393977671296,0.09915034848752412,-0.1029220016503536,also the
the higher,2.7151291532884896,0.5181304914485787,-0.4389262031311574,-0.21677732790114398,0.04081241835350964,-0.16125993178436795,the higher
higher water,2.495566309238624,0.41466057059592704,-0.35460236170338777,-0.13245348647337457,0.12513625978127899,-0.07693609035659854,higher water
reservoirs,2.362884442683648,0.3359455886845507,-0.29996977481369475,-0.0778208995836814,0.17976884667097234,-0.022303503466905333,reservoirs
level+s reservoir+s,2.362884442683648,0.3359455886845507,-0.29996977481369475,-0.0778208995836814,0.17976884667097234,-0.022303503466905333,level+s reservoir+s
reservoir+s are,2.322018299001086,0.30846208376768613,-0.282523444556087,-0.06037456932607362,0.1972151769285799,-0.004857173209297716,reservoir+s are
are see+n,2.3107815803938623,0.30059669827162244,-0.2776724944029701,-0.055523619172956735,0.20206612708169705,-6.223056180694847e-06,are see+n
aiding,2.2985007108743023,0.2918400120215939,-0.2723437261462685,-0.05019485091625532,0.20739489533839833,0.005322545200520651,aiding
see+n aiding,2.2985007108743023,0.2918400120215939,-0.2723437261462685,-0.05019485091625532,0.20739489533839833,0.005322545200520651,see+n aiding
aiding the,2.5612658076265618,0.44865535576148974,-0.3805882729971429,-0.1584393977671296,0.09915034848752412,-0.1029220016503536,aiding the
trend,2.2764397784169663,0.27567238912636804,-0.26269940246389584,-0.04055052723388268,0.21703921902077103,0.014966868882893392,trend
the trend,2.2764397784169663,0.27567238912636804,-0.26269940246389584,-0.04055052723388268,0.21703921902077103,0.014966868882893392,the trend
Farmers,2.2664830607430853,0.26818429746445804,-0.2583159982244021,-0.03616712299438888,0.22142262326026485,0.01935027312238714,Farmers
trend farmer+s,2.2664830607430853,0.26818429746445804,-0.2583159982244021,-0.03616712299438888,0.22142262326026485,0.01935027312238714,trend farmer+s
farmer+s across,2.2548569913759815,0.2592844367086455,-0.25317323308974593,-0.031024357859732513,0.22656538839492113,0.024493038257043492,farmer+s across
country have,2.2326110166724042,0.24176688110376424,-0.24325844064966476,-0.021109565419651605,0.23648018083500216,0.03440783069712454,country have
planted,2.2276852860632914,0.23779835904048885,-0.24104973868134463,-0.018900863451331424,0.23868888280332248,0.03661653266544466,planted
have planted,2.2276852860632914,0.23779835904048885,-0.24104973868134463,-0.018900863451331424,0.23868888280332248,0.03661653266544466,have planted
planted rabi,2.220418717252886,0.23188258309990425,-0.2377824700791573,-0.015633594849143916,0.2419561514055097,0.03988380126763216,planted rabi
such,2.2107046618624917,0.22385781242517325,-0.23339799683349188,-0.011249121603478622,0.24634062465117493,0.044268274513297456,such
puls+es such,2.2107046618624917,0.22385781242517325,-0.23339799683349188,-0.011249121603478622,0.24634062465117493,0.044268274513297456,puls+es such
chana,2.2048841952416876,0.21898431757735917,-0.2307616689595466,-0.008612793729533224,0.24897695252512025,0.046904602387242714,chana
such chana,2.2048841952416876,0.21898431757735917,-0.2307616689595466,-0.008612793729533224,0.24897695252512025,0.046904602387242714,such chana
chana and,2.200811504002687,0.21554464208629134,-0.22891283841058396,-0.006763963180570778,0.25082578307408293,0.048753432936205265,chana and
lentils,2.1982218774140145,0.21334469545912216,-0.22773547662981058,-0.005586601399797312,0.25200314485485625,0.04993079471697873,lentils
and lentils,2.1982218774140145,0.21334469545912216,-0.22773547662981058,-0.005586601399797312,0.25200314485485625,0.04993079471697873,and lentils
about,3.4285185118517147,0.192383033818488,-0.07470295805015417,-0.0876645062707045,-0.19247630625029385,-0.09315902250581794,about
lentils about,2.191562333995125,0.20764089597994814,-0.22470136460650483,-0.002552489376491462,0.2550372568781621,0.05296490674028437,lentils about
about 4.5,2.1881859724526054,0.2047232769200176,-0.22315955810296792,-0.0010106828729547974,0.256579063381699,0.054506713243821364,about 4.5
hectares,2.183419541740135,0.20057446391971018,-0.22097892557070656,0.001169949659306723,0.2587596959139604,0.05668734577608276,hectares
lakh hectares,2.183419541740135,0.20057446391971018,-0.22097892557070656,0.001169949659306723,0.2587596959139604,0.05668734577608276,lakh hectares
hectares till,2.1789732083595332,0.19667223057070068,-0.21894044110816102,0.0032084341218525094,0.2607981803765061,0.05872583023862835,hectares till
October,2.1766278524158897,0.1946012775540493,-0.21786350309772526,0.004285372132287902,0.2618751183869415,0.05980276824906392,October
till october,2.1766278524158897,0.1946012775540493,-0.21786350309772526,0.004285372132287902,0.2618751183869415,0.05980276824906392,till october
october increase,2.172768509304575,0.19117433342009663,-0.21608884574151452,0.006060029488498893,0.26364977574315246,0.06157742560527476,october increase
2.74,2.1706117460554237,0.18924875782929187,-0.21509571905233824,0.007053156177674985,0.2646429024323287,0.06257055229445092,2.74
increase 2.74,2.1706117460554237,0.18924875782929187,-0.21509571905233824,0.007053156177674985,0.2646429024323287,0.06257055229445092,increase 2.74
per,2.169750739371855,0.18847793635549745,-0.21469897491045906,0.007449900319554288,0.26503964657420775,0.06296729643633024,per
2.74 per,2.169750739371855,0.18847793635549745,-0.21469897491045906,0.007449900319554288,0.26503964657420775,0.06296729643633024,2.74 per
cent,2.169076971860706,0.18787389999284065,-0.21438839907688995,0.007760476153123448,0.265350222407777,0.06327787226989937,cent
per cent,2.169076971860706,0.18787389999284065,-0.21438839907688995,0.007760476153123448,0.265350222407777,0.06327787226989937,per cent
cent over,2.168252859862126,0.1871340716149446,-0.21400839015874396,0.008140485071269328,0.26573023132592316,0.06365788118804525,cent over
same,2.167448119077487,0.18641056122223323,-0.2136371741557081,0.008511701074305211,0.26610144732895885,0.06402909719108124,same
over sam+e,2.167448119077487,0.18641056122223323,-0.2136371741557081,0.008511701074305211,0.26610144732895885,0.06402909719108124,over sam+e
period,2.1666620005274524,0.18570276804584146,-0.21327441523313279,0.008874459996880312,0.2664642062515342,0.0643918561136564,period
sam+e period,2.1666620005274524,0.18570276804584146,-0.21327441523313279,0.008874459996880312,0.2664642062515342,0.0643918561136564,sam+e period
last,2.1655913771291027,0.1847371828100189,-0.21278015816789903,0.0093687170621142,0.2669584633167679,0.06488611317889022,last
period last,2.1655913771291027,0.1847371828100189,-0.21278015816789903,0.0093687170621142,0.2669584633167679,0.06488611317889022,period last
last year+s,2.1648471297107728,0.18406483989062408,-0.21243642973278473,0.00971244549722867,0.2673021917518823,0.06522984161400465,last year+s
4.38,2.163975574079938,0.1832763248365021,-0.21203375413147246,0.010115121098540916,0.26770486735319454,0.06563251721531681,4.38
year+s 4.38,2.163975574079938,0.1832763248365021,-0.21203375413147246,0.010115121098540916,0.26770486735319454,0.06563251721531681,year+s 4.38
4.38 lakh,2.1860254691227743,0.20284709803943038,-0.22217172130798138,-2.2846077968058812e-05,0.25756690017668565,0.055494550038807995,4.38 lakh
Chana…,2.161893221854398,0.181387274918457,-0.21107101000555833,0.011077865224454803,0.2686676114791085,0.06659526134123092,Chana…
+1687,2.160835271409958,0.1804247665410673,-0.2105815272785209,0.011567347951492274,0.2691570942061462,0.06708474406826839,+1687
chana… +1687,2.160835271409958,0.1804247665410673,-0.2105815272785209,0.011567347951492274,0.2691570942061462,0.06708474406826839,chana… +1687
+1687 chars,2.160064267788573,0.17972213965316752,-0.210224655463949,0.01192421976606413,0.26951396602071775,0.06744161588284009,+1687 chars
Why,3.930162232519675,-0.2465266800168605,0.07949877262363465,0.1574448499999822,-0.3290287646885268,0.10282980733602747,Why
why new,4.177029987251856,-0.2597619357862303,0.09095421829089051,0.15861198540904423,-0.3899485237454737,0.09707999390401978,why new
making,4.798599646088284,-0.2871397490292133,0.11473055519209122,0.15999130075310913,-0.5286721940710798,0.0837237400630578,making
delhi making,4.798599646088284,-0.2871397490292133,0.11473055519209122,0.15999130075310913,-0.5286721940710798,0.0837237400630578,delhi making
making rain,6.966754269725276,-0.34489501443769555,0.16609195469467047,0.15720842307300148,-0.9014975039453277,0.04671045345270889,making rain
artificially,5.43111776675817,-0.3086521062426979,0.13359616891026066,0.1599645853323734,-0.6524930221133171,0.07156347699175226,artificially
rain artificially,5.43111776675817,-0.3086521062426979,0.13359616891026066,0.1599645853323734,-0.6524930221133171,0.07156347699175226,rain artificially
using,3.90145856850371,-0.2448810635570971,0.07807469270427929,0.15727861538287574,-0.3216985342620988,0.10351617726503701,using
delhi using,3.90145856850371,-0.2448810635570971,0.07807469270427929,0.15727861538287574,-0.3216985342620988,0.10351617726503701,delhi using
'cloud,3.752976414785048,-0.23597442496661017,0.07036499012947027,0.15630088851426815,-0.28289729488999127,0.10712832710036416,'cloud
using 'cloud,3.752976414785048,-0.23597442496661017,0.07036499012947027,0.15630088851426815,-0.28289729488999127,0.10712832710036416,using 'cloud
seeding,3.6176470983118514,-0.22723356673426168,0.06279151763134125,0.1552169593873009,-0.24617190079174467,0.1105129164663212,seeding
'cloud seeding,3.6176470983118514,-0.22723356673426168,0.06279151763134125,0.1552169593873009,-0.24617190079174467,0.1105129164663212,'cloud seeding
bid,3.4212103310659625,-0.21334571942780062,0.05073148002879029,0.1532521574773298,-0.190342445559918,0.11558896729263438,bid
seeding sei+d,3.4212103310659625,-0.21334571942780062,0.05073148002879029,0.1532521574773298,-0.190342445559918,0.11558896729263438,seeding sei+d
dispel,3.346682692798565,-0.20766167228776644,0.045782296377723825,0.15236515344545562,-0.16831767338885548,0.11756697184039697,dispel
sei+d dispel,3.346682692798565,-0.20766167228776644,0.045782296377723825,0.15236515344545562,-0.16831767338885548,0.11756697184039697,sei+d dispel
pollution,3.9295117452710766,-0.24648964812234847,0.07946672654287594,0.1574411594202043,-0.3288632394385173,0.10284531990303479,pollution
dispel pollution,3.282833844263365,-0.20259286680586924,0.04136083192921666,0.1515347244138979,-0.1490550854124166,0.1192849218907958,dispel pollution
pollution but,3.1918131735818864,-0.19502749718579185,0.03474576390336014,0.15022747124858385,-0.12093720741504767,0.12177179648295107,pollution but
can,3.1655295971633444,-0.19276462338504333,0.0327630920431534,0.14982091866300662,-0.11266842999569283,0.12249827891710335,can
but can,3.1655295971633444,-0.19276462338504333,0.0327630920431534,0.14982091866300662,-0.11266842999569283,0.12249827891710335,but can
work,3.1234391655673264,-0.18906430337619615,0.029516648972891142,0.1491408924716646,-0.09928275051472632,0.12366953449908104,work
can work,3.1234391655673264,-0.18906430337619615,0.029516648972891142,0.1491408924716646,-0.09928275051472632,0.12366953449908104,can work
india that,2.9875917694982723,-0.17643722166626077,0.018394206972425296,0.14668049135140954,-0.05481569372955329,0.12751646678826675,india that
that time,2.9687749953997464,-0.17460070851736892,0.016770365512428137,0.14630489823535375,-0.04849746738846038,0.12805740799205043,that time
year,2.940768085814279,-0.17182553658238128,0.01431337978622468,0.14572890095300095,-0.03901886002813436,0.12886620820205558,year
time year,2.940768085814279,-0.17182553658238128,0.01431337978622468,0.14572890095300095,-0.03901886002813436,0.12886620820205558,time year
again,2.924439505075915,-0.17018407230513827,0.012858270332612345,0.14538345280230094,-0.03345089924569005,0.12933977909478953,again
year again,2.924439505075915,-0.17018407230513827,0.012858270332612345,0.14538345280230094,-0.03345089924569005,0.12933977909478953,year again
again the,2.8970535648234783,-0.16739131566303156,0.010379335966742557,0.14478763152000942,-0.024042267492416888,0.13013739328415388,again the
capital,2.8856307454502774,-0.166211470150478,0.009330819506133537,0.14453287005784932,-0.020091564456376988,0.13047132411010554,capital
the capital,2.8856307454502774,-0.166211470150478,0.009330819506133537,0.14453287005784932,-0.020091564456376988,0.13047132411010554,the capital
capital the,2.8970535648234783,-0.16739131566303156,0.010379335966742557,0.14478763152000942,-0.024042267492416888,0.13013739328415388,capital the
worlds,2.8463393620974493,-0.16208411525054126,0.005656874220381605,0.1436274966535396,-0.0063817934559802425,0.13162553932150764,worlds
the worlds,2.8463393620974493,-0.16208411525054126,0.005656874220381605,0.1436274966535396,-0.0063817934559802425,0.13162553932150764,the worlds
most,2.8296861572379215,-0.16030180794263496,0.004067404198206983,0.14322975236894997,-0.0005138661229688518,0.13211735129891292,most
worlds most,2.8296861572379215,-0.16030180794263496,0.004067404198206983,0.14322975236894997,-0.0005138661229688518,0.13211735129891292,worlds most
populous,2.818366540068258,-0.15907887301704043,0.0029757290599961347,0.14295448441739672,0.00349446486544967,0.1324525358707179,populous
most populous,2.818366540068258,-0.15907887301704043,0.0029757290599961347,0.14295448441739672,0.00349446486544967,0.1324525358707179,most populous
nation,2.7990904385789106,-0.15697467881136876,0.0010953375775364423,0.14247638420753234,0.010357419836533667,0.13302497111148476,nation
populous nation,2.7990904385789106,-0.15697467881136876,0.0010953375775364423,0.14247638420753234,0.010357419836533667,0.13302497111148476,populous nation
nation when,2.7830345164505856,-0.1552008394363567,-0.0004918760981082759,0.1420689647062624,0.016110055807827702,0.13350336554602238,nation when
million,2.767892524222899,-0.15351005158010672,-0.0020065430582162417,0.14167690267145341,0.02156573183253896,0.13395584985833045,million
when million,2.767892524222899,-0.15351005158010672,-0.0020065430582162417,0.14167690267145341,0.02156573183253896,0.13395584985833045,when million
million people,2.753580405754794,-0.15189569659441698,-0.003454372519903855,0.1412991871720667,0.026749910294923504,0.13438471274711872,million people
cough,2.7416799866040904,-0.15054119424799497,-0.004670401969248487,0.14097973170081116,0.031081074572619837,0.13474217935774122,cough
people cough,2.7416799866040904,-0.15054119424799497,-0.004670401969248487,0.14097973170081116,0.031081074572619837,0.13474217935774122,people cough
cough and,2.731907149289453,-0.14942048357556212,-0.005677411676086282,0.14071366807250948,0.0346519860998471,0.13503632763721127,cough and
splutter,2.725597975527659,-0.14869292541720155,-0.006331581971881356,0.14054009571020565,0.03696409627772426,0.135226507148066,splutter
and splutt+er,2.725597975527659,-0.14869292541720155,-0.006331581971881356,0.14054009571020565,0.03696409627772426,0.135226507148066,and splutt+er
through,2.7119659438109096,-0.14710996255339084,-0.007756043372569763,0.14016015509201182,0.041978128472527985,0.13563817798698877,through
splutt+er through,2.7119659438109096,-0.14710996255339084,-0.007756043372569763,0.14016015509201182,0.041978128472527985,0.13563817798698877,splutt+er through
toxic,2.7004582197548275,-0.1457618972977008,-0.008970404091040305,0.1398341187442934,0.046230471248678774,0.13598650081255081,toxic
through toxic,2.7004582197548275,-0.1457618972977008,-0.008970404091040305,0.1398341187442934,0.046230471248678774,0.13598650081255081,through toxic
toxic pollution,2.692176014962476,-0.14478493442045104,-0.009851211087461901,0.13959641500127803,0.04930214677639945,0.13623764618508238,toxic pollution
pollution for,2.6789867666646034,-0.1432173479819121,-0.011265826784696032,0.13921251778032495,0.0542132899845808,0.1366383743076753,pollution for
weeks,2.673912967881929,-0.14261041642842606,-0.011813970920456765,0.13906305958410778,0.05610901026845939,0.1367927874111174,weeks
for week+s,2.673912967881929,-0.14261041642842606,-0.011813970920456765,0.13906305958410778,0.05610901026845939,0.1367927874111174,for week+s
end,2.6628900147964343,-0.1412843123337016,-0.013012489323837802,0.1387349087252681,0.06023993614164983,0.13712874342173925,end
week+s end,2.6628900147964343,-0.1412843123337016,-0.013012489323837802,0.1387349087252681,0.06023993614164983,0.13712874342173925,week+s end
These,5.104629219737134,0.26523166280251154,-0.2420140556950271,-0.1553815166496399,0.7562190070848143,-0.20407648725240835,These
these days,2.648979192798981,-0.13959591393029888,-0.01454017059619391,0.13831394495777238,0.06547758535891988,0.1375536710623708,these days
+4356,2.6348293138924856,-0.13786124506810746,-0.016111755153032915,0.13787776420473485,0.07083353749613631,0.1379869921282299,+4356
days +4356,2.6348293138924856,-0.13786124506810746,-0.016111755153032915,0.13787776420473485,0.07083353749613631,0.1379869921282299,days +4356
+4356 char+s,2.628594663906509,-0.1370913350357659,-0.01680995096146374,0.1376829780468948,0.07320258582977417,0.13817826830163196,+4356 char+s
men,5.313634657900098,-0.033069191457789644,0.10870352500989715,-0.04627503952140813,-0.6306241532285708,-0.11168178517715949,men
after,5.3447354412497665,0.0013347968947720712,0.0942739655479557,-0.05805632920671377,-0.636460105879942,-0.12282487384069599,after
m+en after,3.693868318303981,0.022573508604493014,0.02009735288541466,-0.008689625777271757,-0.2670222928074249,-0.0354670196111768,m+en after
after being,5.401381107981874,0.0319826050029145,0.08136570874403283,-0.06938078715588587,-0.6470027407264285,-0.1340652463350538,after being
trapped,6.617637719275426,0.1271961818288837,0.062462000329323815,-0.13495189774353616,-0.8500865253977891,-0.2138794349279357,trapped
being trapped,5.495849494915968,0.07284861448934979,0.06363249093982272,-0.08562362901837475,-0.6643412291883879,-0.15042591498567484,being trapped
trapped flooded,5.875761106179893,0.37154215657181966,-0.11521043518500494,-0.23475441554125207,-0.731183660747432,-0.2904958246060918,trapped flooded
basements,8.386509107195698,-0.038849196958539535,0.17555790945041086,-0.1241569042613692,-1.0869724152073175,-0.2263409971021555,basements
flooded basements,5.688341090930942,0.13967826768377964,0.031117346794462635,-0.11162499746784117,-0.6987667165830339,-0.17733077150082802,flooded basements
during,7.378873395701272,0.03505195105980234,0.1063969211944229,-0.084517911900985,-0.9589690296701814,-0.17871988938813557,during
basements during,5.544926452360382,0.042313534623174526,0.07467529070327557,-0.06612291023942556,-0.673231416058077,-0.13395301352683295,basements during
during thursday,4.199532011632452,-0.044433404281131225,0.06195431688724829,0.01610381436758111,-0.3953211523992271,-0.02979668490039616,during thursday
thursday storm,4.405933188816856,-0.09719497397412685,0.08616053143357785,0.03567700594183295,-0.4433001437031419,-0.018085432176006003,thursday storm
person,5.77227742628871,-0.03425404906381452,0.10192985653166224,-0.021615740378963865,-0.7134147630291807,-0.09820032399154902,person
storm person,4.660340051171256,-0.13385775217070928,0.10343795348585735,0.04912403220495168,-0.4994364769495661,-0.01240795930007272,storm person
walks,5.024938712346957,-0.16916624540074293,0.12045558159625983,0.06200978385958091,-0.5747613164429093,-0.008932779541474744,walks
person walks,5.024938712346957,-0.16916624540074293,0.12045558159625983,0.06200978385958091,-0.5747613164429093,-0.008932779541474744,person walks
walks the,6.06689345330273,-0.23109617153848044,0.15123967850587977,0.08354905990793923,-0.7631947462484904,-0.008081651350884789,walks the
the rain,7.395910462092205,-0.27823816729904777,0.17577847518048453,0.09743066070790932,-0.9612752663104199,-0.013067308912383353,the rain
rain during,4.127448909954802,-0.003738775065666965,0.04359826573255613,0.0004927679038805424,-0.3780075778918495,-0.041454006298110864,rain during
during heavy,5.086510448120194,-0.20265524059450618,0.13595485166299617,0.06586512209511522,-0.5869400844578847,-0.006738812246792606,during heavy
downpour,4.731140823310162,-0.1887798510689434,0.1293909452819623,0.055816862695461086,-0.5145144214030012,-0.008081671992936778,downpour
heavy downpour,4.731140823310162,-0.1887798510689434,0.1293909452819623,0.055816862695461086,-0.5145144214030012,-0.008081671992936778,heavy downpour
downpour oct,4.326515101153018,-0.1749619339939591,0.1243309878410813,0.039679431255501205,-0.4251104505641179,-0.012458798704986264,downpour oct
2025 new,4.069775129736822,-0.17068202511961456,0.12597208124252593,0.023371163503112895,-0.3639358063692326,-0.019641255014539758,2025 new
York,4.018833907720553,-0.1709650609406491,0.12753449626345176,0.018772830359679537,-0.3513398469653921,-0.02215339974388199,York
new york,4.018833907720553,-0.1709650609406491,0.12753449626345176,0.018772830359679537,-0.3513398469653921,-0.02215339974388199,new york
City,3.965008595046927,-0.1721101255701334,0.13012386864427194,0.012905163030559086,-0.3378560819338428,-0.025645413335161914,City
york city,3.965008595046927,-0.1721101255701334,0.13012386864427194,0.012905163030559086,-0.3378560819338428,-0.025645413335161914,york city
FDNY,4.986637536638764,-0.13859470695954132,0.16115852069361958,-0.04381429643710647,-0.5671099013980412,-0.10256215234561274,FDNY
fdny and,3.8466030691912514,-0.18256527542868567,0.14470877092548792,-0.009623842891119961,-0.30753849825599794,-0.04153178633601763,fdny and
NYPD,3.8467401322565613,-0.18784091833215047,0.15007032155531308,-0.014877600688888914,-0.30757412985639215,-0.04611695966163347,NYPD
and nypd,3.8467401322565613,-0.18784091833215047,0.15007032155531308,-0.014877600688888914,-0.30757412985639215,-0.04611695966163347,and nypd
responders,3.9111927118373897,-0.19962895745692036,0.15896870534373253,-0.018111385800270358,-0.32419042799226283,-0.05106075660806456,responders
nypd responders,3.9111927118373897,-0.19962895745692036,0.15896870534373253,-0.018111385800270358,-0.32419042799226283,-0.05106075660806456,nypd responders
pulled,4.091669019928946,-0.2305991387769619,0.1829375865689622,-0.029178828304597212,-0.36930101926771064,-0.06641056699902839,pulled
responders pulled,4.091669019928946,-0.2305991387769619,0.1829375865689622,-0.029178828304597212,-0.36930101926771064,-0.06641056699902839,responders pulled
both,4.252127313835841,-0.25513240686790734,0.20309372049469124,-0.04170236832802783,-0.4077674612577284,-0.08213415176650538,both
pulled both,4.252127313835841,-0.25513240686790734,0.20309372049469124,-0.04170236832802783,-0.4077674612577284,-0.08213415176650538,pulled both
both victims,4.406977785686896,-0.27591350846280105,0.2215780807542427,-0.056230234406570725,-0.4435372042789163,-0.09924265292422348,both victims
victims from,4.799673585215291,-0.3330495480715205,0.2702396593841875,-0.1013080170141872,-0.5288959716414007,-0.1491196207923229,victims from
waterlogged,7.934064842193412,-0.8144272330053464,0.5547576646207679,-0.5734480099532434,-1.0315135538777025,-0.6248115002961222,waterlogged
from waterlogged,5.361530775600695,-0.4225112650194237,0.3395190346727724,-0.1815320419673211,-0.63959758589178,-0.23289553231019952,from waterlogged
waterlogged basements,5.070659642078656,-0.29639366253669963,0.2249691692686428,-0.024651349042321302,-0.5838189751788053,-0.08734007400928928,waterlogged basements
basements heavy,5.92582858460536,-0.29333658765940707,0.19982949764854718,0.042568883912462226,-0.7396685818667559,-0.042940222170070104,basements heavy
heavy rain,7.557636574927097,-0.3261856839775305,0.2088039556710468,0.07579934894756887,-0.9829065780707602,-0.034698620672723675,heavy rain
overwhelmed,6.018100016570398,-0.28131475710366144,0.1878173033068444,0.057337950686232465,-0.7551196567594581,-0.031063157654388763,overwhelmed
rain overwhelmed,6.018100016570398,-0.28131475710366144,0.1878173033068444,0.057337950686232465,-0.7551196567594581,-0.031063157654388763,rain overwhelmed
overwhelmed part+s,4.881348646165303,-0.22035921346431242,0.15791264542104969,0.03633724044466197,-0.5457696027232717,-0.02882906255286162,overwhelmed part+s
officials,5.417465743125277,-0.11574721085285998,0.14731567945023288,-0.02863621115840883,-0.6499761901551259,-0.09796599857805875,officials
city officials,4.251746258585629,-0.1570270422864379,0.12467523694728613,0.019910112587649718,-0.40767784203956364,-0.027901491190485784,city officials
officials said,4.075692503905714,-0.12840091763861028,0.10955681106299044,0.013111614812222021,-0.36538873098350805,-0.028835159389769265,officials said
Two,3.883116823797341,-0.07914696749628648,0.08431607121018071,0.0006687023010875103,-0.31698619538074985,-0.03374761481857564,Two
more two,3.883116823797341,-0.07914696749628648,0.08431607121018071,0.0006687023010875103,-0.31698619538074985,-0.03374761481857564,more two
two m+en,3.8517850685911528,-0.06654779606729135,0.0780692933900915,-0.0028057119528519868,-0.30888475414484456,-0.03575508276064632,two m+en
died,3.8250837661345742,-0.053200811880649124,0.07154315507196246,-0.006644433643660857,-0.3019284258017489,-0.0382156084132374,died
m+en died,3.8250837661345742,-0.053200811880649124,0.07154315507196246,-0.006644433643660857,-0.3019284258017489,-0.0382156084132374,m+en died
died after,3.7982328542591057,-0.035073401216127974,0.06281332396027874,-0.01212931075451638,-0.294883979335621,-0.042088368252048786,died after
separate,3.8168565580325966,0.10380093819409926,-0.0027104043546193374,-0.06418426087318845,-0.2997752524108208,-0.08795104833444108,separate
trapped separat+e,3.8168565580325966,0.10380093819409926,-0.0027104043546193374,-0.06418426087318845,-0.2997752524108208,-0.08795104833444108,trapped separat+e
separat+e flooded,4.11627195854112,0.28142494568049375,-0.097903917920579,-0.15467474594220848,-0.3752959484127362,-0.17643399653020092,separat+e flooded
Thursdays,3.5019114954577812,0.03423209142797381,0.01736719245380375,-0.027693657675500558,-0.21365702009372722,-0.044724292032574484,Thursdays
during thursdays,3.5019114954577812,0.03423209142797381,0.01736719245380375,-0.027693657675500558,-0.21365702009372722,-0.044724292032574484,during thursdays
thursdays storm,3.4211480297567034,0.009510958754391752,0.024820117837067893,-0.01603319591276966,-0.1903242350816077,-0.03144528992887656,thursdays storm
according,3.37525768350932,-0.002684526662126431,0.027937909431039982,-0.010110107694074251,-0.17681973119937475,-0.02446376319174478,according
storm according,3.37525768350932,-0.002684526662126431,0.027937909431039982,-0.010110107694074251,-0.17681973119937475,-0.02446376319174478,storm according
according officials,3.3043868758927264,-0.018926142998000273,0.031256984680445195,-0.0018586332466615093,-0.15559900111174807,-0.01438841703774765,according officials
the fdny,3.2260381447668953,-0.03347644709485947,0.03300151179145592,0.006185929845745044,-0.1316028629214171,-0.004077345202945414,the fdny
fdny said,3.2185443519624064,-0.02702208796949921,0.02959742924545232,0.004433967077869391,-0.12927725185637584,-0.00524577443974148,fdny said
said received,3.2110661709743615,-0.013989601197825502,0.023118435555288946,0.0005174517669092604,-0.12695108160595517,-0.00826559417474316,said received
call,3.206674862786212,0.006736076157935361,0.013047965241530792,-0.0061817819653675376,-0.12558259108869252,-0.013799999516354208,call
received call,3.206674862786212,0.006736076157935361,0.013047965241530792,-0.0061817819653675376,-0.12558259108869252,-0.013799999516354208,received call
call around,3.20748417367763,0.017640146841060664,0.007831281085043173,-0.009920663248631644,-0.1258349424541989,-0.017033388805356844,call around
4:25,3.2125013608600828,0.035100805955846325,-0.0004532392122632301,-0.016190186194850253,-0.12739793295529953,-0.02261851399391427,4:25
around 4:25,3.2125013608600828,0.035100805955846325,-0.0004532392122632301,-0.016190186194850253,-0.12739793295529953,-0.02261851399391427,around 4:25
p.m,3.219687738973035,0.04966721095718827,-0.007334383551785279,-0.02166891612508534,-0.12963243849969644,-0.02762412682459898,p.m
4:25 p.m,3.219687738973035,0.04966721095718827,-0.007334383551785279,-0.02166891612508534,-0.12963243849969644,-0.02762412682459898,4:25 p.m
about person,3.262067158603131,0.10137118428918353,-0.031935428730381875,-0.04275875046052497,-0.14270915127463482,-0.04754059380130761,about person
person trapped,3.3134286024953354,0.1451661266245262,-0.05345444574336531,-0.062463129964352535,-0.15833154397523302,-0.0666446113313639,person trapped
+1679,3.2854653749988065,0.16042169690336194,-0.06448862007306505,-0.06740738371989258,-0.14985636768912014,-0.06960254353711674,+1679
flooded +1679,3.2854653749988065,0.16042169690336194,-0.06448862007306505,-0.06740738371989258,-0.14985636768912014,-0.06960254353711674,flooded +1679
+1679 char+s,3.215641034716992,0.1230309447107004,-0.04736488971881054,-0.04890545174428874,-0.12837478564877344,-0.050656917661447816,+1679 char+s
Sponge,5.429355581449263,0.26879002774563704,-0.28507226717828615,-0.20114737153407775,0.9880149024398177,-0.251695818800379,Sponge
parks,8.332197560870394,0.336665899702344,-0.30817905142370156,-0.28001517171881196,0.9917491630679797,-0.36727332848854477,parks
sponge parks,8.332197560870394,0.336665899702344,-0.30817905142370156,-0.28001517171881196,0.9917491630679797,-0.36727332848854477,sponge parks
Rupnagar,6.640471686709507,0.34440124946532713,-0.32509261649650384,-0.2640860301314062,0.965221829033028,-0.33003808326082806,Rupnagar
parks rupnagar,5.396832098909058,0.29442446648179776,-0.3011481494186704,-0.21400941720342814,0.9686519647850379,-0.2623570475694963,parks rupnagar
Kahilipara,6.711170777395264,0.36776778871133003,-0.34102125882613915,-0.279271896398066,0.9488885270055337,-0.34473226625853093,Kahilipara
rupnagar kahilipara,5.415965463970324,0.31675255094880517,-0.3153366192483023,-0.22664136261712822,0.9527849889458208,-0.2739192752374908,rupnagar kahilipara
help,5.537103780930343,0.36760973178074413,-0.3491323267706347,-0.2587255385581029,0.9170765442845966,-0.3048242923150618,help
kahilipara help,5.537103780930343,0.36760973178074413,-0.3491323267706347,-0.2587255385581029,0.9170765442845966,-0.3048242923150618,kahilipara help
mitigate,5.642256061951017,0.39900118523544886,-0.37131931333427987,-0.28041684122327704,0.8943222585467984,-0.326173519982263,mitigate
help mitigate,5.642256061951017,0.39900118523544886,-0.37131931333427987,-0.28041684122327704,0.8943222585467984,-0.326173519982263,help mitigate
mitigate flooding,6.241045016379539,0.5292189832665285,-0.47731564295847834,-0.3856583871374124,0.7874504303202631,-0.4308936865204912,mitigate flooding
Guwahati,8.562071842871152,0.45273798692623046,-0.3945492263955692,-0.3586106807014004,0.904429004431253,-0.44089584661355014,Guwahati
flooding guwahati,5.528531669014272,0.3843034580843259,-0.3612033043511917,-0.2687931281562453,0.902675273208726,-0.31350773442407165,flooding guwahati
guwahati guwahati,3.8055097561954243,0.31928314369399285,-0.3245531193150863,-0.18019497599480552,0.8327809108658691,-0.187407661359096,guwahati guwahati
pioneering,5.219373859999055,0.3160293500564362,-0.31622406280053633,-0.22195918376058113,0.9454070529944463,-0.26538856743587075,pioneering
guwahati pioneering,5.219373859999055,0.3160293500564362,-0.31622406280053633,-0.22195918376058113,0.9454070529944463,-0.26538856743587075,guwahati pioneering
sponge,5.277521690112424,0.33297119774342304,-0.3270082177436591,-0.2327869541222617,0.9346767618703914,-0.2762466035111756,sponge
pioneering sponge,5.277521690112424,0.33297119774342304,-0.3270082177436591,-0.2327869541222617,0.9346767618703914,-0.2762466035111756,pioneering sponge
nature-based,5.502694286548373,0.3906362271522487,-0.36601590143830454,-0.2722045206685772,0.8961728747068298,-0.31594849722825824,nature-based
parks nature-based,5.502694286548373,0.3906362271522487,-0.36601590143830454,-0.2722045206685772,0.8961728747068298,-0.31594849722825824,parks nature-based
nature-based flood,6.241045016379539,0.5292189832665285,-0.47731564295847834,-0.3856583871374124,0.7874504303202631,-0.4308936865204912,nature-based flood
mitigation,5.769674850937438,0.44491686328762886,-0.4062759747291991,-0.31351509979842834,0.8571843527339321,-0.3579869696558635,mitigation
flood mitigation,5.769674850937438,0.44491686328762886,-0.4062759747291991,-0.31351509979842834,0.8571843527339321,-0.3579869696558635,flood mitigation
strategy,5.5438048808195886,0.38294980828661895,-0.360116110360555,-0.26827237220476463,0.9044314722423473,-0.31337876300563916,strategy
mitigation strategy,5.5438048808195886,0.38294980828661895,-0.360116110360555,-0.26827237220476463,0.9044314722423473,-0.31337876300563916,mitigation strategy
strategy rupnagar,3.5141940122496824,0.24607071739065603,-0.28077271252487146,-0.13059838325461173,0.8569351743102528,-0.13340410104965406,strategy rupnagar
rupnagar and,4.26843149474387,0.30972562355578925,-0.31757001775884913,-0.19254238983140542,0.8917781435309914,-0.2140900105254157,rupnagar and
and kahilipara,3.574547394090874,0.2645917481913185,-0.2913790302756554,-0.1422505558311193,0.8500160757746176,-0.1458519927736845,and kahilipara
engineered,4.6566209872780995,0.3729324447366093,-0.35812030047956134,-0.2403054671818319,0.8663663071139779,-0.2670828610157371,engineered
these engineered,4.6566209872780995,0.3729324447366093,-0.35812030047956134,-0.2403054671818319,0.8663663071139779,-0.2670828610157371,these engineered
wetlands,5.4300658080918325,0.5305790750608977,-0.4829287104428602,-0.3695446437652468,0.7498959786750786,-0.3995037012627791,wetlands
engineered wetland+s,5.4300658080918325,0.5305790750608977,-0.4829287104428602,-0.3695446437652468,0.7498959786750786,-0.3995037012627791,engineered wetland+s
designed,4.861386627873375,0.3504860802437723,-0.3414619149901594,-0.23277577294188734,0.8994708702149399,-0.26608315780273145,designed
wetland+s designed,4.861386627873375,0.3504860802437723,-0.3414619149901594,-0.23277577294188734,0.8994708702149399,-0.26608315780273145,wetland+s designed
AUKH,4.817331507720251,0.2653733285477243,-0.2873233378147176,-0.18542817444688198,0.9641002386719645,-0.22353088251996628,AUKH
designed aukh,4.817331507720251,0.2653733285477243,-0.2873233378147176,-0.18542817444688198,0.9641002386719645,-0.22353088251996628,designed aukh
aukh and,5.051694458220462,0.43051787227835947,-0.3989672251272039,-0.2873752532413531,0.8370365541557201,-0.3186146122140978,aukh and
implemented,4.901039006191242,0.22367114241760927,-0.2625868499979259,-0.16694630576559363,0.9973199636972869,-0.209420034002737,implemented
and implemented,4.901039006191242,0.22367114241760927,-0.2625868499979259,-0.16694630576559363,0.9973199636972869,-0.209420034002737,and implemented
GMDA,5.214885724936545,0.16511745370047362,-0.228669128493565,-0.14707535274920053,1.0466562752176183,-0.19921358270968806,GMDA
implemented gmda,5.214885724936545,0.16511745370047362,-0.228669128493565,-0.14707535274920053,1.0466562752176183,-0.19921358270968806,implemented gmda
absorb,5.665130731123305,0.11793594666334135,-0.20143325934669445,-0.13551040418281254,1.086025299311717,-0.19819912914978058,absorb
gmda absorb,5.665130731123305,0.11793594666334135,-0.20143325934669445,-0.13551040418281254,1.086025299311717,-0.19819912914978058,gmda absorb
absorb and,5.051694458220462,0.43051787227835947,-0.3989672251272039,-0.2873752532413531,0.8370365541557201,-0.3186146122140978,absorb and
release,6.630530368424303,0.04450974423710768,-0.15977532603306482,-0.12106309742822517,1.1386812947082567,-0.20156428952501643,release
and release,6.630530368424303,0.04450974423710768,-0.15977532603306482,-0.12106309742822517,1.1386812947082567,-0.20156428952501643,and release
release rainwater,8.99249156466739,-0.08998826839406426,-0.08914855902634168,-0.09803209064801062,1.206514246961088,-0.2085300602683031,release rainwater
improving,6.5159654988742615,0.15420042494026764,-0.21273347590851976,-0.16455966123589189,1.0831655832991838,-0.23893367828279874,improving
rainwater improving,6.5159654988742615,0.15420042494026764,-0.21273347590851976,-0.16455966123589189,1.0831655832991838,-0.23893367828279874,rainwater improving
improving groundwater,6.481891202131843,0.39182079247376383,-0.3602144675419116,-0.2908987879129602,0.9250217094338882,-0.3513228308383011,improving groundwater
groundwater and,5.051694458220462,0.43051787227835947,-0.3989672251272039,-0.2873752532413531,0.8370365541557201,-0.3186146122140978,groundwater and
urban,5.146872077023702,0.23207514121366676,-0.2655645336867632,-0.17669508636434295,1.0023656423974472,-0.22385313030441537,urban
and urban,5.146872077023702,0.23207514121366676,-0.2655645336867632,-0.17669508636434295,1.0023656423974472,-0.22385313030441537,and urban
ecosystems,4.931434557526842,0.21615548871688758,-0.2581704766501282,-0.16409866564983955,1.0036987001798763,-0.20766200806874124,ecosystems
urban ecosystem+s,4.931434557526842,0.21615548871688758,-0.2581704766501282,-0.16409866564983955,1.0036987001798763,-0.20766200806874124,urban ecosystem+s
This…,4.62157710815824,0.19725409529934723,-0.25001014577526065,-0.14748946832672108,1.0005047042453845,-0.18515265851141638,This…
News,4.370622641126936,0.18446255214196164,-0.24483762154353603,-0.1346637290588549,0.9936058979315292,-0.16691353158195685,News
this… news,4.370622641126936,0.18446255214196164,-0.24483762154353603,-0.1346637290588549,0.9936058979315292,-0.16691353158195685,this… news
/li,6.304147251156561,0.23707949040605134,-0.25963066790478884,-0.20049601009995202,1.0316623704083485,-0.2676850872336208,/li
news /li,4.298614917447931,0.18107071137788724,-0.24349609220479565,-0.13099461393108525,0.9909078041121294,-0.16158467658882572,news /li
/li sponge,4.1881126349029625,0.18210137758699393,-0.24465819015823934,-0.12798644344714036,0.9820464636874952,-0.15558690010701778,/li sponge
guwahati /li,4.298614917447931,0.18107071137788724,-0.24349609220479565,-0.13099461393108525,0.9909078041121294,-0.16158467658882572,guwahati /li
/ul,3.7762465076735294,0.23332520839779053,-0.27372307719143446,-0.1362817198944206,0.9043693050318908,-0.14867816161202518,/ul
/li /ul,3.7762465076735294,0.23332520839779053,-0.27372307719143446,-0.1362817198944206,0.9043693050318908,-0.14867816161202518,/li /ul
/ul guwahati,3.939679461768408,0.27875007829006565,-0.2995461239311571,-0.16473780073395683,0.8857819869382093,-0.17909145623162723,/ul guwahati
Rupnagar…,3.5042739922106185,0.2329136675636955,-0.2734847811250578,-0.12403715503631776,0.8667927491517547,-0.12739592385251347,Rupnagar…
strategy rupnagar…,3.5042739922106185,0.2329136675636955,-0.2734847811250578,-0.12403715503631776,0.8667927491517547,-0.12739592385251347,strategy rupnagar…
+1843,3.4452443780018274,0.21449984021929902,-0.2634374674391775,-0.11285874485649469,0.8728253079569647,-0.11535640172474798,+1843
rupnagar… +1843,3.4452443780018274,0.21449984021929902,-0.2634374674391775,-0.11285874485649469,0.8728253079569647,-0.11535640172474798,rupnagar… +1843
+1843 char+s,3.4186309014659826,0.20680539649866198,-0.25931320562194404,-0.10814202613500906,0.8748125859610051,-0.11018796889004015,+1843 char+s
Early,2.2448849645820834,0.2515127974093154,-0.248740959765376,-0.026592084535362766,0.23099766171929098,0.028925311581413454,Early
Release,2.252042284022088,0.2571038823594571,-0.25192416691459996,-0.029775291684586876,0.22781445457006694,0.02574210443218917,Release
early release,2.252042284022088,0.2571038823594571,-0.25192416691459996,-0.029775291684586876,0.22781445457006694,0.02574210443218917,early release
Articles,2.262654080524224,0.2652720024879404,-0.25662517676696,-0.03447630153694684,0.22311344471770686,0.02104109457982937,Articles
release articles,2.262654080524224,0.2652720024879404,-0.25662517676696,-0.03447630153694684,0.22311344471770686,0.02104109457982937,release articles
Calcium,2.2780947559253555,0.27690530939407865,-0.2634261408687755,-0.04127726563876236,0.21631248061589137,0.014240130478013731,Calcium
articles calcium,2.2780947559253555,0.27690530939407865,-0.2634261408687755,-0.04127726563876236,0.21631248061589137,0.014240130478013731,articles calcium
Signaling,2.292765922460286,0.2876920905434142,-0.2698455957372079,-0.047696720507194715,0.20989302574745888,0.007820675609581353,Signaling
calcium signaling,2.292765922460286,0.2876920905434142,-0.2698455957372079,-0.047696720507194715,0.20989302574745888,0.007820675609581353,calcium signaling
Migrating,2.3232430712350096,0.3093110861081847,-0.28305076569678833,-0.06090189046677509,0.1966878557878786,-0.005384494349999053,Migrating
signaling migrating,2.3232430712350096,0.3093110861081847,-0.28305076569678833,-0.06090189046677509,0.1966878557878786,-0.005384494349999053,signaling migrating
Neutrophils,3.095991231051565,0.646911937322242,-0.5701948039804683,-0.34804592875045504,-0.09045618249580141,-0.29252853263367906,Neutrophils
migrating neutrophils,2.3560247984349685,0.3314507178425465,-0.2970624719901451,-0.07491359676013175,0.1826761494945218,-0.01939620064335578,migrating neutrophils
neutrophils neutrophils,2.3560247984349685,0.3314507178425465,-0.2970624719901451,-0.07491359676013175,0.1826761494945218,-0.01939620064335578,neutrophils neutrophils
neutrophils are,3.111566712108278,0.6512146197343625,-0.5752130458995744,-0.35306417066956103,-0.09547442441490736,-0.2975467745527851,neutrophils are
highly,3.408912588556224,0.7230147344880136,-0.6664800320577606,-0.44433115682774726,-0.1867414105730937,-0.3888137607109713,highly
are highly,3.408912588556224,0.7230147344880136,-0.6664800320577606,-0.44433115682774726,-0.1867414105730937,-0.3888137607109713,are highly
motile,3.030606602097227,0.6281522788311176,-0.5488494788008306,-0.32670060357081704,-0.06911085731616344,-0.271183207454041,motile
highly motile,3.030606602097227,0.6281522788311176,-0.5488494788008306,-0.32670060357081704,-0.06911085731616344,-0.271183207454041,highly motile
white,2.914797191430143,0.591876406471371,-0.5098869238632986,-0.28773804863328517,-0.030148302378631413,-0.23222065251650922,white
motile white,2.914797191430143,0.591876406471371,-0.5098869238632986,-0.28773804863328517,-0.030148302378631413,-0.23222065251650922,motile white
blood,2.8682378554453196,0.5760593261768644,-0.49378453415889334,-0.27163565892888003,-0.014045912674226384,-0.21611826281210422,blood
white blood,2.8682378554453196,0.5760593261768644,-0.49378453415889334,-0.27163565892888003,-0.014045912674226384,-0.21611826281210422,white blood
cells,2.8452769255180836,0.567972337006228,-0.48574708106217857,-0.2635982058321652,-0.0060084595775115384,-0.20808080971538906,cells
blood cells,2.8452769255180836,0.567972337006228,-0.48574708106217857,-0.2635982058321652,-0.0060084595775115384,-0.20808080971538906,blood cells
cells that,2.837952403707564,0.5653510591993195,-0.4831694881333876,-0.2610206129033744,-0.003430866648720842,-0.20550321678659844,cells that
protect,2.84158641957138,0.5666541377708705,-0.4844491752603927,-0.26230030003037963,-0.004710553775725815,-0.20678290391360357,protect
that protect,2.84158641957138,0.5666541377708705,-0.4844491752603927,-0.26230030003037963,-0.004710553775725815,-0.20678290391360357,that protect
our,2.8654017833115537,0.5750709701993556,-0.4927952594420477,-0.2706463842120345,-0.013056637957380848,-0.21512898809525854,our
protect our,2.8654017833115537,0.5750709701993556,-0.4927952594420477,-0.2706463842120345,-0.013056637957380848,-0.21512898809525854,protect our
body,2.886832740626957,0.5824676821083841,-0.5002466442510711,-0.2780977690210578,-0.02050802276640412,-0.22258037290428173,body
our body,2.886832740626957,0.5824676821083841,-0.5002466442510711,-0.2780977690210578,-0.02050802276640412,-0.22258037290428173,our body
against,3.7752570057691335,0.34031243964031194,0.013871841435966337,-0.546406266756699,-0.2888165205020454,-0.49088887063992304,against
body agains+t,2.925363560875293,0.595362133746079,-0.5135054478809451,-0.2913565726509319,-0.0337668263962783,-0.235839176534156,body agains+t
bacterial,3.029738840544672,0.6278954286090374,-0.5485631051719017,-0.32641422994188857,-0.06882448368723482,-0.2708968338251125,bacterial
agains+t bacterial,3.029738840544672,0.6278954286090374,-0.5485631051719017,-0.32641422994188857,-0.06882448368723482,-0.2708968338251125,agains+t bacterial
bacterial and,3.1396194487878706,0.6588110786579167,-0.5841882785266366,-0.3620394032966234,-0.10444965704196961,-0.30652200717984734,bacterial and
fungal,3.7809673467179303,0.7919272746261675,-0.7700665693264741,-0.547917694096461,-0.2903279478418074,-0.49240029797968504,fungal
and fungal,3.7809673467179303,0.7919272746261675,-0.7700665693264741,-0.547917694096461,-0.2903279478418074,-0.49240029797968504,and fungal
infections,3.772288767800248,0.7905225936602768,-0.7677685980660898,-0.5456197228360765,-0.28802997658142276,-0.4901023267193005,infections
fungal infections,3.772288767800248,0.7905225936602768,-0.7677685980660898,-0.5456197228360765,-0.28802997658142276,-0.4901023267193005,fungal infections
Local,3.0274258278732127,0.6272097536865481,-0.5477993772858342,-0.32565050205582075,-0.06806075580116706,-0.27013310593904477,Local
local and,2.90873067637133,0.5898581397804732,-0.507803472941118,-0.28565459771110474,-0.0280648514564511,-0.2301372015943287,local and
global,2.8520402818180344,0.5703747884804117,-0.4881213071166096,-0.26597243188659647,-0.008382685631942713,-0.21045503576982041,global
and global,2.8520402818180344,0.5703747884804117,-0.4881213071166096,-0.26597243188659647,-0.008382685631942713,-0.21045503576982041,and global
cytosolic,2.768187323498169,0.5393188621674233,-0.45827939074447416,-0.23613051551446074,0.02145923074019289,-0.18061311939768476,cytosolic
global cytosolic,2.768187323498169,0.5393188621674233,-0.45827939074447416,-0.23613051551446074,0.02145923074019289,-0.18061311939768476,global cytosolic
Ca2+,3.024036975382046,0.6262024077429441,-0.5466793661560958,-0.3245304909260824,-0.06694074467142869,-0.26901309480930646,Ca2+
cytosolic ca2+,2.694522430144361,0.5095494690417384,-0.43130766337947335,-0.20915878814946018,0.04843095810519363,-0.15364139203268407,cytosolic ca2+
elevations,2.665645712175249,0.4971724649484599,-0.42053300237331837,-0.198384127143305,0.059205619111348674,-0.142866731026529,elevations
ca2+ elevations,2.665645712175249,0.4971724649484599,-0.42053300237331837,-0.198384127143305,0.059205619111348674,-0.142866731026529,ca2+ elevations
enhance,2.6192138822782125,0.4763564764025817,-0.4029609084232233,-0.18081203319321015,0.07677771306144368,-0.12529463707643396,enhance
elevations enhance,2.6192138822782125,0.4763564764025817,-0.4029609084232233,-0.18081203319321015,0.07677771306144368,-0.12529463707643396,elevations enhance
enhance the,2.594623945993141,0.46484604274122543,-0.3935282718825,-0.17137939665248672,0.08621034960216697,-0.11586200053571075,enhance the
ability,2.5841046641689047,0.45981363979650647,-0.38946577041407476,-0.16731689518406154,0.09027285107059212,-0.11179949906728545,ability
the ability,2.5841046641689047,0.45981363979650647,-0.38946577041407476,-0.16731689518406154,0.09027285107059212,-0.11179949906728545,the ability
neutrophils,2.560064367778641,0.44805936578267197,-0.38011908244359066,-0.1579702072135773,0.0996195390410763,-0.10245281109680132,neutrophils
ability neutrophils,2.560064367778641,0.44805936578267197,-0.38011908244359066,-0.1579702072135773,0.0996195390410763,-0.10245281109680132,ability neutrophils
phagocytose,2.283985778289658,0.28126726367756605,-0.26600874571078664,-0.04385987048077325,0.21372987577388028,0.01165752563600282,phagocytose
neutrophils phagocytos+e,2.283985778289658,0.28126726367756605,-0.26600874571078664,-0.04385987048077325,0.21372987577388028,0.01165752563600282,neutrophils phagocytos+e
phagocytos+e and,2.464102133849747,0.397297351160802,-0.34191417584294626,-0.1197653006129329,0.13782444564172064,-0.06424790449615699,phagocytos+e and
kill,2.2838093218953555,0.28113721043639717,-0.26593148462944644,-0.043782609399433105,0.21380713685522051,0.01173478671734294,kill
and kill,2.2838093218953555,0.28113721043639717,-0.26593148462944644,-0.043782609399433105,0.21380713685522051,0.01173478671734294,and kill
microbes,2.285203668379781,0.28216387424555467,-0.266541833748908,-0.04439295851889471,0.21319678773575912,0.01112443759788128,microbes
kill microbes,2.285203668379781,0.28216387424555467,-0.266541833748908,-0.04439295851889471,0.21319678773575912,0.01112443759788128,kill microbes
microbes but,2.290447801191471,0.28600460164017044,-0.2688340254259543,-0.046685150195940994,0.21090459605871256,0.00883224592083485,microbes but
how,2.294781683032488,0.28915439831292356,-0.27072439237335244,-0.0485755171433393,0.20901422911131437,0.006941878973436853,how
but how,2.294781683032488,0.28915439831292356,-0.27072439237335244,-0.0485755171433393,0.20901422911131437,0.006941878973436853,but how
how ca2+,2.352295586499867,0.3289875474607813,-0.2954783772769389,-0.07332950204692576,0.18426024420772796,-0.017812105930149615,how ca2+
signals,2.315265733057382,0.3037520617822893,-0.2796111490530904,-0.05746227382307714,0.2001274724315766,-0.0019448777063010246,signals
ca2+ signal+s,2.315265733057382,0.3037520617822893,-0.2796111490530904,-0.05746227382307714,0.2001274724315766,-0.0019448777063010246,ca2+ signal+s
regulate,2.3382461888023736,0.31958164301463093,-0.2894878369999758,-0.06733896176996274,0.19025078448469124,-0.011821565653186657,regulate
signal+s regulate,2.3382461888023736,0.31958164301463093,-0.2894878369999758,-0.06733896176996274,0.19025078448469124,-0.011821565653186657,signal+s regulate
neutro…,2.3729893896055563,0.3424834782453228,-0.3042371867485069,-0.0820883115184937,0.1755014347361601,-0.02657091540171767,neutro…
regulate neutro…,2.3729893896055563,0.3424834782453228,-0.3042371867485069,-0.0820883115184937,0.1755014347361601,-0.02657091540171767,regulate neutro…
neutro… neutrophils,2.4187434328817687,0.3709006896884275,-0.32333484330931267,-0.10118596807929936,0.15640377817535425,-0.0456685719625234,neutro… neutrophils
phago…,2.245095877192364,0.2516785149782727,-0.24883490787690177,-0.02668603264688851,0.2309037136077652,0.028831363469887645,phago…
neutrophils phago…,2.245095877192364,0.2516785149782727,-0.24883490787690177,-0.02668603264688851,0.2309037136077652,0.028831363469887645,neutrophils phago…
+941,2.23651924307872,0.24489208803793072,-0.24500742856249064,-0.02285855333247729,0.23473119292217623,0.03265884278429869,+941
phago… +941,2.23651924307872,0.24489208803793072,-0.24500742856249064,-0.02285855333247729,0.23473119292217623,0.03265884278429869,phago… +941
+941 char+s,2.231578858725645,0.24093805313480043,-0.24279602395415656,-0.02064714872414347,0.23694259753051036,0.034870247392632704,+941 char+s
Rochdale,3.1787016193555404,-0.5090699059461926,0.3920440401313613,-0.37441062299118655,-0.11682087673653287,-0.31889322687441063,Rochdale
P-P,2.2849575743204165,-0.17894454546645888,0.09784346018573446,-0.0442852625114527,0.213304483743201,0.01123213360532332,P-P
rochdale p-p,2.2849575743204165,-0.17894454546645888,0.09784346018573446,-0.0442852625114527,0.213304483743201,0.01123213360532332,rochdale p-p
Scunthorpe,2.977231525180237,-0.4435909386460494,0.3469475717867959,-0.3089316556910434,-0.05134190943638972,-0.25341425957426733,Scunthorpe
p-p scunthorpe,2.290723020539545,-0.1814645855570089,0.10090067812008456,-0.04680530260200284,0.21078444365265084,0.008712093514773117,p-p scunthorpe
United,3.0487178506951373,-0.4673182137446247,0.36386900702602604,-0.3326589307896187,-0.07506918453496499,-0.27714153467284264,United
scunthorpe united,2.308399879110558,-0.1891516798149853,0.11012210263233542,-0.05449239685997926,0.20309734939467433,0.0010249992567967908,scunthorpe united
united rochdale,2.273057004420483,-0.1737227118211526,0.0914538513999725,-0.039063428866146395,0.21852631738850728,0.01645396725062973,united rochdale
rochdale national,2.868269805154048,-0.40630608096383475,0.31891008597576526,-0.27164679800882874,-0.01405705175417504,-0.21612940189205268,rochdale national
League,2.834057523918057,-0.39430652717553394,0.30948689051502243,-0.25964724422052793,-0.002057497965874104,-0.20412984810375182,League
national league,2.834057523918057,-0.39430652717553394,0.30948689051502243,-0.25964724422052793,-0.002057497965874104,-0.20412984810375182,national league
fixture,2.821731234792061,-0.38994769795900536,0.3060134911506824,-0.2552884150039993,0.002301331250654281,-0.19977101888722326,fixture
league fixture,2.821731234792061,-0.38994769795900536,0.3060134911506824,-0.2552884150039993,0.002301331250654281,-0.19977101888722326,league fixture
fixture agains+t,2.820127113865226,-0.38937904810254703,0.30555834304512447,-0.25471976514754086,0.002869981107112672,-0.19920236903076485,fixture agains+t
agains+t scunthorp+e,2.687239125916367,-0.3411114076454487,0.2651515665257553,-0.20645212469044263,0.051137621564211,-0.15093472857366666,agains+t scunthorp+e
scunthorp+e united,2.7442124066054507,-0.3620912028525457,0.2831559791972085,-0.22743191989753972,0.03015782635711398,-0.1719145237807636,scunthorp+e united
postponed,3.548716373845334,-0.6191830415971434,0.45777720883706186,-0.48452375864213726,-0.22693401238748356,-0.4290063625253614,postponed
united postponed,2.6354286017481767,-0.32164291430568753,0.24779873581872608,-0.18698363135068152,0.07060611490397221,-0.13146623523390544,united postponed
postponed du+e,3.6371733752206117,-0.6438039230418039,0.4709815720580776,-0.5091446400867978,-0.2515548938321441,-0.45362724397002174,postponed du+e
du+e waterlogged,4.839293901314258,-0.9293659102572941,0.5938405300075227,-0.794706627302288,-0.5371168810476342,-0.7391892311855119,du+e waterlogged
pitch,3.4840767734002256,-0.6008001830703208,0.44758562125117424,-0.4661409001153147,-0.2085511538606611,-0.41062350399853864,pitch
waterlogged pitch,3.4840767734002256,-0.6008001830703208,0.44758562125117424,-0.4661409001153147,-0.2085511538606611,-0.41062350399853864,waterlogged pitch
Tuesday,2.4808624821997443,-0.261203363127374,0.18957147253988144,-0.12654408017236798,0.13104566608228582,-0.07102668405559188,Tuesday
united tuesday,2.4808624821997443,-0.261203363127374,0.18957147253988144,-0.12654408017236798,0.13104566608228582,-0.07102668405559188,united tuesday
tuesday has,2.538458909333384,-0.28415425661693267,0.2125015361994264,-0.14949497366192657,0.10809477259272714,-0.09397757754515049,tuesday has
been postponed,2.6354286017481767,-0.32164291430568753,0.24779873581872608,-0.18698363135068152,0.07060611490397221,-0.13146623523390544,been postponed
the game,2.5758917243391197,-0.2987928632113453,0.22659132410117547,-0.16413358025633928,0.09345616599831452,-0.10861618413956325,the game
game between,2.522214862246928,-0.2777345174246785,0.2061930663999762,-0.1430752344696725,0.11451451178498114,-0.08755783835289653,game between
between the,2.4690468350704142,-0.2564292677596322,0.1846673508909095,-0.121769984804626,0.13581976145002747,-0.06625258868785004,between the
league,2.4477217609378945,-0.24775478677240625,0.17563376020986066,-0.11309550381740006,0.14449424243725353,-0.057578107700624145,league
the league,2.4477217609378945,-0.24775478677240625,0.17563376020986066,-0.11309550381740006,0.14449424243725353,-0.057578107700624145,the league
leaders,2.4162708653530673,-0.23482247526086295,0.1618636826777689,-0.10016319230585688,0.15742655394879693,-0.044645796189080926,leaders
league leader+s,2.4162708653530673,-0.23482247526086295,0.1618636826777689,-0.10016319230585688,0.15742655394879693,-0.044645796189080926,league leader+s
leader+s and,2.387054460104432,-0.22265725071912257,0.14856810120710628,-0.08799796776411647,0.16959177849053722,-0.032480571647340556,leader+s and
second-placed,2.3744741822518263,-0.21737310435776028,0.1426862252805466,-0.08271382140275435,0.17487592485189948,-0.02719642528597826,second-placed
and second-placed,2.3744741822518263,-0.21737310435776028,0.1426862252805466,-0.08271382140275435,0.17487592485189948,-0.02719642528597826,and second-placed
side,2.3381075346330498,-0.2019389446045909,0.1251226511076347,-0.06727966164958471,0.19031008460506887,-0.011762265532808807,side
second-placed side,2.3381075346330498,-0.2019389446045909,0.1251226511076347,-0.06727966164958471,0.19031008460506887,-0.011762265532808807,second-placed side
side postponed,2.3174783432557096,-0.19307676187040648,0.11477101595351794,-0.058417478915400396,0.19917226733925314,-0.0029000827986245072,side postponed
foll…,2.3000062847920573,-0.18550894377933366,0.10577171530988852,-0.050849660824327673,0.2067400854303261,0.004667735292448353,foll…
postponed foll…,2.3000062847920573,-0.18550894377933366,0.10577171530988852,-0.050849660824327673,0.2067400854303261,0.004667735292448353,postponed foll…
+488,2.2892516337571234,-0.18082205499991832,0.10012280254166357,-0.04616277204491226,0.21142697420974135,0.009354624071863752,+488
foll… +488,2.2892516337571234,-0.18082205499991832,0.10012280254166357,-0.04616277204491226,0.21142697420974135,0.009354624071863752,foll… +488
+488 char+s,2.2821904763082195,-0.17773280530822297,0.09636733483130108,-0.043073522353216896,0.21451622390143688,0.01244387376355921,+488 char+s
