0,1,2,3,4,word,summary
8004.083269807866,1.012595069173537,-0.013945136966091676,0.006232485968218043,-0.0008991981013354855,summaryOfAllWords,7066.654654716649
-5.739674707471915,0.7337693979025828,0.06783264663103794,0.01452785458460578,0.47788413274240615,How,2.4599217740348247
-5.72865604275918,0.7243938977335116,0.06575040224285389,0.019335818764608076,0.49217207000646057,growing,2.473962762279211
-5.72865604275918,0.7243938977335116,0.06575040224285389,0.019335818764608076,0.49217207000646057,how growing,2.473962762279211
-5.702266807456866,0.7014724732991096,0.06044613626732065,0.029830602818406035,0.5269113824096561,rice,2.507807801423682
-5.702266807456866,0.7014724732991096,0.06044613626732065,0.029830602818406035,0.5269113824096561,growing rice,2.507807801423682
-5.6816393675767385,0.6830811395756589,0.055986566234497825,0.037025917148865536,0.5545647161745346,differently,2.534483597365937
-5.6816393675767385,0.6830811395756589,0.055986566234497825,0.037025917148865536,0.5545647161745346,rice differently,2.534483597365937
-5.448077200437048,0.5426131760956348,-0.04050243231128137,0.01325029535234852,0.5559737205128596,could,2.797115108932813
-5.606630583197495,0.6125149044601754,0.03760204791603505,0.0559999097004614,0.6580028668369524,differently could,2.6331926000726105
-5.535764121223517,0.5405169269318415,0.017858202985116756,0.06505166429461436,0.7569200544085881,ease,2.7288975936627926
-5.535764121223517,0.5405169269318415,0.017858202985116756,0.06505166429461436,0.7569200544085881,could ease,2.7288975936627926
-4.883936523915567,-0.05662804617703787,-0.10947180667129083,0.15670050339746633,1.1802768321887027,climate,3.57454152855448
-5.405653986986887,0.3972601345306457,-0.020174673722645753,0.06820083480020186,0.9279761132827681,ease climate,2.909634089427064
-4.848823631704695,-0.07558758002372867,-0.10139211689783423,0.1913481293674712,1.1753008618946545,change,3.6142250658592685
-4.848823631704695,-0.07558758002372867,-0.10139211689783423,0.1913481293674712,1.1753008618946545,climate chang+e,3.6142250658592685
-4.883786129859877,0.05554986120446426,-0.001059207307365695,0.4069815161501501,0.899084823854342,Waterlogged,3.522324162383379
-5.472946247725411,0.5098286120060382,0.04789586341209928,0.17291823468243245,0.698036474262967,chang+e waterlogged,2.797958519874527
-4.756895622909932,-0.01888921728266757,0.07664258605425495,0.6278628826580132,0.6834981070728676,paddy,3.667227172846185
-4.756895622909932,-0.01888921728266757,0.07664258605425495,0.6278628826580132,0.6834981070728676,waterlogged paddy,3.667227172846185
-4.363489287773899,-0.3494110278367115,0.14233059349931942,0.9050750330506866,0.5604713206202192,fields,4.165133302819429
-4.363489287773899,-0.3494110278367115,0.14233059349931942,0.9050750330506866,0.5604713206202192,paddy fields,4.165133302819429
-4.857607410605766,0.0661486941459235,0.09086222570401031,0.61276961211822,0.5906001669399137,produce,3.5389132807537482
-4.857607410605766,0.0661486941459235,0.09086222570401031,0.61276961211822,0.5906001669399137,fields produce,3.5389132807537482
-5.0950865942149655,0.26166806714591884,0.06856371296224328,0.45113385885922186,0.5775348325329713,lot,3.2399985821890183
-5.0950865942149655,0.26166806714591884,0.06856371296224328,0.45113385885922186,0.5775348325329713,produce lot,3.2399985821890183
-5.186583077298969,0.33586097863619013,0.06127181098793649,0.3860114223350159,0.5633507246304833,methane,3.1253571871351413
-5.186583077298969,0.33586097863619013,0.06127181098793649,0.3860114223350159,0.5633507246304833,lot methan+e,3.1253571871351413
-3.918929334621117,-0.3236036732677259,-0.23840714692551376,0.3613447820900112,0.30699935263210987,but,4.518988427343104
-5.268085807918673,0.40133477278633545,0.05567238069068925,0.32698663819602647,0.5450787224345766,methan+e but,3.0235158211745
-5.296441845488532,0.4239649724634438,0.05395349558566914,0.30625759643153305,0.5373224960704923,alternative,2.9881505357084452
-5.296441845488532,0.4239649724634438,0.05395349558566914,0.30625759643153305,0.5373224960704923,but alternative,2.9881505357084452
-5.302227633395681,0.43069256625024366,0.06261572749597327,0.32055191728111315,0.5030301598105259,techniques,2.9797884099585312
-5.302227633395681,0.43069256625024366,0.06261572749597327,0.32055191728111315,0.5030301598105259,alternative techniques,2.9797884099585312
-5.238873062053759,0.3816430466661975,0.08165064745056139,0.3974323032064675,0.4625669094510483,exist,3.0577800699690325
-5.238873062053759,0.3816430466661975,0.08165064745056139,0.3974323032064675,0.4625669094510483,techniques exist,3.0577800699690325
-5.472946247725411,0.5098286120060382,0.04789586341209928,0.17291823468243245,0.698036474262967,exist waterlogged,2.797958519874527
-2.2370426842561573,-1.2765043731866346,-0.5586436546037507,0.11455868695639698,0.050437091065022754,This,6.41643088410572
-5.80305671171763,0.7941605913359271,0.10982274539976783,0.04632668194229721,0.285003231848712,exist this,2.375609423681982
-1.9520967925498356,-1.4773158170069633,-0.6287474415279772,0.00184202694117757,-0.06395782673074468,story,6.754101282092085
-5.810021718576142,0.7991027383691598,0.1088905338124268,0.03830781479721243,0.28343172324997956,this story,2.367225426006497
-5.8176256607376855,0.8044707629850008,0.10791208647415951,0.029594335207571494,0.2815118171416745,appeared,2.358083904806753
-5.8176256607376855,0.8044707629850008,0.10791208647415951,0.029594335207571494,0.2815118171416745,story appeared,2.358083904806753
-5.830850170619424,0.8137404583213299,0.10631608351476729,0.014558031470381573,0.27763596222841,ft.com,2.342212948906168
-5.830850170619424,0.8137404583213299,0.10631608351476729,0.014558031470381573,0.27763596222841,appeared ft.com,2.342212948906168
-5.838496572555307,0.8190631428996464,0.10545919713313723,0.005941668663379217,0.2750669516052847,2025-10-06,2.3330517157214845
-5.838496572555307,0.8190631428996464,0.10545919713313723,0.005941668663379217,0.2750669516052847,ft.com 2025-10-06,2.3330517157214845
-5.847816499904958,0.8255154030652612,0.10448487540794826,-0.004474113495006045,0.27159336957523916,04:00:13,2.3218999153322737
-5.847816499904958,0.8255154030652612,0.10448487540794826,-0.004474113495006045,0.27159336957523916,2025-10-06 04:00:13,2.3218999153322737
-5.87761520897848,0.8450332682801325,0.16788479788983457,0.09471254286925575,-0.001915354655288859,NWS,2.285188486682287
-5.794572070744243,0.7989801669707377,0.12630567416500416,0.081933258878503,-0.05977729114635908,says,2.375080074546424
-5.871662035639613,0.8405146005527016,0.16937505480801046,0.10317194346185041,-0.0035137483720787815,nws says,2.2924661100922643
-5.436896247074589,0.5335394140370022,0.14837577542803393,0.39932741411320555,-0.17849047213375263,winter-like,2.806721251068521
-5.861579628968944,0.8327829836081329,0.1718682029946504,0.11737312301329277,-0.006221769046756226,says winter-like,2.3048277121493097
-1.9473527020430739,-1.455600879167951,-0.40615773020247176,0.473114883620249,-0.2642090573412823,storm,6.754406253056025
-5.392281286413532,0.49505019972134323,0.1562472019219181,0.44430431757752414,-0.18878001496624336,winter-like storm,2.8634960525579034
-5.814927675767935,0.795812234971339,0.18292486241772937,0.18108498475649998,-0.018752775383897635,coming,2.362574786971459
-5.814927675767935,0.795812234971339,0.18292486241772937,0.18108498475649998,-0.018752775383897635,storm coming,2.362574786971459
-4.565965390986936,0.07464355540537726,-0.23653100960712375,0.10450099490710961,-0.012577871407520369,Southern,3.7636617130492276
-5.772292095137874,0.760500260762526,0.19239327987381571,0.236576303657345,-0.030176011802438715,coming southern,2.4160520045727
-5.70550273446883,0.7027816150294073,0.20614985628828175,0.31865250473760187,-0.047939450932472746,California,2.5009363984859005
-5.70550273446883,0.7027816150294073,0.20614985628828175,0.31865250473760187,-0.047939450932472746,southern california,2.5009363984859005
-1.8637365726833766,-1.4701759849422849,1.3728669192448923,0.48117570176777463,-0.29504739315800027,flood,6.986043248336937
-5.395852248787137,0.4127546445533563,0.25752712314482573,0.6364261590889762,-0.12630923137724953,california flood,2.9050392691014215
-5.620139906536053,0.6257102625010575,0.2221004464877374,0.4157530155862113,-0.07028338454531681,watch,2.610965836129445
-5.620139906536053,0.6257102625010575,0.2221004464877374,0.4157530155862113,-0.07028338454531681,flood watch,2.610965836129445
-1.4487055454818467,-1.7231810830204766,-0.5840564919841709,0.1777070670607247,-0.043554236636548616,issued,7.313371144672806
-5.70550273446883,0.7027816150294073,0.20614985628828175,0.31865250473760187,-0.047939450932472746,watch issued,2.5009363984859005
4.122279271994339,-4.5096704609123535,0.842828311680004,0.1632144207291289,-0.19220741775076927,The,13.634524768747214
-5.760751640050804,0.750721976571036,0.194859960691813,0.2511696793084021,-0.03325881781877868,issued the,2.4306287279896726
-4.837564775793385,0.14491600475251643,-0.127054267480206,0.17933864691786067,-0.5248345586424541,National,3.487599130925152
-5.605450999980931,0.6492245724040309,0.1684109207824377,0.319930145415617,-0.10733504094712511,the national,2.609336473411858
-5.6420206683489145,0.6800323348959174,0.16106855342304166,0.27742954173364837,-0.09820569026734034,Weather,2.5631853003460936
-5.6420206683489145,0.6800323348959174,0.16106855342304166,0.27742954173364837,-0.09820569026734034,national weather,2.5631853003460936
-5.665416117138134,0.6993477518844209,0.15619046964968936,0.24941168394290186,-0.09233852387690412,Service,2.5338426696653302
-5.665416117138134,0.6993477518844209,0.15619046964968936,0.24941168394290186,-0.09233852387690412,weather service,2.5338426696653302
-5.689657951355187,0.7190023830705099,0.1509768820781508,0.21966892901762264,-0.08624183366132368,advising,2.5036047299544224
-5.689657951355187,0.7190023830705099,0.1509768820781508,0.21966892901762264,-0.08624183366132368,service advising,2.5036047299544224
-5.705172868495167,0.7313741592347187,0.1475508851832848,0.20024120131769946,-0.08233279362954711,SoCal,2.484347922648616
-5.705172868495167,0.7313741592347187,0.1475508851832848,0.20024120131769946,-0.08233279362954711,advising socal,2.484347922648616
-5.714017893128764,0.7383505521257574,0.14556533548572198,0.1890251212643741,-0.0801023803994844,residents,2.4734050096158313
-5.714017893128764,0.7383505521257574,0.14556533548572198,0.1890251212643741,-0.0801023803994844,socal resident+s,2.4734050096158313
-2.5464194811743965,-1.2402226782489691,-0.12087230607690977,0.9084259233778496,-0.243886641266675,that,6.143269810117909
-5.726776505448665,0.748311164373435,0.14265858806374115,0.1726634288681918,-0.07688333045015085,resident+s that,2.4576674848904867
-5.6942071025137455,0.7226472787387017,0.14997972462926795,0.2140046747739347,-0.08509615244120317,that winter-like,2.4979504152288934
-3.7458007814556673,-0.4092929162292096,-0.3595704799996536,0.1641638218250377,-0.11575722575389358,system,4.697136461129024
-5.420845136252325,0.5424353825552743,0.10362377839152687,0.32061278338307536,-0.21053242924146298,storm system,2.8136279644307223
-5.241199154188679,0.3177028412025209,0.2277469620394047,0.6730598563168482,-0.19369509594860668,make,3.0806473029165975
-5.761749483096797,0.7749504495776429,0.13442064943963844,0.12667453455791297,-0.06805517735201737,system make,2.4148341088778267
-4.1545866466003964,-0.20558136634715574,-0.1253926541041731,0.49935673514582246,-0.013353708883986348,its,4.257726755553588
-5.765207380375122,0.7775282903767164,0.13358375337477435,0.12203444103834352,-0.06718244996680223,make its,2.410624766277892
-5.767850127813516,0.7794913142421267,0.13294134043133554,0.11847667085528689,-0.06651552283643072,way,2.4074109844834943
-5.767850127813516,0.7794913142421267,0.13294134043133554,0.11847667085528689,-0.06651552283643072,its way,2.4074109844834943
51.739638103909314,-30.257781362780648,2.588549164378867,-0.10982680493906581,0.8523383758902301,the,67.7212519025799
-5.581127495006984,0.6283594944084561,0.17311592397896308,0.3473608365457951,-0.11337378392534511,way the,2.640206807740964
-4.420110435092907,-0.018756032079131124,-0.30884157893657327,0.016375852003467563,-0.0498919074190943,region,3.9302420858751033
-4.420110435092907,-0.018756032079131124,-0.30884157893657327,0.016375852003467563,-0.0498919074190943,the region,3.9302420858751033
-0.13675474007424526,-2.4497385127584477,-0.5887728985705656,0.29644589905308777,-0.021727754064809868,this,8.804267935901002
-5.7785798245273465,0.7873966373589913,0.1303078345770457,0.10392863885412444,-0.06380855322443307,region this,2.3943924954376934
-2.6400684474748752,-1.0403084393999675,-0.4663413446998183,0.23075029314723944,-0.07296514048482944,week,5.955040783171258
-2.6400684474748752,-1.0403084393999675,-0.4663413446998183,0.23075029314723944,-0.07296514048482944,this week,5.955040783171258
-5.786457064952687,0.7931326977809259,0.1283481908795413,0.0931415505517759,-0.06182228394009611,the storm,2.384865927703699
-5.793779019437551,0.7984115231990159,0.1265063561584865,0.08303291520121664,-0.0599770785875199,set,2.376035126214995
-5.793779019437551,0.7984115231990159,0.1265063561584865,0.08303291520121664,-0.0599770785875199,system set,2.376035126214995
-5.953274928656154,0.899108945054812,0.14767971728461504,-0.01781919796409929,0.018304708358251487,...,2.1942294491736307
-5.953274928656154,0.899108945054812,0.14767971728461504,-0.01781919796409929,0.018304708358251487,set ...,2.1942294491736307
-5.98568013880522,0.920104578347758,0.13824159023772187,-0.06901573875023906,0.02686577628366077,arrive,2.1562591658451344
-5.98568013880522,0.920104578347758,0.13824159023772187,-0.06901573875023906,0.02686577628366077,set arrive,2.1562591658451344
-5.9865429875284,0.9206436739882251,0.13798330779549445,-0.07040470895726915,0.027092520409563114,late,2.1552572189755725
-5.9865429875284,0.9206436739882251,0.13798330779549445,-0.07040470895726915,0.027092520409563114,arrive late,2.1552572189755725
-5.9871440978029495,0.9210186052562858,0.13780315409757132,-0.07137314693234112,0.027250442235642602,Monday,2.154559493269133
-5.9871440978029495,0.9210186052562858,0.13780315409757132,-0.07137314693234112,0.027250442235642602,late monday,2.154559493269133
23.97794817747313,-14.869926133730303,3.226838059802113,-0.35942304165520955,0.14415436265765394,and,36.160722545515995
-5.9879652718437555,0.9215299538279068,0.13755675549535756,-0.07269718987568236,0.02746612342667537,monday and,2.153606716958538
-5.988424220069675,0.9218153177741596,0.13741889829196757,-0.07343772361604055,0.027586638205594594,hover,2.153074410532965
-5.988424220069675,0.9218153177741596,0.13741889829196757,-0.07343772361604055,0.027586638205594594,and hover,2.153074410532965
-4.27542255585123,-0.10089557724944709,-0.32562044129615786,0.04242682684338818,-0.027231322132526853,over,4.094493185494449
-5.988537818548737,0.9218859036920013,0.13738475972377123,-0.07362107924616362,0.02761646482325042,hover over,2.1529426759303485
-4.5249317951018835,0.028742465043242404,-0.34618394253828266,-0.1119785439417239,-0.006867052060977874,over the,3.815978081610145
-5.990508527994887,0.9231074459068913,0.136791493555442,-0.07680568911577555,0.028133700563398867,+2710,2.150658697877888
-5.990508527994887,0.9231074459068913,0.136791493555442,-0.07680568911577555,0.028133700563398867,the +2710,2.150658697877888
6.25491640585051,-5.640616869255332,0.7536125242844157,-0.13197746422918766,-0.061148875162005595,chars,16.039564515276133
-5.991135881019826,0.9234951225249551,0.13660222471887062,-0.07782096383835543,0.028298277808695205,+2710 char+s,2.1499321594512075
-6.075952539712523,0.9701263845714259,0.10907515869864476,-0.22193717585131206,0.05010096812309306,'An,2.0543313834155397
-0.681836994243394,-2.221944281042916,-0.7066421715364862,-0.022624118639910526,-0.14280383778173586,increasing,8.211392487727672
-6.075952539712523,0.9701263845714259,0.10907515869864476,-0.22193717585131206,0.05010096812309306,'an increasing,2.0543313834155397
-6.075952539712523,0.9701263845714259,0.10907515869864476,-0.22193717585131206,0.05010096812309306,attack,2.0543313834155397
-6.075952539712523,0.9701263845714259,0.10907515869864476,-0.22193717585131206,0.05010096812309306,increasing attack,2.0543313834155397
6.805825146839057,-6.03464835852329,0.4515139772712291,-0.15262700262676193,-0.11147477209936271,water,16.68128306861667
-6.075952539712523,0.9701263845714259,0.10907515869864476,-0.22193717585131206,0.05010096812309306,attack water,2.0543313834155397
-6.075952539712523,0.9701263845714259,0.10907515869864476,-0.22193717585131206,0.05010096812309306,resources,2.0543313834155397
-6.075952539712523,0.9701263845714259,0.10907515869864476,-0.22193717585131206,0.05010096812309306,water resources,2.0543313834155397
6.174123636978367,-6.0288958127201635,-0.6589056030900553,0.023977631105531614,-0.07998032062473115,from,16.024151562875115
-6.075952539712523,0.9701263845714259,0.10907515869864476,-0.22193717585131206,0.05010096812309306,resources from,2.0543313834155397
-6.075952539712523,0.9701263845714259,0.10907515869864476,-0.22193717585131206,0.05010096812309306,multiple,2.0543313834155397
-6.075952539712523,0.9701263845714259,0.10907515869864476,-0.22193717585131206,0.05010096812309306,from multipel+e,2.0543313834155397
-6.075952539712523,0.9701263845714259,0.10907515869864476,-0.22193717585131206,0.05010096812309306,fronts,2.0543313834155397
-6.075952539712523,0.9701263845714259,0.10907515869864476,-0.22193717585131206,0.05010096812309306,multipel+e front+s,2.0543313834155397
-5.58234399433659,0.6534579369633204,0.08722469400792493,0.1789601850014364,0.25224108656893285,Scientists,2.630005433882965
-6.075952539712523,0.9701263845714259,0.10907515869864476,-0.22193717585131206,0.05010096812309306,front+s scientist+s,2.0543313834155397
-6.075952539712523,0.9701263845714259,0.10907515869864476,-0.22193717585131206,0.05010096812309306,warn,2.0543313834155397
-6.075952539712523,0.9701263845714259,0.10907515869864476,-0.22193717585131206,0.05010096812309306,scientist+s warn,2.0543313834155397
-6.075952539712523,0.9701263845714259,0.10907515869864476,-0.22193717585131206,0.05010096812309306,'day,2.0543313834155397
-6.075952539712523,0.9701263845714259,0.10907515869864476,-0.22193717585131206,0.05010096812309306,warn 'day,2.0543313834155397
-5.93184778072478,0.8706034860339914,0.023774802823016805,-0.25903704910074077,-0.0629491181218223,zero,2.218253892275742
-6.075952539712523,0.9701263845714259,0.10907515869864476,-0.22193717585131206,0.05010096812309306,'day zero,2.0543313834155397
-5.93184778072478,0.8706034860339914,0.023774802823016805,-0.25903704910074077,-0.0629491181218223,droughts,2.218253892275742
-5.93184778072478,0.8706034860339914,0.023774802823016805,-0.25903704910074077,-0.0629491181218223,zero droughts,2.218253892275742
-6.075952539712523,0.9701263845714259,0.10907515869864476,-0.22193717585131206,0.05010096812309306,droughts could,2.0543313834155397
-6.002412416665202,0.9213144087735333,0.06423784355117779,-0.24178779139097373,-0.00887027846791208,hit,2.136945347869699
-6.002412416665202,0.9213144087735333,0.06423784355117779,-0.24178779139097373,-0.00887027846791208,could hit,2.136945347869699
-6.002412416665202,0.9213144087735333,0.06423784355117779,-0.24178779139097373,-0.00887027846791208,before,2.136945347869699
-6.002412416665202,0.9213144087735333,0.06423784355117779,-0.24178779139097373,-0.00887027846791208,hit before,2.136945347869699
-6.002412416665202,0.9213144087735333,0.06423784355117779,-0.24178779139097373,-0.00887027846791208,2030,2.136945347869699
-6.002412416665202,0.9213144087735333,0.06423784355117779,-0.24178779139097373,-0.00887027846791208,before 2030,2.136945347869699
-6.075952539712523,0.9701263845714259,0.10907515869864476,-0.22193717585131206,0.05010096812309306,Three-quarters,2.0543313834155397
-6.075952539712523,0.9701263845714259,0.10907515869864476,-0.22193717585131206,0.05010096812309306,2030 three-quarters,2.0543313834155397
-6.075952539712523,0.9701263845714259,0.10907515869864476,-0.22193717585131206,0.05010096812309306,three-quarters the,2.0543313834155397
-5.3437762678794645,0.5095717730834695,-0.012196481515479862,0.14563462963968715,0.32041127584695084,world,2.8998250837496258
-5.3437762678794645,0.5095717730834695,-0.012196481515479862,0.14563462963968715,0.32041127584695084,the world,2.8998250837496258
-6.002412416665202,0.9213144087735333,0.06423784355117779,-0.24178779139097373,-0.00887027846791208,drought-prone,2.136945347869699
-6.075952539712523,0.9701263845714259,0.10907515869864476,-0.22193717585131206,0.05010096812309306,world drought-prone,2.0543313834155397
-5.007379807688389,0.4740850182902898,0.8632487450728649,-0.4097133857375698,-0.05960478347241454,areas,3.2918735934350494
-6.075952539712523,0.9701263845714259,0.10907515869864476,-0.22193717585131206,0.05010096812309306,drought-prone area+s,2.0543313834155397
1.6678079924390232,-3.2803293688000834,0.7067739944125518,0.45454772837082824,-0.23620590466921132,are,10.883242813916297
-6.075952539712523,0.9701263845714259,0.10907515869864476,-0.22193717585131206,0.05010096812309306,area+s are,2.0543313834155397
-5.696353406428054,0.7243620068505014,0.14950715021550326,0.21132303313463097,-0.0845554666188221,risk,2.4952849721131463
-6.075952539712523,0.9701263845714259,0.10907515869864476,-0.22193717585131206,0.05010096812309306,are risk,2.0543313834155397
-6.002412416665202,0.9213144087735333,0.06423784355117779,-0.24178779139097373,-0.00887027846791208,extreme,2.136945347869699
-6.002412416665202,0.9213144087735333,0.06423784355117779,-0.24178779139097373,-0.00887027846791208,risk extrem+e,2.136945347869699
-6.002412416665202,0.9213144087735333,0.06423784355117779,-0.24178779139097373,-0.00887027846791208,extrem+e water,2.136945347869699
-6.002412416665202,0.9213144087735333,0.06423784355117779,-0.24178779139097373,-0.00887027846791208,shortages,2.136945347869699
-6.002412416665202,0.9213144087735333,0.06423784355117779,-0.24178779139097373,-0.00887027846791208,water shortages,2.136945347869699
-6.002412416665202,0.9213144087735333,0.06423784355117779,-0.24178779139097373,-0.00887027846791208,known,2.136945347869699
-6.002412416665202,0.9213144087735333,0.06423784355117779,-0.24178779139097373,-0.00887027846791208,shortages known,2.136945347869699
-2.5701142986151204,-1.153789416814727,-0.6446889841513774,-0.15316495255535173,-0.07168566525257855,day,6.061079707307191
-6.002412416665202,0.9213144087735333,0.06423784355117779,-0.24178779139097373,-0.00887027846791208,known day,2.136945347869699
-6.002412416665202,0.9213144087735333,0.06423784355117779,-0.24178779139097373,-0.00887027846791208,day zero,2.136945347869699
-6.075952539712523,0.9701263845714259,0.10907515869864476,-0.22193717585131206,0.05010096812309306,droughts this,2.0543313834155397
-6.075952539712523,0.9701263845714259,0.10907515869864476,-0.22193717585131206,0.05010096812309306,century,2.0543313834155397
-6.075952539712523,0.9701263845714259,0.10907515869864476,-0.22193717585131206,0.05010096812309306,this century,2.0543313834155397
-6.075952539712523,0.9701263845714259,0.10907515869864476,-0.22193717585131206,0.05010096812309306,century and,2.0543313834155397
-5.7913254902528415,0.7966483880321515,0.12712574410452193,0.08642908929620174,-0.060595266947615425,some,2.3789916226213164
-6.075952539712523,0.9701263845714259,0.10907515869864476,-0.22193717585131206,0.05010096812309306,and some,2.0543313834155397
-6.075952539712523,0.9701263845714259,0.10907515869864476,-0.22193717585131206,0.05010096812309306,some could,2.0543313834155397
-6.075952539712523,0.9701263845714259,0.10907515869864476,-0.22193717585131206,0.05010096812309306,Almost,2.0543313834155397
-6.075952539712523,0.9701263845714259,0.10907515869864476,-0.22193717585131206,0.05010096812309306,three-quarters,2.0543313834155397
-6.075952539712523,0.9701263845714259,0.10907515869864476,-0.22193717585131206,0.05010096812309306,alm+ost three-quarters,2.0543313834155397
-6.075952539712523,0.9701263845714259,0.10907515869864476,-0.22193717585131206,0.05010096812309306,three-quarters drought-prone,2.0543313834155397
-6.075952539712523,0.9701263845714259,0.10907515869864476,-0.22193717585131206,0.05010096812309306,regions,2.0543313834155397
-6.075952539712523,0.9701263845714259,0.10907515869864476,-0.22193717585131206,0.05010096812309306,drought-prone region+s,2.0543313834155397
-4.9885317971082115,0.3173931572492765,-0.1708654300558706,0.024425973821077553,-0.10647129814715026,around,3.283603800792828
-6.075952539712523,0.9701263845714259,0.10907515869864476,-0.22193717585131206,0.05010096812309306,region+s around,2.0543313834155397
-6.075952539712523,0.9701263845714259,0.10907515869864476,-0.22193717585131206,0.05010096812309306,around the,2.0543313834155397
-6.075952539712523,0.9701263845714259,0.10907515869864476,-0.22193717585131206,0.05010096812309306,world risk,2.0543313834155397
-6.075952539712523,0.9701263845714259,0.10907515869864476,-0.22193717585131206,0.05010096812309306,2100,2.0543313834155397
-6.075952539712523,0.9701263845714259,0.10907515869864476,-0.22193717585131206,0.05010096812309306,droughts 2100,2.0543313834155397
-6.075952539712523,0.9701263845714259,0.10907515869864476,-0.22193717585131206,0.05010096812309306,emissions,2.0543313834155397
-6.075952539712523,0.9701263845714259,0.10907515869864476,-0.22193717585131206,0.05010096812309306,2100 emission+s,2.0543313834155397
-6.075952539712523,0.9701263845714259,0.10907515869864476,-0.22193717585131206,0.05010096812309306,emission+s are,2.0543313834155397
-6.075952539712523,0.9701263845714259,0.10907515869864476,-0.22193717585131206,0.05010096812309306,n't,2.0543313834155397
-6.075952539712523,0.9701263845714259,0.10907515869864476,-0.22193717585131206,0.05010096812309306,are n't,2.0543313834155397
-6.075952539712523,0.9701263845714259,0.10907515869864476,-0.22193717585131206,0.05010096812309306,reduced,2.0543313834155397
-6.075952539712523,0.9701263845714259,0.10907515869864476,-0.22193717585131206,0.05010096812309306,n't reduced,2.0543313834155397
-6.075952539712523,0.9701263845714259,0.10907515869864476,-0.22193717585131206,0.05010096812309306,reduced and,2.0543313834155397
-6.075952539712523,0.9701263845714259,0.10907515869864476,-0.22193717585131206,0.05010096812309306,third,2.0543313834155397
-6.075952539712523,0.9701263845714259,0.10907515869864476,-0.22193717585131206,0.05010096812309306,and third,2.0543313834155397
-6.075952539712523,0.9701263845714259,0.10907515869864476,-0.22193717585131206,0.05010096812309306,these,2.0543313834155397
-6.075952539712523,0.9701263845714259,0.10907515869864476,-0.22193717585131206,0.05010096812309306,third these,2.0543313834155397
-6.075952539712523,0.9701263845714259,0.10907515869864476,-0.22193717585131206,0.05010096812309306,regio…,2.0543313834155397
-6.075952539712523,0.9701263845714259,0.10907515869864476,-0.22193717585131206,0.05010096812309306,these regio…,2.0543313834155397
-6.075952539712523,0.9701263845714259,0.10907515869864476,-0.22193717585131206,0.05010096812309306,+6167,2.0543313834155397
-6.075952539712523,0.9701263845714259,0.10907515869864476,-0.22193717585131206,0.05010096812309306,regio… +6167,2.0543313834155397
-6.075952539712523,0.9701263845714259,0.10907515869864476,-0.22193717585131206,0.05010096812309306,+6167 char+s,2.0543313834155397
3.5571802843813334,-4.082422208229053,1.1534888553399751,-0.32610623547268996,-0.046120593111092484,India,12.977506358748922
-3.510256534032659,-0.3141906146174307,1.1838230123629243,-0.426392687434678,-0.09653196677450776,Rainwater,5.004011454522676
-3.510256534032659,-0.3141906146174307,1.1838230123629243,-0.426392687434678,-0.09653196677450776,india rainwat+er,5.004011454522676
-2.5354765172284317,-0.8281125273620451,1.308095422837495,-0.4393983204796863,-0.11724201651163157,Harvesting,6.11194148190374
-3.503121665742861,-0.3179682111877522,1.1862593751524404,-0.4275856453355976,-0.09679949670976873,rainwat+er harvesting,5.0122762808545955
-3.491742629289357,-0.3239845307584339,1.1893505155161135,-0.42893329172620615,-0.09718405360246199,Market,5.0253764736368725
-0.7349076359548103,-1.7843945389569975,1.591876925589745,-0.4340061379398963,-0.14655249021932648,harvesting market,8.165946569169915
-4.913386730928492,0.42496493735411756,0.926490108159764,-0.4081528082299375,-0.03204726005355554,Report,3.4035398652251647
-4.227589633384667,0.06418825429692099,1.0768570783763454,-0.4234277979476551,-0.07085171608856747,market report,4.18762386730573
0.30918218041187373,-2.3693337739728917,0.9420655328744004,-0.506645322731297,-0.12504807757923245,2025,9.303744226082408
-4.888062702100035,0.4117059148927915,0.9327707755954494,-0.40929218261050804,-0.033745869418254526,report 2025,3.4325313289389836
-4.39810777296254,0.09746917697207436,1.0286862407629784,-0.011598490533593561,-0.10488513995595067,with,4.00935302576165
-4.865016665150653,0.3996345670024648,0.9383892051364823,-0.41031668910653696,-0.03526427362059839,2025 with,3.4589092729675244
-4.844772950651603,0.38902736441815167,0.9432506962983066,-0.4112078190403135,-0.03657691920419076,Profiles,3.482075440775836
-4.844772950651603,0.38902736441815167,0.9432506962983066,-0.4112078190403135,-0.03657691920419076,with profil+es,3.482075440775836
-4.7918053545640245,0.3612588007894926,0.9556601780292163,-0.4135058617596325,-0.039920487074136424,Jaldhara,3.5426712866656347
-4.7918053545640245,0.3612588007894926,0.9556601780292163,-0.4135058617596325,-0.039920487074136424,profil+es jaldhara,3.5426712866656347
-0.03213432180347553,-2.2900740660412393,0.4369552373897273,-0.4803990455036806,-0.12800072555485612,Water,8.922342788009601
-4.747343762021363,0.33793477092974555,0.9657499096769383,-0.4154040172435669,-0.04262878839960227,jaldhara water,3.593516556700119
-4.971871335703244,0.45556142594680815,0.911532210179225,-0.40545825745181313,-0.02800005795190172,water harvesting,3.3365596583500423
-3.3251711169778355,-0.4111820610127608,1.2029313480034185,-0.4407143766687796,-0.09967508686876303,Solutions,5.213960540036312
-4.649206840874411,0.28641388567569814,0.9870605858574063,-0.41952543696656724,-0.04830549323079206,harvesting solutions,3.705685120328857
-4.572873375915499,0.2463094458177053,1.0028132389211408,-0.42269456935469374,-0.05245060214285045,Hydrostatics,3.79288145327698
-4.572873375915499,0.2463094458177053,1.0028132389211408,-0.42269456935469374,-0.05245060214285045,solutions hydrostatics,3.79288145327698
-4.46467647169256,0.18943058978106753,1.0240563673072947,-0.42717667802275716,-0.057949149002787664,Watertech,3.9164064461301944
-4.46467647169256,0.18943058978106753,1.0240563673072947,-0.42717667802275716,-0.057949149002787664,hydrostatics watertech,3.9164064461301944
-4.3633954610241705,0.13616075826182206,1.04292333904037,-0.43140005875637244,-0.06272328991869972,Consultants,4.031969552707315
-4.3633954610241705,0.13616075826182206,1.04292333904037,-0.43140005875637244,-0.06272328991869972,watertech consultants,4.031969552707315
-4.197456350955719,0.04884635368733914,1.072011694253436,-0.4384575803254843,-0.06983269387525165,Rainmaxx,4.221187494485542
-4.197456350955719,0.04884635368733914,1.072011694253436,-0.4384575803254843,-0.06983269387525165,consultants rainmaxx,4.221187494485542
-4.649206840874411,0.28641388567569814,0.9870605858574063,-0.41952543696656724,-0.04830549323079206,rainmaxx solutions,3.705685120328857
-3.806803515571074,-0.1567952195777722,1.1334965918856774,-0.45617576180030545,-0.08355192180949679,EcoWater,4.666170050273723
-3.806803515571074,-0.1567952195777722,1.1334965918856774,-0.45617576180030545,-0.08355192180949679,solutions ecowater,4.666170050273723
-3.5241621229799653,-0.3056048901837438,1.1734093567538793,-0.4701994066136784,-0.09126689875786385,Systems,4.987809978002051
-3.5241621229799653,-0.3056048901837438,1.1734093567538793,-0.4701994066136784,-0.09126689875786385,ecowater systems,4.987809978002051
-3.091340923955965,-0.5335065192595683,1.2292845669350183,-0.4937183719007814,-0.10019537085467847,systems and,5.480012603371018
-2.8060996773384934,-0.6837307336997998,1.2635055275049103,-0.5104567021568346,-0.10450041401207907,More,5.804235968021877
-2.8060996773384934,-0.6837307336997998,1.2635055275049103,-0.5104567021568346,-0.10450041401207907,and more,5.804235968021877
-5.017222613350647,0.4792603090602605,0.8994660388119687,-0.4032967587128337,-0.024737551585664916,more india,3.2845943843454353
5.078139972564086,-4.833238340226432,2.049918334582392,-0.761855219427919,-0.07479374466152905,rainwater,14.750258411888007
-0.11189058056231183,-2.1061788107978643,1.5389503997200453,-0.6888121732996741,-0.10947971902370912,india rainwater,8.86531890617915
-1.4459216551496183,-1.4585466443609474,1.790272217556919,-0.33411800604474706,-0.19252661170872865,harvesting,7.402141580532953
-1.4459216551496183,-1.4585466443609474,1.790272217556919,-0.33411800604474706,-0.19252661170872865,rainwater harvesting,7.402141580532953
-2.981891964819358,-0.603966365298966,1.3870368091950231,-0.3964911395160415,-0.12942763785167122,market,5.6201659780099655
-3.378208439276298,-0.39024426066206175,1.2955034397584044,-0.4036986952045814,-0.11364347954409543,offers,5.164398502424346
-3.378208439276298,-0.39024426066206175,1.2955034397584044,-0.4036986952045814,-0.11364347954409543,market offers,5.164398502424346
-3.6471838123023375,-0.2461529653521124,1.2354526797020755,-0.40674599946659307,-0.1024556720674494,growth,4.855669869996188
-3.6471838123023375,-0.2461529653521124,1.2354526797020755,-0.40674599946659307,-0.1024556720674494,offers growth,4.855669869996188
-3.846544027846349,-0.1397572597135377,1.1915065128782003,-0.40808119142304394,-0.09373026290212835,opportunities,4.6270708579923525
-3.846544027846349,-0.1397572597135377,1.1915065128782003,-0.40808119142304394,-0.09373026290212835,growth opportunities,4.6270708579923525
-3.818384957069922,-0.1785822440536906,1.185628416805356,-0.18539871380869188,-0.1169470129264571,driven,4.664746486697248
-4.1290743917008665,0.010525143538741899,1.1291303789780662,-0.4086125048946854,-0.08045193434296807,opportunities driven,4.303320107207727
-4.274810754386541,0.08783500126313504,1.0964541568189756,-0.40822570884575055,-0.0730581772250446,government,4.136374356759887
-4.274810754386541,0.08783500126313504,1.0964541568189756,-0.40822570884575055,-0.0730581772250446,driven government,4.136374356759887
-4.402216445427199,0.15530650403584256,1.067322568491933,-0.4074814371173617,-0.06621880433728763,mandates,3.9904318615329
-4.402216445427199,0.15530650403584256,1.067322568491933,-0.4074814371173617,-0.06621880433728763,government mandat+es,3.9904318615329
-4.497152625554351,0.2055112734304978,1.0451289835927478,-0.4066558998004115,-0.06086139799883346,technological,3.8816749884358486
-4.497152625554351,0.2055112734304978,1.0451289835927478,-0.4066558998004115,-0.06086139799883346,mandat+es technological,3.8816749884358486
-4.6064317335874385,0.2632202937361112,1.0189051770866366,-0.40538655497588083,-0.054383214387316,innovation,3.756467239591488
-4.6064317335874385,0.2632202937361112,1.0189051770866366,-0.40538655497588083,-0.054383214387316,technological innovation,3.756467239591488
-3.091340923955965,-0.5335065192595683,1.2292845669350183,-0.4937183719007814,-0.10019537085467847,innovation and,5.480012603371018
-4.707311389982706,0.3164095501541271,0.9938839382482653,-0.4038735477376247,-0.04807270065823144,initiatives,3.640853332040188
-4.707311389982706,0.3164095501541271,0.9938839382482653,-0.4038735477376247,-0.04807270065823144,and initiative+s,3.640853332040188
-3.9145542493209446,-0.2411319470118527,1.1224465766810061,0.22219336339157442,-0.16454727418936796,like,4.594886216406342
-4.770759571126254,0.3498167507188461,0.9776594231272014,-0.402732725733293,-0.04392455481134175,initiative+s like,3.5681180340944696
-4.7918053545640245,0.3612588007894926,0.9556601780292163,-0.4135058617596325,-0.039920487074136424,Jal,3.5426712866656347
-4.7918053545640245,0.3612588007894926,0.9556601780292163,-0.4135058617596325,-0.039920487074136424,like jal,3.5426712866656347
-4.813010547269226,0.372041224237208,0.9666139207860179,-0.40188348808004837,-0.04107961295388876,Shakti,3.519672206184819
-4.813010547269226,0.372041224237208,0.9666139207860179,-0.40188348808004837,-0.04107961295388876,jal shakti,3.519672206184819
-4.843215615445981,0.3879179127805792,0.9585875013527251,-0.40122928638169997,-0.03900324305666633,Abhiyan,3.4850327041580034
-4.843215615445981,0.3879179127805792,0.9585875013527251,-0.40122928638169997,-0.03900324305666633,shakti abhiyan,3.4850327041580034
-4.879092600430111,0.4067626528256387,0.9489020000387424,-0.40039813310059386,-0.03648905035152741,AMRUT,3.4438817674643896
-4.879092600430111,0.4067626528256387,0.9489020000387424,-0.40039813310059386,-0.03648905035152741,abhiyan amrut,3.4438817674643896
-4.9013710682002145,0.4184569766387298,0.9427993706767143,-0.3998509374359371,-0.03490077192926083,2.0,3.418324347344253
-4.9013710682002145,0.4184569766387298,0.9427993706767143,-0.3998509374359371,-0.03490077192926083,amrut 2.0,3.418324347344253
-4.9190342710605535,0.42772429565742565,0.9379103431507073,-0.39939942130736417,-0.03362638554399719,Residential,3.39805916236515
-4.961547155330349,0.4500126711982193,0.9259486773068254,-0.39824533835980486,-0.03050252361548504,commercial,3.349274773085987
-4.961547155330349,0.4500126711982193,0.9259486773068254,-0.39824533835980486,-0.03050252361548504,residential commercial,3.349274773085987
-4.996987239950425,0.4685735994780367,0.9157526031430877,-0.39720612807704386,-0.027835064312644278,commercial and,3.3085962670033866
-5.008089196260274,0.4743841336650174,0.9125139336105178,-0.3968653330053571,-0.026987219409066204,agricultural,3.295851273014737
-5.008089196260274,0.4743841336650174,0.9125139336105178,-0.3968653330053571,-0.026987219409066204,and agricultural,3.295851273014737
-5.04199770090482,0.4921190390850769,0.9024826203487696,-0.3957769931034767,-0.024360417100072668,sectors,3.2569180654334846
-5.04199770090482,0.4921190390850769,0.9024826203487696,-0.3957769931034767,-0.024360417100072668,agricultural sectors,3.2569180654334846
-5.061370809492323,0.5022430071468023,0.8966526688146604,-0.3951216941107038,-0.022833828775515333,sectors are,3.234669645460771
-5.070670586881883,0.507100537486435,0.8938274427870866,-0.3947981055427972,-0.022094188057372732,key,3.2239883985171973
-5.070670586881883,0.507100537486435,0.8938274427870866,-0.3947981055427972,-0.022094188057372732,are key,3.2239883985171973
-5.0797276526198125,0.5118297943231298,0.8910588914172602,-0.39447719058548986,-0.021369534996956152,key area+s,3.2135851388857306
-5.095024690709609,0.519813878207797,0.8863437635287997,-0.39392194054429497,-0.020135828602215577,addressing,3.1960126465778678
-5.095024690709609,0.519813878207797,0.8863437635287997,-0.39392194054429497,-0.020135828602215577,area+s addressing,3.1960126465778678
-5.11774799205711,0.5316656842967138,0.8792456906681424,-0.3930654072796035,-0.018280068600208338,addressing water,3.169904958361087
-5.129519194486367,0.537801124214561,0.8755230012963183,-0.39260625833525065,-0.017307664790610633,scar…,3.1563784937828276
-5.129519194486367,0.537801124214561,0.8755230012963183,-0.39260625833525065,-0.017307664790610633,water scar…,3.1563784937828276
-5.1408832083249205,0.5437215864261151,0.8718984955363261,-0.3921526586167467,-0.01636159948568021,Dublin,3.143318555314054
-5.1408832083249205,0.5437215864261151,0.8718984955363261,-0.3921526586167467,-0.01636159948568021,scar… dublin,3.143318555314054
-3.1684178838604353,-0.5517477184294934,0.4913599112984428,-0.3647200195404477,-0.12493958030429984,Oct,5.35447825854736
-5.155441631366619,0.5513022193411612,0.8672100252485738,-0.3915563078414565,-0.01513896669568529,dublin oct,3.1265854561288564
-5.181068410263051,0.5646345959908965,0.8588292265848697,-0.3904633574407102,-0.012957211374835242,GLOBE,3.0971249362473086
-5.181068410263051,0.5646345959908965,0.8588292265848697,-0.3904633574407102,-0.012957211374835242,2025 globe,3.0971249362473086
-5.190760675251116,0.5696729865682661,0.8556154811476041,-0.390035087533014,-0.012122025484944982,NEWSWIRE,3.085980756473665
-5.190760675251116,0.5696729865682661,0.8556154811476041,-0.390035087533014,-0.012122025484944982,globe newswire,3.085980756473665
-5.210769699525194,0.5800670573371653,0.848901278305534,-0.3891239706130466,-0.01038005375789311,newswire the,3.0629708290347053
-3.192626187063043,-0.4973519713688628,0.777178740560967,-0.4703602550667272,-0.05562780447843134,the india,5.335932217487127
-5.171065681759453,0.5594324656216805,0.8621202727036806,-0.3908966668087176,-0.013813344308161168,market 2025,3.1086249476801076
-4.28099000951352,0.06860315591834709,1.074970372608247,-0.17740790659670486,-0.09361799746342589,report,4.1332734792596195
-5.271205367323121,0.6113962011048006,0.8279246133275832,-0.3861351673201142,-0.004967791848361408,2025 report,2.99344070755774
1.8766221711501814,-3.3504442679161888,0.45087278777069684,0.2476559144420073,-0.15785097893613484,has,11.0835836064145
-5.279566733248248,0.6157222395661657,0.8249343445573741,-0.385691607606659,-0.004200521067849988,report has,2.9838173080857544
-4.770282443923499,0.3035716205183878,0.638462681913192,-0.47915650097420226,-0.26585435422863624,been,3.557138553247989
-4.770282443923499,0.3035716205183878,0.638462681913192,-0.47915650097420226,-0.26585435422863624,has been,3.557138553247989
-5.289963863439268,0.6210984828655146,0.821184324265335,-0.38512919886427516,-0.00323997668324838,added,2.971849522735075
-5.289963863439268,0.6210984828655146,0.821184324265335,-0.38512919886427516,-0.00323997668324838,been added,2.971849522735075
-5.2999859820194715,0.6262775018776336,0.817535557362184,-0.384575414184522,-0.0023072165347688134,ResearchAndMarkets.com,2.9603119588374502
-5.2999859820194715,0.6262775018776336,0.817535557362184,-0.384575414184522,-0.0023072165347688134,added researchandmarkets.com,2.9603119588374502
-5.326036635781849,0.6397234974487449,0.8078894020426478,-0.3830802928066823,0.0001494259877184989,offering,2.9303153799798842
-5.326036635781849,0.6397234974487449,0.8078894020426478,-0.3830802928066823,0.0001494259877184989,researchandmarkets.com offering,2.9303153799798842
-5.371588627341207,0.6638094150132166,0.8085236079007935,-0.38919904574136244,0.0035527314195989423,delive…,2.879231955806164
-5.371588627341207,0.6638094150132166,0.8085236079007935,-0.38919904574136244,0.0035527314195989423,report delive…,2.879231955806164
-5.377828712542543,0.6671466764939424,0.8098752988555321,-0.39067151440468384,0.003956529662652586,+2461,2.8723348467376772
-5.377828712542543,0.6671466764939424,0.8098752988555321,-0.39067151440468384,0.003956529662652586,delive… +2461,2.8723348467376772
-5.381889945781872,0.6693177414599409,0.8107573595053793,-0.3916323010105473,0.004220239740414938,+2461 chars,2.8678466931906517
-4.090810509664971,-0.24448467406557217,-0.4574563883318556,-0.17168175460272156,0.016098956155012556,Steady,4.317450310108222
-1.4991669031859391,-1.748174472429601,-0.6984418627994292,-0.08832192329352125,-0.00492137901053144,overnight,7.276433966796713
-3.6697599129358682,-0.493939791071317,-0.5184262020449493,-0.15673645864645175,0.008732637685236744,steady overnight,4.798599646088284
58.49374499844639,-33.874559053092085,3.058838005467302,-0.42041879466807913,1.0344231606158827,rain,75.40175390192066
-1.7706587510420464,-1.5935339593485165,-0.6846155254109665,-0.09577868064654894,-0.004756917948517819,overnight rain,6.966754269725276
-3.116051107739488,-0.8183813736682262,-0.5824699471805745,-0.1375387443751972,0.0020004225594080494,drenches,5.43111776675817
-3.116051107739488,-0.8183813736682262,-0.5824699471805745,-0.1375387443751972,0.0020004225594080494,rain drenches,5.43111776675817
-1.9971965061711368,-1.464094422172081,-0.6715772097476876,-0.10225317306413857,-0.004356505802797839,southern,6.708302828211432
-3.9395951162857803,-0.33437299549118205,-0.48076045815080304,-0.16631206444880997,0.013193427319591194,drenches southern,4.490262632894074
0.21722124238104534,-2.7189773906984596,-0.7352717772218116,-0.01820537857960252,-0.06981063268947862,parts,9.233421227261221
-3.1851915322538495,-0.778696296583091,-0.5778552847931032,-0.14498827580480195,0.017211231115153824,southern part+s,5.352559939073715
-1.2150099130386707,-1.9100963476956272,-0.7132529716385515,-0.08550121059719082,0.007834526137019487,Kerala,7.60086913438737
-2.9147702458143954,-0.9362353792939424,-0.605149933699878,-0.1371281964412686,0.018025083430469296,part+s kerala,5.661486736476574
0.5151821116381399,-2.8907456277901047,-0.7587022673247799,-0.05620495266143903,-0.024305364591293704,Persistent,9.57549657027071
-3.7468569045981788,-0.44845337886994274,-0.5081448120369236,-0.1594654714986401,0.009918798537125212,kerala persistent,4.710507558860243
26.191374304131113,-16.750695129182,0.4997215531631697,-0.043640441348459555,0.3856552548375649,persistent rain,38.74989096617921
-3.9395951162857803,-0.33437299549118205,-0.48076045815080304,-0.16631206444880997,0.013193427319591194,rain southern,4.490262632894074
-4.134445891815069,-0.2184803928388308,-0.4504114182692931,-0.17322626296391808,0.01699689295318621,southern kerala,4.267580848068922
-3.0150050290771135,-0.8782803639171775,-0.5966136206204362,-0.14245577484095073,0.024489395822895,kerala and,5.547202875574479
-3.0462348985703516,-0.8603481662641475,-0.5943306362283931,-0.14507618678298823,0.029165054042021632,Tamil,5.511682703789841
-3.0462348985703516,-0.8603481662641475,-0.5943306362283931,-0.14507618678298823,0.029165054042021632,and tamil,5.511682703789841
-3.036538699032178,-0.8665200753546949,-0.5969045562139847,-0.14807537327903247,0.038232879724167446,Nadu,5.523073979232194
-3.036538699032178,-0.8665200753546949,-0.5969045562139847,-0.14807537327903247,0.038232879724167446,tamil nadu,5.523073979232194
-4.090810509664971,-0.24448467406557217,-0.4574563883318556,-0.17168175460272156,0.016098956155012556,nadu the,4.317450310108222
-3.954365647407702,-0.3256080847609284,-0.4785574292558088,-0.16683719665758373,0.013463651846168684,awaits,4.473383090482136
-4.854338275684322,0.21518872718338544,-0.3089779536535626,-0.19726610747295537,0.03656702123768585,region await+s,3.4449053642552117
-3.025857983569421,-0.8713996825088355,-0.5935396122979872,-0.13871432543659984,0.013102720086437036,await+s the,5.534453800226595
-4.09710937122633,-0.2407327489080271,-0.4564485660877583,-0.17190490571329958,0.01622687442918011,official,4.310251591260172
-4.09710937122633,-0.2407327489080271,-0.4564485660877583,-0.17190490571329958,0.01622687442918011,the official,4.310251591260172
-4.193681422086493,-0.18313087789612137,-0.4406064726552115,-0.1753167737761661,0.018260848431499055,declaration,4.199881465635088
-4.193681422086493,-0.18313087789612137,-0.4406064726552115,-0.1753167737761661,0.018260848431499055,official declaration,4.199881465635088
-3.025857983569421,-0.8713996825088355,-0.5935396122979872,-0.13871432543659984,0.013102720086437036,declaration the,5.534453800226595
-5.081890987165755,0.35378799769403946,-0.254161524665736,-0.20803015519879392,0.05967417518738122,north-east,3.185366822021142
-5.081890987165755,0.35378799769403946,-0.254161524665736,-0.20803015519879392,0.05967417518738122,the north-east,3.185366822021142
-2.280979025072244,-1.2549445252170326,-0.36456824741199906,0.5061382469617608,-0.07258157156133303,monsoon,6.374665421197758
-5.01062771786209,0.3100324848734015,-0.2733109002109464,-0.2071079880611419,0.05967143553334586,north-east monsoon,3.266803111661643
-3.981217422710373,-0.278082872860268,-0.4008565473046211,-0.002144139902065821,0.043400213137559374,have,4.431535146713027
-4.265842451690673,-0.14366792221952318,-0.4401292018336148,-0.20166985808356247,0.08948250214381334,nadu have,4.119672790974683
-3.1018263140254385,-0.8057094375626099,-0.5423564032889341,-0.04036845345915516,0.02395031895976632,received,5.43940824818854
-4.0552779902241385,-0.27136844128945814,-0.4792128097933569,-0.20317629600045178,0.1085809593676273,have received,4.361453916247578
8.511167438194956,-7.294648878429079,-0.6177851965770818,-0.06251731451698854,0.39118030928364345,persistent,18.68482151989997
-3.2510245859404403,-0.7639536638504105,-0.6087445741627127,-0.22874502706873956,0.2225505079718598,received persistent,5.289860808430819
-3.116051107739488,-0.8183813736682262,-0.5824699471805745,-0.1375387443751972,0.0020004225594080494,rain from,5.43111776675817
-3.6697599129358682,-0.493939791071317,-0.5184262020449493,-0.15673645864645175,0.008732637685236744,from overnight,4.798599646088284
-2.501264135138266,-1.1746142884149378,-0.6370209025840823,-0.11748501956094921,-0.002487518299903846,Wednesday,6.133054853755009
-4.2498021232594265,-0.14958787965519482,-0.4310523335834884,-0.17728885404859795,0.019507824629253434,overnight wednesday,4.135741204333172
-3.2656167668751337,-0.7052039148030671,-0.5149060580772067,-0.025597457080024595,-0.006810803238959995,evening,5.250345190623258
-4.523787399900744,0.014930944543523728,-0.38039168187291517,-0.1867191957938361,0.026351050600894182,wednesday evening,3.8226066198390978
-3.00563538397075,-0.8826471722008113,-0.5934211705622663,-0.1338263512005856,0.0009874986806453212,until,5.557213426385758
-4.68791526190752,0.11411490579079242,-0.34648480256868486,-0.19211262405391055,0.03112562430191368,evening until,3.6350473525649507
-4.772521762065754,0.1654350143152754,-0.3278340505884442,-0.194779800940726,0.03381144738271219,until this,3.538375867236768
-3.042836533400955,-0.8288633643252847,-0.5095308118051388,0.0442141445734665,-0.07149917050866765,Thursday,5.501725020844754
-4.843566363447518,0.20863107296409877,-0.31150842776861704,-0.196944576603082,0.036194948406123084,this thursday,3.4572107617032497
-3.439020078362411,-0.629601079219817,-0.5470964769056879,-0.14863508122405222,0.005566856913905308,morning,5.062215633866481
-4.940330408835151,0.26761591996098466,-0.28823409120990107,-0.1997619745600287,0.03964290221270905,thursday morning,3.346682692798565
-4.913018814220595,0.25021851348949165,-0.2984520653490426,-0.20586099304540295,0.06043593273129591,morning the,3.3783978698066743
-4.939844820838946,0.2666439720970988,-0.2916623398654269,-0.20619904663376448,0.06013644549814362,South,3.347722412151747
-4.939844820838946,0.2666439720970988,-0.2916623398654269,-0.20619904663376448,0.06013644549814362,the south,3.347722412151747
-5.087665710003472,0.357761154468371,-0.2503019557005818,-0.20369265218519472,0.045380989507925296,Peninsula,3.178451422858561
-5.087665710003472,0.357761154468371,-0.2503019557005818,-0.20369265218519472,0.045380989507925296,south peninsula,3.178451422858561
-5.14081273401935,0.3903757963747141,-0.23582006509715525,-0.20498171354159106,0.047608538485696156,peninsula await+s,3.117790625535336
-5.290052379505225,0.4822236507475872,-0.19266150967161705,-0.20814603166478252,0.05436112547075381,no…,2.9475436241921136
-5.290052379505225,0.4822236507475872,-0.19266150967161705,-0.20814603166478252,0.05436112547075381,the no…,2.9475436241921136
-5.304676798809579,0.4912441219552117,-0.18822202797721396,-0.20841479310610267,0.055065112381721876,+1900,2.9308693609700263
-5.304676798809579,0.4912441219552117,-0.18822202797721396,-0.20841479310610267,0.055065112381721876,no… +1900,2.9308693609700263
-5.321258521640379,0.5014759847660049,-0.18314057149535348,-0.208709573877141,0.055872995997810176,+1900 char+s,2.9119656282864823
-2.221244224043862,-1.3360255765056657,-0.6360571194606432,-0.0639463649788886,-0.09654001054683153,Heavy,6.451621704280821
-5.329981492443138,0.5249444610790281,-0.09438696461106255,-0.025365912087378865,0.03826894858231422,Rains,2.8972107591961977
-5.329981492443138,0.5249444610790281,-0.09438696461106255,-0.025365912087378865,0.03826894858231422,heavy rains,2.8972107591961977
-5.317897701119442,0.5178094546169392,-0.09659695006732197,-0.021901133821371224,0.03731859541063412,Wreak,2.9108974878582723
-5.317897701119442,0.5178094546169392,-0.09659695006732197,-0.021901133821371224,0.03731859541063412,rains wreak,2.9108974878582723
-5.305214729992277,0.5103227450260099,-0.09885810277549387,-0.018197158543915293,0.03631863134612867,Havoc,2.925265581789602
-5.305214729992277,0.5103227450260099,-0.09885810277549387,-0.018197158543915293,0.03631863134612867,wreak havoc,2.925265581789602
-2.062064030333996,-1.3719886590162451,-0.5400248235547918,0.18254673158540308,-0.03287932157586672,Los,6.613827036380007
-5.284941407336625,0.4983593983200445,-0.10234533006110752,-0.012125893246026968,0.034713634534908194,havoc los,2.9482385978220704
-1.9020532146228115,-1.4640552157957178,-0.5551504353516201,0.17583474343494948,-0.03182876235809391,Angeles,6.796408192963409
-1.9020532146228115,-1.4640552157957178,-0.5551504353516201,0.17583474343494948,-0.03182876235809391,los angeles,6.796408192963409
-3.335677411687663,-0.6397562680513884,-0.3629360715533948,0.28013124264669553,-0.043491976449595515,UCLA,5.164792048126516
-5.247225695693402,0.47611275746437864,-0.10840068680610554,-0.00029929047419601645,0.031699188793745364,angeles ucla,2.990998635214221
-5.2333612962982174,0.46793659877281857,-0.11047972733953587,0.004235624633891787,0.030579273990754163,Flooding,3.0067253076229754
-5.2333612962982174,0.46793659877281857,-0.11047972733953587,0.004235624633891787,0.030579273990754163,ucla flooding,3.0067253076229754
-5.206442719768271,0.45206201043898075,-0.11428073801419569,0.013351819922002324,0.028382424112423726,Leaves,3.0372734430714607
-5.206442719768271,0.45206201043898075,-0.11428073801419569,0.013351819922002324,0.028382424112423726,flooding leaves,3.0372734430714607
-5.183475030686612,0.4385143711550705,-0.11726908279526413,0.02147570584159897,0.026480663477004257,Practice,3.063354062063114
-5.183475030686612,0.4385143711550705,-0.11726908279526413,0.02147570584159897,0.026480663477004257,leaves practice,3.063354062063114
-5.150755679471597,0.41920265532484335,-0.12110212517168442,0.03364187891597101,0.023719570886321872,Field,3.1005376006799956
-3.036322322042073,-0.8118987086028939,-0.3818570198030716,0.31768565365841606,-0.05048591719406337,practice fall+d,5.506010066379057
-5.11352231434374,0.39719506758535905,-0.12482703421179084,0.04840330267274759,0.02048932978346127,Shambles,3.1429010232270276
-5.11352231434374,0.39719506758535905,-0.12482703421179084,0.04840330267274759,0.02048932978346127,fall+d shamble+s,3.1429010232270276
-5.070261670055192,0.371553257919113,-0.1282554264925827,0.06688581888918607,0.016594812638141637,shamble+s the,3.192204232563977
-1.9732601500193407,-1.4156531185559462,-0.4575469762702737,0.3703082716128138,-0.058673655225190594,practice,6.715361900003692
-3.9264830437500704,-0.2984729604918681,-0.3076058658031443,0.21253071846744348,-0.02850250804148942,the practice,4.492087457977968
-3.8835831659759803,-0.32440686476524627,-0.29582186370243874,0.25148425362688576,-0.034596443936991655,field,4.542077221975591
-4.10727876902747,-0.1942348759416328,-0.27169446777916334,0.2214347325687529,-0.02732607957852172,fall+d ucla,4.287318136957963
-3.5991609521046666,-0.49893392869660147,-0.27114495831053265,0.3909628242916957,-0.05927007708309344,completely,4.872679096545151
-3.5991609521046666,-0.49893392869660147,-0.27114495831053265,0.3909628242916957,-0.05927007708309344,ucla completely,4.872679096545151
1.561201514568836,-3.4778644892825965,-0.29133086312688067,0.9357004753936857,-0.24136291563534368,flooded,10.786433032166592
-2.9210695976887546,-0.9458393158079512,-0.20399496000789075,0.6878808471516957,-0.11938540319499696,completely flooded,5.67645477615655
-3.354498868459461,-0.6414685863527261,-0.28933293131975757,0.4232047021268533,-0.06630609743749713,prior,5.152119806278212
-3.354498868459461,-0.6414685863527261,-0.28933293131975757,0.4232047021268533,-0.06630609743749713,flooded prior,5.152119806278212
-3.436025662617924,-0.5837073785840317,-0.33532080849161516,0.30889092473199176,-0.04718996742171158,college,5.052095337661697
-3.436025662617924,-0.5837073785840317,-0.33532080849161516,0.30889092473199176,-0.04718996742171158,prior college,5.052095337661697
-3.419890446107191,-0.5908362123225728,-0.3667259603190216,0.24904422976362955,-0.038449535496287546,football,5.068242501341589
-3.419890446107191,-0.5908362123225728,-0.3667259603190216,0.24904422976362955,-0.038449535496287546,college football,5.068242501341589
-3.9264830437500704,-0.2984729604918681,-0.3076058658031443,0.21253071846744348,-0.02850250804148942,football practice,4.492087457977968
-3.2255963130898975,-0.7047063121921644,-0.4311202600300732,0.16740535274812185,-0.02866400495931605,earlier,5.2885234445886375
-3.2255963130898975,-0.7047063121921644,-0.4311202600300732,0.16740535274812185,-0.02866400495931605,practice earlier,5.2885234445886375
-3.071339580612947,-0.7956436072248794,-0.4613310397055167,0.14286891948473557,-0.02642207909861473,earlier this,5.46457702559424
-1.960566988765974,-1.4425242976554413,-0.5902315720779515,0.08937780592646065,-0.02208912523649363,not,6.733651686745154
-1.960566988765974,-1.4425242976554413,-0.5902315720779515,0.08937780592646065,-0.02208912523649363,angeles not,6.733651686745154
-1.5831890538351638,-1.6595954146751275,-0.6180759985803361,0.08453754948328329,-0.020882986583100685,prepared,7.164667825990719
-1.5831890538351638,-1.6595954146751275,-0.6180759985803361,0.08453754948328329,-0.020882986583100685,not prepared,7.164667825990719
7.695837951411082,-6.741718810125249,-0.44847001715209106,0.4047959137142102,0.05600854193028809,for,17.710053114065246
0.10974864589425426,-2.621371123007242,-0.692319231240867,0.08050383877505923,-0.011752910616448009,prepared for,9.096739063507163
2.2697543693136026,-3.8283795798416187,-0.7128995972225429,0.08575350483808006,0.007613455380235473,for rain,11.558838614283413
-3.8483915376250417,-0.363040263172266,-0.4377828781776088,-0.03766683670386292,0.00031808463163987555,hilarious,4.5849819282922954
-4.234190635919818,-0.13418983845028354,-0.3733908055853769,-0.043520945925353854,0.007010288743142468,visual,4.144565264900624
-4.234190635919818,-0.13418983845028354,-0.3733908055853769,-0.043520945925353854,0.007010288743142468,hilarious visual,4.144565264900624
-4.3423115331504,-0.07235977996319076,-0.357950223911295,-0.05553584718135367,-0.015083665445936478,even,4.021608999894919
-4.406244950306821,-0.03168842353982049,-0.34101601262848746,-0.04656921631697063,0.010759080458995207,visual even,3.948284500460043
-1.6353895914640955,-1.6314578445232675,-0.6190079560853634,0.07503906780939745,-0.020026298685888066,though,7.105723343152768
-4.5024312319676385,0.025721242629791474,-0.32184896884437714,-0.048492178708960276,0.013104345221342795,even though,3.838605325807107
-4.428463385287753,-0.019329078109729947,-0.3394975437499435,-0.05330605318476821,0.01146315853602109,there,3.9232632042323945
-4.428463385287753,-0.019329078109729947,-0.3394975437499435,-0.05330605318476821,0.01146315853602109,though there,3.9232632042323945
-4.116785040239625,-0.2066556280733014,-0.4018042379054863,-0.058642316100712216,0.005677687230970729,explanation,4.279513560875336
-4.116785040239625,-0.2066556280733014,-0.4018042379054863,-0.058642316100712216,0.005677687230970729,there explanation,4.279513560875336
-3.4412721833711046,-0.6069032498655833,-0.5043472963710576,-0.05334742919772052,-0.004394502257690697,explanation for,5.051489023684248
-4.11260592500251,-0.19078135049803757,-0.3382994655913616,0.08369515077962256,0.09934335919048337,for the,4.280123968902718
-1.9921085137878496,-1.4505157788954044,-0.6449050639951217,-0.04098641654866324,-0.015055869293624694,drainage,6.707701941144136
-1.9921085137878496,-1.4505157788954044,-0.6449050639951217,-0.04098641654866324,-0.015055869293624694,the drainage,6.707701941144136
-3.3559060997039323,-0.6551008892147401,-0.5106509772118583,-0.0417658465353791,-0.004546948215068236,failure,5.14823901599677
-3.3559060997039323,-0.6551008892147401,-0.5106509772118583,-0.0417658465353791,-0.004546948215068236,drainage failure,5.14823901599677
-3.9501816992653542,-0.30335328770465564,-0.4234154648399965,-0.04261575419647856,0.002227711835731172,Threat,4.4689448148157105
-4.281288266510897,-0.10519389406702628,-0.36154980536904113,-0.03732866203845897,0.007272026612483426,severe,4.090510040162171
-4.281288266510897,-0.10519389406702628,-0.36154980536904113,-0.03732866203845897,0.007272026612483426,threat sever+e,4.090510040162171
-1.463614910554318,-1.7256220288547888,-0.6259836878919143,0.08529574776806825,0.021778756415762074,weather,7.3006870237154855
-4.430816995644186,-0.015119906008003392,-0.32920201050953507,-0.03192396009037465,0.00978009603815913,sever+e weather,3.919661586230958
-4.557320385962253,0.061403739097176446,-0.29889604836183475,-0.024580346264727368,0.011907810161752796,crea…,3.7751724607057504
-4.557320385962253,0.061403739097176446,-0.29889604836183475,-0.024580346264727368,0.011907810161752796,weather crea…,3.7751724607057504
-4.631559759572097,0.10646442485339969,-0.2794482176133628,-0.018336391136376043,0.013084155976126471,iStockphoto,3.6904117709093986
-4.631559759572097,0.10646442485339969,-0.2794482176133628,-0.018336391136376043,0.013084155976126471,crea… istockphoto,3.6904117709093986
-4.774360352235228,0.19351354955929612,-0.23658363892145345,0.0016453896068648888,0.014756092934643916,Brendan,3.527504581985592
-4.774360352235228,0.19351354955929612,-0.23658363892145345,0.0016453896068648888,0.014756092934643916,istockphoto brendan,3.527504581985592
-4.824752377588235,0.2243699677684141,-0.21843154181385221,0.013879944706775784,0.01484291338555882,Mullin-Imagn,3.4701043636784172
-4.824752377588235,0.2243699677684141,-0.21843154181385221,0.013879944706775784,0.01484291338555882,brendan mullin-imag+n,3.4701043636784172
-4.8848069861365,0.2612309496387186,-0.19164936683924114,0.03838873078232074,0.01381369619638867,Images,3.4018878212134886
-4.8848069861365,0.2612309496387186,-0.19164936683924114,0.03838873078232074,0.01381369619638867,mullin-imag+n image+s,3.4018878212134886
-4.909724171153732,0.27649835707229475,-0.1760712805254346,0.05759279081065338,0.012282019204537559,image+s the,3.3737861275065404
-3.89899123027865,-0.3331074673838188,-0.42994058752755204,-0.03839259656751044,0.0010789397728705186,hi…,4.527202306373868
-4.10662903885269,-0.2100145261812112,-0.39588708147046175,-0.04148104255666257,0.004557596663110855,+2374,4.290148816685882
-4.10662903885269,-0.2100145261812112,-0.39588708147046175,-0.04148104255666257,0.004557596663110855,hi… +2374,4.290148816685882
-4.288944939422658,-0.10159769596304868,-0.36334697863079646,-0.04444698977120207,0.008145330551140612,+2374 char+s,4.082089936719577
-2.4906030930336094,-1.195707939383396,-0.6484415414387602,-0.14426792934134092,-0.05847371256488879,Ranji,6.150428035107469
-2.5398073141747117,-1.1674583991012475,-0.644767957798273,-0.1461088138605342,-0.05892608794644083,Trophy,6.094296249309138
-2.5398073141747117,-1.1674583991012475,-0.644767957798273,-0.1461088138605342,-0.05892608794644083,ranji trophy,6.094296249309138
-2.454592000419515,-1.218382670930164,-0.6522862318884304,-0.14614143923568107,-0.06487348721970225,Meghalaya,6.192237847490766
-4.94034886072078,0.26283278901568297,-0.295494570896964,-0.21582377931058316,0.0012654318086934707,trophy meghalaya,3.347653173524331
-2.7262629821798434,-1.0598427068499165,-0.6298372201972273,-0.15261949427653898,-0.059355606071516194,Mizoram,5.881434316347079
-4.836643753835167,0.1993633269804489,-0.3203049611161682,-0.21271614047228848,-0.0017641506026534193,meghalaya mizoram,3.4662527788302997
-1.8981567009217217,-1.5252928441992748,-0.6813524034643337,-0.10902018526007269,-0.017397163478782826,Rain,6.822930341955077
-4.733788895687058,0.13666214067606708,-0.3435404308295236,-0.20940149811521835,-0.004392402587521521,mizoram rain,3.583885857631573
-4.671475778531494,0.09879175812098895,-0.3569983719046307,-0.20730247242746247,-0.005829900703607269,forces,3.6551526798788663
-4.671475778531494,0.09879175812098895,-0.3569983719046307,-0.20730247242746247,-0.005829900703607269,rain force+s,3.6551526798788663
-4.567059227639065,0.035522902982562554,-0.37857164945257393,-0.20366218925601265,-0.008014244460919334,consecutive,3.7745707240825994
-4.567059227639065,0.035522902982562554,-0.37857164945257393,-0.20366218925601265,-0.008014244460919334,force+s consecutive,3.7745707240825994
-4.31323893344932,-0.11734072457837685,-0.42639200375109854,-0.19436695208419014,-0.012377431651634074,consecutive day,4.064830553712048
-1.252526137748566,-1.9016259985377175,-0.7179982268953263,-0.10458792788442366,-0.05019948243191055,play,7.562539729455663
-3.9532651685067806,-0.3320928550105129,-0.484633645499438,-0.18067367908045207,-0.016883210680284033,day play,4.47637939554769
-3.6560258124025857,-0.5078375739672261,-0.525704641767876,-0.16932585860725874,-0.01953350305464019,play persistent,4.816092666116081
2.1781318103312373,-3.813208571087024,-0.7595129751145463,-0.026878182529798303,-0.006024248499949161,continued,11.46877826995785
2.1781318103312373,-3.813208571087024,-0.7595129751145463,-0.026878182529798303,-0.006024248499949161,rain continued,11.46877826995785
-2.173312543030491,-1.374361335723918,-0.6683400514377227,-0.1277964466523508,-0.04528434472752463,disrupt,6.5112431135213775
-2.173312543030491,-1.374361335723918,-0.6683400514377227,-0.1277964466523508,-0.04528434472752463,continued disrupt,6.5112431135213775
-1.9250221816731816,-1.5301261386959788,-0.6912113715859695,-0.14090781571823874,-0.08780141501533596,disrupt the,6.799599563896368
-3.4280740563943715,-0.6470599003922008,-0.5576819908936204,-0.17092246324469768,-0.04298566779317889,the ranji,5.078319054093174
-3.2700618678514433,-0.741538187643378,-0.5766943703051493,-0.1685424563210774,-0.051122105934370526,2025-26,5.259545559353502
-3.2700618678514433,-0.741538187643378,-0.5766943703051493,-0.1685424563210774,-0.051122105934370526,trophy 2025-26,5.259545559353502
-3.453044206632528,-0.6348451695788309,-0.5565089852842842,-0.17620859574162895,-0.05236078941122557,Plate,5.050621392289687
-3.453044206632528,-0.6348451695788309,-0.5565089852842842,-0.17620859574162895,-0.05236078941122557,2025-26 plate,5.050621392289687
-3.5661705900524048,-0.5687268927335247,-0.5431903739823217,-0.1811254210451415,-0.05331551100796028,Group,4.921454192633782
-3.5661705900524048,-0.5687268927335247,-0.5431903739823217,-0.1811254210451415,-0.05331551100796028,plate group,4.921454192633782
-1.890407314568943,-1.5558092021714782,-0.6960464821730041,-0.14797363128679952,-0.10468683691744682,match,6.841336026290203
-3.3085568907364324,-0.7276953874070413,-0.5780084254683885,-0.1841344279417882,-0.08201594704613821,group match,5.218639878669379
-1.4382174265306773,-1.8210826104717501,-0.7227952034534748,-0.14560891879060783,-0.11777634969111461,between,7.360238866440597
-3.7487354197255227,-0.4618172988633251,-0.5202739929135645,-0.18945431452268802,-0.05545049861407625,match between,4.713020399888916
-3.469827933398994,-0.6246411681465931,-0.5542944869903432,-0.1762226592220446,-0.05094576057218453,between meghalaya,5.031318902612066
-3.8885982799059864,-0.38016664044856974,-0.501739916231683,-0.19692782683054405,-0.059370325979201735,meghalaya and,4.553505384652352
-3.849747640067565,-0.3985454371445467,-0.5038288019334292,-0.18696753972857472,-0.04059047676079644,and mizoram,4.596354832998102
-4.76197992494439,0.14816006426780848,-0.3430692000037836,-0.2236013302153248,-0.03576924293056016,Thursday—Day,3.5532633761678616
-4.76197992494439,0.14816006426780848,-0.3430692000037836,-0.2236013302153248,-0.03576924293056016,mizoram thursday—day,3.5532633761678616
-4.607152223160142,0.052749743586492315,-0.3771049081246916,-0.22063773128934133,-0.044218068427940516,2—saw,3.7308227424160547
-4.607152223160142,0.052749743586492315,-0.3771049081246916,-0.22063773128934133,-0.044218068427940516,thursday—day 2—saw,3.7308227424160547
-3.9532651685067806,-0.3320928550105129,-0.484633645499438,-0.18067367908045207,-0.016883210680284033,2—saw play,4.47637939554769
-3.8326351581153917,-0.40845121845629295,-0.5060482746314069,-0.18587171396612218,-0.03973863141389755,play for,4.615842266495491
-3.405489795011065,-0.670067171915131,-0.5667072894970778,-0.1864920358978422,-0.07908748862526131,second,5.107555838975048
-3.405489795011065,-0.670067171915131,-0.5667072894970778,-0.1864920358978422,-0.07908748862526131,for second,5.107555838975048
-3.9637708955686386,-0.33866861958259964,-0.49294199238880315,-0.20521313745401626,-0.07124702658503487,straight,4.468624754032702
-3.9637708955686386,-0.33866861958259964,-0.49294199238880315,-0.20521313745401626,-0.07124702658503487,second straight,4.468624754032702
-4.31323893344932,-0.11734072457837685,-0.42639200375109854,-0.19436695208419014,-0.012377431651634074,straight day,4.064830553712048
22.633112240688398,-14.909475853172278,0.23605316011890543,-0.07313889057909267,0.19458196445557444,rainfall,34.7334394846367
3.0719205022766296,-4.348007420240604,-0.7659573200839567,-0.06876911698323505,-0.10003186609395301,heavy rainfall,12.502537064022183
-3.516843908065961,-0.6062487518386863,-0.5546221176460349,-0.193170486098393,-0.08442778180587493,rainfall the,4.980840547169981
-3.276915501612608,-0.7433847078353741,-0.5797463122828641,-0.1785373141684905,-0.07231690644318328,days,5.253782790922326
-3.7727653239084322,-0.45342254720497355,-0.5208929023227691,-0.2001234755861222,-0.07733567033572225,the days,4.687572367430768
-4.004449030535476,-0.3141489635711663,-0.48665387613354844,-0.20627926206083325,-0.06985244218868703,leading,4.421988892734044
-4.004449030535476,-0.3141489635711663,-0.48665387613354844,-0.20627926206083325,-0.06985244218868703,days leading,4.421988892734044
-3.516843908065961,-0.6062487518386863,-0.5546221176460349,-0.193170486098393,-0.08442778180587493,leading the,4.980840547169981
-4.47993780632325,-0.025280122480168865,-0.40307474480374417,-0.2179179696003795,-0.05051434513665319,the match,3.8767249992055577
-4.516216533125103,-0.00820933252892897,-0.3996855197314334,-0.22800484644802582,-0.07127739917273657,left,3.8368137540414864
-4.57819488020327,0.034959395947858685,-0.3831678247527656,-0.2200388767859433,-0.04569974788208413,match left,3.7640336183744667
-4.647631585342001,0.0776473503054973,-0.36847400671602615,-0.2214528567877857,-0.04209657378704064,left part+s,3.68439811699135
-1.5729232770376136,-1.7157684731812375,-0.6746667836065239,-0.05068191462502414,-0.13472128235825825,part+s the,7.1947055084259866
-4.818853821666374,0.18333069819594683,-0.3298408258677875,-0.22457439312443872,-0.032426048369837215,Stadium,3.488047352175563
-4.818853821666374,0.18333069819594683,-0.3298408258677875,-0.22457439312443872,-0.032426048369837215,the stadium,3.488047352175563
-4.863956364606347,0.21147728646260955,-0.3188535203091739,-0.22483008294664153,-0.028524438733766436,ground,3.4362732166218937
-4.863956364606347,0.21147728646260955,-0.3188535203091739,-0.22483008294664153,-0.028524438733766436,stadium ground,3.4362732166218937
-4.816960545761269,0.18334213306883052,-0.32915496050534976,-0.22192293816042197,-0.026100048852120056,wate…,3.4898704923550254
-4.816960545761269,0.18334213306883052,-0.32915496050534976,-0.22192293816042197,-0.026100048852120056,ground wate…,3.4898704923550254
-4.769319694346733,0.15473555160423325,-0.33945551294962634,-0.21925488534862558,-0.024418113905908437,Syllad,3.5442416435543085
-4.769319694346733,0.15473555160423325,-0.33945551294962634,-0.21925488534862558,-0.024418113905908437,wate… syllad,3.5442416435543085
-4.681474086937291,0.1019069523478704,-0.35796427078683796,-0.21475940848994168,-0.022521501758661397,syllad the,3.6445548336209934
-4.634328669945791,0.07355035756659212,-0.36761468786180124,-0.21248751192378695,-0.021910749748209918,Rising,3.6984102615989487
-4.634328669945791,0.07355035756659212,-0.36761468786180124,-0.21248751192378695,-0.021910749748209918,the rising,3.6984102615989487
-4.5355446759587075,0.014181191595912468,-0.3871756102271643,-0.2079178398363764,-0.021188056640259995,MeghalayaOctober,3.8112783300781237
-4.5355446759587075,0.014181191595912468,-0.3871756102271643,-0.2079178398363764,-0.021188056640259995,rising meghalayaoctober,3.8112783300781237
-3.983781319465396,-0.3151304263419701,-0.4811246674338292,-0.18433139051740333,-0.022086279506455142,meghalayaoctober 2025,4.441859573624385
-3.6437776148959173,-0.5159031435294463,-0.5280012100741446,-0.1706156578372789,-0.023429745718649198,2025 persistent,4.830364269034389
-5.102889947951208,0.36265985911987286,-0.2537559136450836,-0.2206009427303503,0.005656470985977352,ThursdayDay,3.1618367193740675
-5.102889947951208,0.36265985911987286,-0.2537559136450836,-0.2206009427303503,0.005656470985977352,mizoram thursdayday,3.1618367193740675
-5.151698129052719,0.3928300954394319,-0.24033132731565227,-0.22165842700712807,0.007722267880700934,2saw,3.106035655112804
-5.151698129052719,0.3928300954394319,-0.24033132731565227,-0.22165842700712807,0.007722267880700934,thursdayday 2saw,3.106035655112804
-5.1805055598856224,0.41066488801144185,-0.2322197273885615,-0.2222333950692194,0.009017052116260305,2saw play,3.073104818077561
-5.245206910133325,0.45079617587256826,-0.2134693992955642,-0.22337832921250866,0.012149314023150504,+376,2.999155396556904
-5.245206910133325,0.45079617587256826,-0.2134693992955642,-0.22337832921250866,0.012149314023150504,second +376,2.999155396556904
-5.258709327986386,0.4591839268871556,-0.20946052222078398,-0.22358984070322446,0.012844893024726134,+376 char+s,2.983725669140647
-4.385835328677825,-0.03186589050641375,-0.23208985969705648,0.19235421891669768,-0.018511878005187166,Chance,3.970607990834512
-0.5513803723595041,-2.0439837576672164,1.1850924508194076,0.3061152333403917,-0.20371399671963597,flooding,8.398298479001355
-3.933867844368092,-0.3120686264764605,-0.21093896293748346,0.4049401526931493,-0.05860136180932503,chance flooding,4.495895277199746
-4.002953877999319,-0.25425331628582315,-0.32378182176985487,0.15175728992830156,-0.019282675594752913,Status,4.404123622111529
-4.002953877999319,-0.25425331628582315,-0.32378182176985487,0.15175728992830156,-0.019282675594752913,flooding status,4.404123622111529
-3.8217080724447134,-0.362624982378557,-0.3790801876508311,0.0985935661610244,-0.014950882309141461,Orange,4.610485021615643
-3.8217080724447134,-0.362624982378557,-0.3790801876508311,0.0985935661610244,-0.014950882309141461,status orange,4.610485021615643
-3.4740828260013545,-0.5694021201333221,-0.4470109873120561,0.06340147525577669,-0.014430665243275131,orange and,5.007629850954945
-3.12685430480375,-0.7741597972044878,-0.49815522886422486,0.04885112156806601,-0.015338045959629412,Yellow,5.404507901011752
-3.12685430480375,-0.7741597972044878,-0.49815522886422486,0.04885112156806601,-0.015338045959629412,and yellow,5.404507901011752
-1.5491794511658616,-1.6880929898081103,-0.6406630548902699,0.0383286434482106,-0.016147308349593062,yellow rain,7.206876864383805
2.4453609324152357,-3.910711473457589,-0.6851340105059271,0.1491617991363638,0.003424733552007314,warnings,11.752922031871668
2.4453609324152357,-3.910711473457589,-0.6851340105059271,0.1491617991363638,0.003424733552007314,rain warnings,11.752922031871668
0.328128960556894,-2.712429104044809,-0.6106892921506812,0.274928179265426,-0.04144107738156999,three,9.33419576929151
-3.8895720761676804,-0.33182345453779893,-0.4098499548329675,0.008841089999806068,-0.003912024158424204,warnings three,4.535649576281928
-0.6688028641648751,-2.1704652004650753,-0.6417012530683319,0.13669893028156102,-0.02258054324270181,counties,8.204495082571167
-0.6688028641648751,-2.1704652004650753,-0.6417012530683319,0.13669893028156102,-0.02258054324270181,three counties,8.204495082571167
-4.10180893295203,-0.19945088876502481,-0.253422884136764,0.26083230450316147,-0.033172715847792814,take,4.295258656404884
-4.423703121553624,-0.016580231141515966,-0.3192184490436822,-0.00726327264284457,0.007006750814700424,counties take,3.9269477263396246
-4.513050057314237,0.03634388481779105,-0.3021771879946083,-0.011027847237010571,0.009406459262834233,affect,3.8252300966692987
-4.513050057314237,0.03634388481779105,-0.3021771879946083,-0.011027847237010571,0.009406459262834233,take affect,3.8252300966692987
-4.616621403806681,0.09776004714991493,-0.2816900277359406,-0.015912870816232577,0.012441937931828712,affect from,3.707365207798226
-4.679094157555605,0.134839533873079,-0.2689393939202735,-0.019159031163665678,0.014415194918208418,from this,3.6362969546943527
-4.734177683761268,0.16755449090961316,-0.2574440273802158,-0.022224615663099544,0.01625002682089091,this evening,3.5736520446027837
-4.7969641597707655,0.2048482134503462,-0.24605063678275296,-0.029839127810601038,0.029262803458631026,evening this,3.5023554987887553
-3.413913351336138,-0.6090360710314737,-0.4727798499978825,0.02562597745404877,0.0018850338291081514,weekend,5.077821660238277
-3.413913351336138,-0.6090360710314737,-0.4727798499978825,0.02562597745404877,0.0018850338291081514,this weekend,5.077821660238277
-3.318092807625626,-0.6667023514328623,-0.4930856786367823,0.009690048674428756,0.027555064959063708,gloomy,5.187999596482565
-3.318092807625626,-0.6667023514328623,-0.4930856786367823,0.009690048674428756,0.027555064959063708,weekend gloomy,5.187999596482565
-3.0415031028337207,-0.8296323406992654,-0.5305830372643079,0.0014596438025424562,0.03832708277226854,gloomy the,5.504456882651932
-2.899070077814555,-0.91324603799471,-0.5481258560018563,-0.0020587032494107337,0.04476783324326747,the weather,5.667438524504928
-2.5239859407864014,-1.1326952364795844,-0.5896902470516021,-0.010344382884958925,0.06485260944268939,stakes,6.096721535155429
-2.5239859407864014,-1.1326952364795844,-0.5896902470516021,-0.010344382884958925,0.06485260944268939,weather stakes,6.096721535155429
-2.017883266319452,-1.4276713099430562,-0.6373149901769111,-0.021524618746405995,0.09947382846299338,owing,6.676276411423446
-2.017883266319452,-1.4276713099430562,-0.6373149901769111,-0.021524618746405995,0.09947382846299338,stakes owing,6.676276411423446
-0.5421643309124997,-2.289420729921655,-0.7393525151503393,-0.06922217460783935,0.2448208560187489,owing persistent,8.371027708411622
-0.304688045094645,-2.399819890102813,-0.7032679486423528,0.02690355343120844,-0.009534867995683996,sweeping,8.628809356517902
-0.304688045094645,-2.399819890102813,-0.7032679486423528,0.02690355343120844,-0.009534867995683996,rain sweeping,8.628809356517902
1.7013565607901882,-3.5113971131461335,-0.7018190179013825,0.10889164508237437,-0.033188157796923856,across,10.91044789879323
-1.8205409656906495,-1.538379977109789,-0.6356623248895404,0.009591575893078606,-0.013912550849144473,sweeping across,6.8992760510428255
-1.7123931388884905,-1.5628022150677796,-0.5304427913915928,0.25932336696544145,-0.0017650631492160812,across the,7.010375071210066
-2.1762789677026353,-1.3034700514902968,-0.5297159015929068,0.18775912130191696,0.026845800348582027,country,6.483167703099319
-2.1762789677026353,-1.3034700514902968,-0.5297159015929068,0.18775912130191696,0.026845800348582027,the country,6.483167703099319
-3.013283483050829,-0.8494198565960969,-0.5358312640304836,-0.0053148909654244444,-0.010400905615744999,country though,5.537390509943783
-1.6356080446627983,-1.645555853206396,-0.6502463299985061,0.004493931893258033,-0.007453398184850996,showers,7.1109316771607505
-3.2336533981932396,-0.7208355402721316,-0.5110713244019021,-0.008230705037436122,-0.008747299450943047,though showers,5.285733923277737
-3.1513777984304197,-0.7696393009427926,-0.5224450572287712,-0.011261910647992174,-0.009002665019263584,heaviest,5.379961259817045
-3.1513777984304197,-0.7696393009427926,-0.5224450572287712,-0.011261910647992174,-0.009002665019263584,showers heaviest,5.379961259817045
-2.305838899259239,-1.249812498694125,-0.5788465045650042,0.05385321060916397,-0.018424889267926514,heaviest three,6.341668497829044
-1.4868139480031903,-1.7320104645805992,-0.66051725439309,0.0015628219052819803,-0.012528465537168743,subject,7.281264380507044
-1.4868139480031903,-1.7320104645805992,-0.66051725439309,0.0015628219052819803,-0.012528465537168743,counties subject,7.281264380507044
2.2768902460433953,-3.831665847783062,-0.7117491896860454,0.0884170926924549,0.007445209831636601,subject rain,11.566698191574067
-1.8465893435212477,-1.526892304720823,-0.640765042254068,-0.0061635492785609355,-0.01247852955611238,warnings issued,6.870872901153637
-2.5972324032092073,-1.0944213735473651,-0.5840676255161423,-0.01663679944997759,-0.010970771334741503,Met,6.013782696689619
-2.5972324032092073,-1.0944213735473651,-0.5840676255161423,-0.01663679944997759,-0.010970771334741503,issued met,6.013782696689619
-4.362550671479726,-0.06452817211330864,-0.37016646755599397,-0.09087534950240654,0.014189934417738914,Éireann,4.000423823815891
-4.362550671479726,-0.06452817211330864,-0.37016646755599397,-0.09087534950240654,0.014189934417738914,met éireann,4.000423823815891
-4.383134361301791,-0.05558759692181425,-0.3752751082069627,-0.11112151135567856,0.01652054960956248,Éirean…,3.9781205687700854
-4.383134361301791,-0.05558759692181425,-0.3752751082069627,-0.11112151135567856,0.01652054960956248,met éirean…,3.9781205687700854
-4.5674616901749046,0.05531110602829048,-0.33796707962277567,-0.11403990748558733,0.021074244328483593,+2311,3.7675648624386247
-4.5674616901749046,0.05531110602829048,-0.33796707962277567,-0.11403990748558733,0.021074244328483593,éirean… +2311,3.7675648624386247
-4.660719254143795,0.11159446534351436,-0.31774119219396463,-0.11537527741138744,0.023622986051346828,+2311 char+s,3.6610735263971033
-6.075952539712523,0.9701263845714259,0.10907515869864476,-0.22193717585131206,0.05010096812309306,'It,2.0543313834155397
-6.075952539712523,0.9701263845714259,0.10907515869864476,-0.22193717585131206,0.05010096812309306,really,2.0543313834155397
-6.075952539712523,0.9701263845714259,0.10907515869864476,-0.22193717585131206,0.05010096812309306,'it really,2.0543313834155397
-6.075952539712523,0.9701263845714259,0.10907515869864476,-0.22193717585131206,0.05010096812309306,extraordinary,2.0543313834155397
-6.075952539712523,0.9701263845714259,0.10907515869864476,-0.22193717585131206,0.05010096812309306,really extraordinary,2.0543313834155397
-6.075952539712523,0.9701263845714259,0.10907515869864476,-0.22193717585131206,0.05010096812309306,extraordinary story,2.0543313834155397
-6.075952539712523,0.9701263845714259,0.10907515869864476,-0.22193717585131206,0.05010096812309306,historian,2.0543313834155397
-6.075952539712523,0.9701263845714259,0.10907515869864476,-0.22193717585131206,0.05010096812309306,story historian,2.0543313834155397
-6.075952539712523,0.9701263845714259,0.10907515869864476,-0.22193717585131206,0.05010096812309306,Steven,2.0543313834155397
-6.075952539712523,0.9701263845714259,0.10907515869864476,-0.22193717585131206,0.05010096812309306,historian steven,2.0543313834155397
-6.075952539712523,0.9701263845714259,0.10907515869864476,-0.22193717585131206,0.05010096812309306,Tuck,2.0543313834155397
-6.075952539712523,0.9701263845714259,0.10907515869864476,-0.22193717585131206,0.05010096812309306,steven tuck,2.0543313834155397
-6.075952539712523,0.9701263845714259,0.10907515869864476,-0.22193717585131206,0.05010096812309306,tuck says,2.0543313834155397
-6.075952539712523,0.9701263845714259,0.10907515869864476,-0.22193717585131206,0.05010096812309306,says the,2.0543313834155397
-6.075952539712523,0.9701263845714259,0.10907515869864476,-0.22193717585131206,0.05010096812309306,Romans,2.0543313834155397
-6.075952539712523,0.9701263845714259,0.10907515869864476,-0.22193717585131206,0.05010096812309306,the roman+s,2.0543313834155397
-6.075952539712523,0.9701263845714259,0.10907515869864476,-0.22193717585131206,0.05010096812309306,tracked,2.0543313834155397
-6.075952539712523,0.9701263845714259,0.10907515869864476,-0.22193717585131206,0.05010096812309306,roman+s tracked,2.0543313834155397
-6.002412416665202,0.9213144087735333,0.06423784355117779,-0.24178779139097373,-0.00887027846791208,who,2.136945347869699
-6.075952539712523,0.9701263845714259,0.10907515869864476,-0.22193717585131206,0.05010096812309306,tracked who,2.0543313834155397
-6.075952539712523,0.9701263845714259,0.10907515869864476,-0.22193717585131206,0.05010096812309306,survived,2.0543313834155397
-6.075952539712523,0.9701263845714259,0.10907515869864476,-0.22193717585131206,0.05010096812309306,who survived,2.0543313834155397
-6.075952539712523,0.9701263845714259,0.10907515869864476,-0.22193717585131206,0.05010096812309306,survived the,2.0543313834155397
-6.002412416665202,0.9213144087735333,0.06423784355117779,-0.24178779139097373,-0.00887027846791208,eruption,2.136945347869699
-6.075952539712523,0.9701263845714259,0.10907515869864476,-0.22193717585131206,0.05010096812309306,the eruption,2.0543313834155397
-6.002412416665202,0.9213144087735333,0.06423784355117779,-0.24178779139097373,-0.00887027846791208,Mount,2.136945347869699
-6.002412416665202,0.9213144087735333,0.06423784355117779,-0.24178779139097373,-0.00887027846791208,eruption mount,2.136945347869699
-6.002412416665202,0.9213144087735333,0.06423784355117779,-0.24178779139097373,-0.00887027846791208,Vesuvius,2.136945347869699
-6.002412416665202,0.9213144087735333,0.06423784355117779,-0.24178779139097373,-0.00887027846791208,mount vesuviu+s,2.136945347869699
-6.075952539712523,0.9701263845714259,0.10907515869864476,-0.22193717585131206,0.05010096812309306,vesuviu+s have,2.0543313834155397
-5.695001844123087,0.7232825868167936,0.14980489652798068,0.213012397919369,-0.0848959560919087,found,2.4969632732510423
-6.075952539712523,0.9701263845714259,0.10907515869864476,-0.22193717585131206,0.05010096812309306,have found,2.0543313834155397
-6.075952539712523,0.9701263845714259,0.10907515869864476,-0.22193717585131206,0.05010096812309306,two,2.0543313834155397
-6.075952539712523,0.9701263845714259,0.10907515869864476,-0.22193717585131206,0.05010096812309306,found two,2.0543313834155397
-6.075952539712523,0.9701263845714259,0.10907515869864476,-0.22193717585131206,0.05010096812309306,two three,2.0543313834155397
-6.075952539712523,0.9701263845714259,0.10907515869864476,-0.22193717585131206,0.05010096812309306,rich,2.0543313834155397
-6.075952539712523,0.9701263845714259,0.10907515869864476,-0.22193717585131206,0.05010096812309306,three rich,2.0543313834155397
-6.075952539712523,0.9701263845714259,0.10907515869864476,-0.22193717585131206,0.05010096812309306,guys,2.0543313834155397
-6.075952539712523,0.9701263845714259,0.10907515869864476,-0.22193717585131206,0.05010096812309306,rich guys,2.0543313834155397
-6.075952539712523,0.9701263845714259,0.10907515869864476,-0.22193717585131206,0.05010096812309306,guys but,2.0543313834155397
-6.075952539712523,0.9701263845714259,0.10907515869864476,-0.22193717585131206,0.05010096812309306,but found,2.0543313834155397
-6.075952539712523,0.9701263845714259,0.10907515869864476,-0.22193717585131206,0.05010096812309306,couple,2.0543313834155397
-6.075952539712523,0.9701263845714259,0.10907515869864476,-0.22193717585131206,0.05010096812309306,found couple,2.0543313834155397
-6.075952539712523,0.9701263845714259,0.10907515869864476,-0.22193717585131206,0.05010096812309306,hundred,2.0543313834155397
-6.075952539712523,0.9701263845714259,0.10907515869864476,-0.22193717585131206,0.05010096812309306,couple hundred,2.0543313834155397
-6.075952539712523,0.9701263845714259,0.10907515869864476,-0.22193717585131206,0.05010096812309306,middle,2.0543313834155397
-6.075952539712523,0.9701263845714259,0.10907515869864476,-0.22193717585131206,0.05010096812309306,hundred middle,2.0543313834155397
-6.075952539712523,0.9701263845714259,0.10907515869864476,-0.22193717585131206,0.05010096812309306,class,2.0543313834155397
-6.075952539712523,0.9701263845714259,0.10907515869864476,-0.22193717585131206,0.05010096812309306,middle class,2.0543313834155397
-6.075952539712523,0.9701263845714259,0.10907515869864476,-0.22193717585131206,0.05010096812309306,class and,2.0543313834155397
-6.075952539712523,0.9701263845714259,0.10907515869864476,-0.22193717585131206,0.05010096812309306,and even,2.0543313834155397
-6.075952539712523,0.9701263845714259,0.10907515869864476,-0.22193717585131206,0.05010096812309306,even some,2.0543313834155397
-6.075952539712523,0.9701263845714259,0.10907515869864476,-0.22193717585131206,0.05010096812309306,desperately,2.0543313834155397
-6.075952539712523,0.9701263845714259,0.10907515869864476,-0.22193717585131206,0.05010096812309306,some desperately,2.0543313834155397
-6.075952539712523,0.9701263845714259,0.10907515869864476,-0.22193717585131206,0.05010096812309306,poor,2.0543313834155397
-6.075952539712523,0.9701263845714259,0.10907515869864476,-0.22193717585131206,0.05010096812309306,desperately poor,2.0543313834155397
-5.3917307281152524,0.5422207177352076,-0.1677479435607966,-0.22438509454291478,0.022422930023504734,people,2.8317586492408413
-6.075952539712523,0.9701263845714259,0.10907515869864476,-0.22193717585131206,0.05010096812309306,poor people,2.0543313834155397
-6.075952539712523,0.9701263845714259,0.10907515869864476,-0.22193717585131206,0.05010096812309306,people who,2.0543313834155397
-3.323102066466533,-0.6814746064649793,-0.5009556044104119,-0.014082448708727706,-0.11786695917746395,made,5.187048591491197
-6.075952539712523,0.9701263845714259,0.10907515869864476,-0.22193717585131206,0.05010096812309306,who made,2.0543313834155397
-6.075952539712523,0.9701263845714259,0.10907515869864476,-0.22193717585131206,0.05010096812309306,out,2.0543313834155397
-6.075952539712523,0.9701263845714259,0.10907515869864476,-0.22193717585131206,0.05010096812309306,made out,2.0543313834155397
-6.075952539712523,0.9701263845714259,0.10907515869864476,-0.22193717585131206,0.05010096812309306,out and,2.0543313834155397
-6.075952539712523,0.9701263845714259,0.10907515869864476,-0.22193717585131206,0.05010096812309306,and left,2.0543313834155397
-6.075952539712523,0.9701263845714259,0.10907515869864476,-0.22193717585131206,0.05010096812309306,records,2.0543313834155397
-6.075952539712523,0.9701263845714259,0.10907515869864476,-0.22193717585131206,0.05010096812309306,left record+s,2.0543313834155397
-6.075952539712523,0.9701263845714259,0.10907515869864476,-0.22193717585131206,0.05010096812309306,And,2.0543313834155397
-6.075952539712523,0.9701263845714259,0.10907515869864476,-0.22193717585131206,0.05010096812309306,and that,2.0543313834155397
-6.075952539712523,0.9701263845714259,0.10907515869864476,-0.22193717585131206,0.05010096812309306,shocked,2.0543313834155397
-6.075952539712523,0.9701263845714259,0.10907515869864476,-0.22193717585131206,0.05010096812309306,that shocked,2.0543313834155397
-6.075952539712523,0.9701263845714259,0.10907515869864476,-0.22193717585131206,0.05010096812309306,eerie,2.0543313834155397
-6.075952539712523,0.9701263845714259,0.10907515869864476,-0.22193717585131206,0.05010096812309306,the eerie,2.0543313834155397
-6.075952539712523,0.9701263845714259,0.10907515869864476,-0.22193717585131206,0.05010096812309306,casts,2.0543313834155397
-6.075952539712523,0.9701263845714259,0.10907515869864476,-0.22193717585131206,0.05010096812309306,eerie casts,2.0543313834155397
-6.075952539712523,0.9701263845714259,0.10907515869864476,-0.22193717585131206,0.05010096812309306,casts the,2.0543313834155397
-3.9598842412429667,-0.35428294134159444,-0.4595683613792103,-0.13721156622756336,-0.23509573454650368,victims,4.477044924662637
-6.075952539712523,0.9701263845714259,0.10907515869864476,-0.22193717585131206,0.05010096812309306,the victims,2.0543313834155397
-6.075952539712523,0.9701263845714259,0.10907515869864476,-0.22193717585131206,0.05010096812309306,victims the,2.0543313834155397
-6.075952539712523,0.9701263845714259,0.10907515869864476,-0.22193717585131206,0.05010096812309306,A.D.,2.0543313834155397
-6.075952539712523,0.9701263845714259,0.10907515869864476,-0.22193717585131206,0.05010096812309306,the a.d.,2.0543313834155397
-6.075952539712523,0.9701263845714259,0.10907515869864476,-0.22193717585131206,0.05010096812309306,a.d. eruption,2.0543313834155397
-6.075952539712523,0.9701263845714259,0.10907515869864476,-0.22193717585131206,0.05010096812309306,paint,2.0543313834155397
-6.075952539712523,0.9701263845714259,0.10907515869864476,-0.22193717585131206,0.05010096812309306,vesuviu+s paint,2.0543313834155397
-6.075952539712523,0.9701263845714259,0.10907515869864476,-0.22193717585131206,0.05010096812309306,desolate,2.0543313834155397
-6.075952539712523,0.9701263845714259,0.10907515869864476,-0.22193717585131206,0.05010096812309306,paint desolat+e,2.0543313834155397
-6.075952539712523,0.9701263845714259,0.10907515869864476,-0.22193717585131206,0.05010096812309306,picture,2.0543313834155397
-6.075952539712523,0.9701263845714259,0.10907515869864476,-0.22193717585131206,0.05010096812309306,desolat+e picture,2.0543313834155397
-6.075952539712523,0.9701263845714259,0.10907515869864476,-0.22193717585131206,0.05010096812309306,picture the,2.0543313834155397
-6.075952539712523,0.9701263845714259,0.10907515869864476,-0.22193717585131206,0.05010096812309306,destruction,2.0543313834155397
-6.075952539712523,0.9701263845714259,0.10907515869864476,-0.22193717585131206,0.05010096812309306,the destruction,2.0543313834155397
-6.075952539712523,0.9701263845714259,0.10907515869864476,-0.22193717585131206,0.05010096812309306,destruction the,2.0543313834155397
-6.075952539712523,0.9701263845714259,0.10907515869864476,-0.22193717585131206,0.05010096812309306,volcano,2.0543313834155397
-6.075952539712523,0.9701263845714259,0.10907515869864476,-0.22193717585131206,0.05010096812309306,the volcano,2.0543313834155397
-6.075952539712523,0.9701263845714259,0.10907515869864476,-0.22193717585131206,0.05010096812309306,wrought,2.0543313834155397
-6.075952539712523,0.9701263845714259,0.10907515869864476,-0.22193717585131206,0.05010096812309306,volcano wrought,2.0543313834155397
-6.075952539712523,0.9701263845714259,0.10907515869864476,-0.22193717585131206,0.05010096812309306,ancient,2.0543313834155397
-6.075952539712523,0.9701263845714259,0.10907515869864476,-0.22193717585131206,0.05010096812309306,wrought ancient,2.0543313834155397
-4.096266957384069,-0.22215946814613607,-0.1812021754714009,0.4078704136173725,-0.15351786498892772,cities,4.3113077216896745
-6.075952539712523,0.9701263845714259,0.10907515869864476,-0.22193717585131206,0.05010096812309306,ancient city+es,2.0543313834155397
-6.075952539712523,0.9701263845714259,0.10907515869864476,-0.22193717585131206,0.05010096812309306,near,2.0543313834155397
-6.075952539712523,0.9701263845714259,0.10907515869864476,-0.22193717585131206,0.05010096812309306,city+es near,2.0543313834155397
-6.075952539712523,0.9701263845714259,0.10907515869864476,-0.22193717585131206,0.05010096812309306,modern,2.0543313834155397
-6.075952539712523,0.9701263845714259,0.10907515869864476,-0.22193717585131206,0.05010096812309306,near modern,2.0543313834155397
-6.075952539712523,0.9701263845714259,0.10907515869864476,-0.22193717585131206,0.05010096812309306,Naples,2.0543313834155397
-6.075952539712523,0.9701263845714259,0.10907515869864476,-0.22193717585131206,0.05010096812309306,modern naple+s,2.0543313834155397
-6.075952539712523,0.9701263845714259,0.10907515869864476,-0.22193717585131206,0.05010096812309306,Pompeii,2.0543313834155397
-6.075952539712523,0.9701263845714259,0.10907515869864476,-0.22193717585131206,0.05010096812309306,became,2.0543313834155397
-6.075952539712523,0.9701263845714259,0.10907515869864476,-0.22193717585131206,0.05010096812309306,pompeii became,2.0543313834155397
-6.075952539712523,0.9701263845714259,0.10907515869864476,-0.22193717585131206,0.05010096812309306,"2,000-y…",2.0543313834155397
-6.075952539712523,0.9701263845714259,0.10907515869864476,-0.22193717585131206,0.05010096812309306,"became 2,000-y…",2.0543313834155397
-6.075952539712523,0.9701263845714259,0.10907515869864476,-0.22193717585131206,0.05010096812309306,+15392,2.0543313834155397
-6.075952539712523,0.9701263845714259,0.10907515869864476,-0.22193717585131206,0.05010096812309306,"2,000-y… +15392",2.0543313834155397
-6.075952539712523,0.9701263845714259,0.10907515869864476,-0.22193717585131206,0.05010096812309306,+15392 char+s,2.0543313834155397
-4.647631585342001,0.0776473503054973,-0.36847400671602615,-0.2214528567877857,-0.04209657378704064,Long-term,3.68439811699135
-4.497652100162695,-0.014434146001150339,-0.399559905078959,-0.21830985032225203,-0.04966990629039497,data-driven,3.8564083883292577
-4.497652100162695,-0.014434146001150339,-0.399559905078959,-0.21830985032225203,-0.04966990629039497,long-term data-driven,3.8564083883292577
-4.235236829298698,-0.17447346007958053,-0.44853677993740154,-0.21215482899290516,-0.06121356173184684,evidence,4.157360022729934
-4.235236829298698,-0.17447346007958053,-0.44853677993740154,-0.21215482899290516,-0.06121356173184684,data-driven evidence,4.157360022729934
-3.920564355222409,-0.36468079796659136,-0.4994883003530419,-0.20407299153725894,-0.07268935274428523,reveals,4.518156749766229
-3.920564355222409,-0.36468079796659136,-0.4994883003530419,-0.20407299153725894,-0.07268935274428523,evidence reveals,4.518156749766229
-3.4379578294615474,-0.6531544889365923,-0.5642374091106485,-0.19101347037266575,-0.0863943734264763,escalating,5.071216202846415
-3.4379578294615474,-0.6531544889365923,-0.5642374091106485,-0.19101347037266575,-0.0863943734264763,reveals escalating,5.071216202846415
-1.2077666927304245,-1.9494041333192906,-0.7308017435072698,-0.13478989327856378,-0.11426237246971252,escalating rainfall,7.622092072923998
-3.2547486614051193,-0.761745116078274,-0.5852688493080551,-0.18600284182597787,-0.09060310845143736,extremes,5.281067932247331
-3.2547486614051193,-0.761745116078274,-0.5852688493080551,-0.18600284182597787,-0.09060310845143736,rainfall extrem+es,5.281067932247331
-3.874551954051242,-0.39234700215109886,-0.5063131853097794,-0.20285095167474065,-0.07418255720616358,extrem+es across,4.570902361361726
-4.1462477997293625,-0.22844613586545393,-0.46374419843545256,-0.20992907037557468,-0.06469760670383214,urbanizing,4.259405147950494
-4.1462477997293625,-0.22844613586545393,-0.46374419843545256,-0.20992907037557468,-0.06469760670383214,across urbanizing,4.259405147950494
-4.423004647664349,-0.06009646723090656,-0.41415826224905006,-0.2166326458421891,-0.05316115375857974,Himalayan,3.942021501433658
-4.423004647664349,-0.06009646723090656,-0.41415826224905006,-0.2166326458421891,-0.05316115375857974,urbanizing himalayan,3.942021501433658
-4.592883474821182,0.04398141442068293,-0.3801038664869252,-0.2203442353786067,-0.04495185499577101,foothills,3.7471873780468066
-4.592883474821182,0.04398141442068293,-0.3801038664869252,-0.2203442353786067,-0.04495185499577101,himalayan foothills,3.7471873780468066
-4.124091768992258,-0.241861180334082,-0.4674285401066228,-0.20936648188244167,-0.06553430415771817,For,4.284810469039408
-4.719571228890417,0.12197764705590264,-0.3526723634417423,-0.22283280275699108,-0.03817547128405467,foothills for,3.6018958984212133
-3.4864154851441818,-0.5601727811487858,-0.3164305402388272,0.33270201029765467,-0.13382434610546065,years,4.995910538845241
-4.168901031146632,-0.2147207088057388,-0.4599357349131467,-0.2105009695496729,-0.06382967204475198,for year+s,4.2334291300487426
-4.2660826068245825,-0.1557305397156239,-0.44310796978329536,-0.21291237937675117,-0.0599580706454084,believed,4.121986848766909
-4.2660826068245825,-0.1557305397156239,-0.44310796978329536,-0.21291237937675117,-0.0599580706454084,year+s believed,4.121986848766909
-4.339589294281657,-0.1109922532310561,-0.4298304514075814,-0.21468474489739675,-0.05686185324541214,believed the,4.037688011536335
-4.3689364801759165,-0.09310159385108419,-0.424391622115703,-0.21537824091857516,-0.05558318078644073,Himalayas,4.004031050137944
-4.3689364801759165,-0.09310159385108419,-0.424391622115703,-0.21537824091857516,-0.05558318078644073,the himalayas,4.004031050137944
-3.8220868625507416,-0.3659063619255818,-0.39319650468401696,0.07358808141228687,0.09924603677458188,were,4.612332554666934
-4.4350968766913645,-0.05270707576611966,-0.4118310017060727,-0.21690881376618587,-0.05260741395766591,himalayas were,3.9281530298159817
-4.476289984770101,-0.027512806077133023,-0.40379458592678025,-0.21783678261028816,-0.05068698621812044,climatic,3.8809086989798507
-4.476289984770101,-0.027512806077133023,-0.40379458592678025,-0.21783678261028816,-0.05068698621812044,were climatic,3.8809086989798507
-5.086613865015832,0.3497830564383466,-0.2616483021120284,-0.22806276935265585,-0.014670302238532718,sanctuary—untouched,3.1811377552227893
-5.086613865015832,0.3497830564383466,-0.2616483021120284,-0.22806276935265585,-0.014670302238532718,climatic sanctuary—untouched,3.1811377552227893
-4.618245795666974,0.05956974262632375,-0.37475777918289477,-0.22086373226536682,-0.04364255978930105,pristine,3.7180997426179667
-5.168713654537343,0.40109343865058733,-0.2385646769122689,-0.22868112058613477,-0.008462746548070083,sanctuary—untouched pristine,3.087101183836237
-4.656901103497662,0.08335343955468177,-0.3664715848483774,-0.22163573805182768,-0.04160232651588239,pristine and,3.673767328125314
-4.671409695098028,0.09228809222778356,-0.3633176584052697,-0.22191905183003463,-0.04082230002107011,resilient,3.6571282251021717
-4.671409695098028,0.09228809222778356,-0.3633176584052697,-0.22191905183003463,-0.04082230002107011,and resilient,3.6571282251021717
-4.339589294281657,-0.1109922532310561,-0.4298304514075814,-0.21468474489739675,-0.05686185324541214,resilient the,4.037688011536335
-4.727901030880718,0.12711742623269706,-0.3508033252123392,-0.2229865060828961,-0.037708526914030066,turbulence,3.5923434339924016
-4.727901030880718,0.12711742623269706,-0.3508033252123392,-0.2229865060828961,-0.037708526914030066,the turbulence,3.5923434339924016
-4.768568066804823,0.1521897252421065,-0.341594898811425,-0.2238044268714945,-0.03560216070156741,modernization,3.5457210088362308
-4.768568066804823,0.1521897252421065,-0.341594898811425,-0.2238044268714945,-0.03560216070156741,turbulence modernization,3.5457210088362308
-4.807273902317053,0.1760394886782961,-0.33268323384254517,-0.22465087231067477,-0.03378050737036978,But,3.5013625704591353
-4.816947542833047,0.18200446210449384,-0.3304273169096503,-0.2248594932638111,-0.03332104457940063,what,3.490276682633287
-4.816947542833047,0.18200446210449384,-0.3304273169096503,-0.2248594932638111,-0.03332104457940063,but what,3.490276682633287
-4.828691306397406,0.18924821469296393,-0.3276730201908985,-0.22511112109992404,-0.032761002525398666,happens,3.476818737146821
-4.828691306397406,0.18924821469296393,-0.3276730201908985,-0.22511112109992404,-0.032761002525398666,what happen+s,3.476818737146821
-4.214008647100393,-0.18106186210382091,-0.4473575123804632,-0.19981203019353005,-0.034675797677293896,when,4.179628317896835
-4.846726812891015,0.200377729575002,-0.32340942357927693,-0.2254939702333762,-0.03189608532630778,happen+s when,3.4561512969048476
-4.857557921248809,0.2070643481674781,-0.3208291453937136,-0.22572174142250723,-0.031373842430022225,mountain,3.4437399756975022
-4.857557921248809,0.2070643481674781,-0.3208291453937136,-0.22572174142250723,-0.031373842430022225,when mountain,3.4437399756975022
-4.8762637929365455,0.21861753345122747,-0.3163374681088471,-0.22611119797886542,-0.030466891871493956,mountain city+es,3.422305696054942
-4.890159721791223,0.22720413425744845,-0.3129714146730687,-0.22639720541202413,-0.029789022318928132,begin,3.4063835271881002
-4.890159721791223,0.22720413425744845,-0.3129714146730687,-0.22639720541202413,-0.029789022318928132,city+es begin,3.4063835271881002
-4.907253696850749,0.23777173315904676,-0.30879594615527284,-0.22674503740804391,-0.02895028929423847,mimic,3.3867977193463012
-4.907253696850749,0.23777173315904676,-0.30879594615527284,-0.22674503740804391,-0.02895028929423847,begin mimic,3.3867977193463012
-4.918200222557122,0.24454175606088935,-0.3061017436303128,-0.22696539626376,-0.028410356684944557,mimic the,3.374255930700636
-4.925309775424237,0.2489399300829902,-0.3043433281782309,-0.2271074940293225,-0.028058491189676682,dynamics,3.3661104760028318
-4.925309775424237,0.2489399300829902,-0.3043433281782309,-0.2271074940293225,-0.028058491189676682,the dynamics,3.3661104760028318
-5.437476758633779,0.5697933759966682,-0.15451810355021023,-0.22862956440829452,0.01498626874425879,megacities,2.7796764071708067
-5.437476758633779,0.5697933759966682,-0.15451810355021023,-0.22862956440829452,0.01498626874425879,dynamics megacities,2.7796764071708067
-5.41582150347923,0.5561679954783028,-0.16181942241655123,-0.2287743577635682,0.012895989853013684,megacities the,2.804414974158949
-5.4596484139355,0.5837476389511791,-0.1469378909712469,-0.22845149218624483,0.017167218095364867,plains,2.7543553461209096
-5.4596484139355,0.5837476389511791,-0.1469378909712469,-0.22845149218624483,0.017167218095364867,the plains,2.7543553461209096
-5.521592398762447,0.6227497493037266,-0.12517934629446165,-0.22778434317954627,0.023489087263891206,sanctuaryuntouched,2.683656277921261
-5.521592398762447,0.6227497493037266,-0.12517934629446165,-0.22778434317954627,0.023489087263891206,climatic sanctuaryuntouched,2.683656277921261
-5.53848745855523,0.6333902315145723,-0.11909154584685738,-0.22755650855753323,0.025274317166777582,sanctuaryuntouched pristine,2.664385552256867
-5.615084745901861,0.6813826244017362,-0.09124636938785477,-0.2275817843348964,0.03010902718910613,+8362,2.5770952255924455
-5.615084745901861,0.6813826244017362,-0.09124636938785477,-0.2275817843348964,0.03010902718910613,dynamics +8362,2.5770952255924455
-5.617784928840063,0.6830702222944831,-0.09025184202835135,-0.22760334170011148,0.03020909382260653,+8362 char+s,2.574019840069519
-4.357323974810661,-0.04760701454863292,-0.2615640713869207,0.14333968737876399,-0.012389594969069537,Fertiliser,4.001564290247887
0.20496615203768798,-2.6978914572838035,-0.3305614953349541,0.8229362928655576,-0.13057153935074112,imports,9.230687893686374
-2.7519697375801275,-1.0186929254206496,-0.2579063194688138,0.622505713526444,-0.10542207939395301,fertiliser import+s,5.856226189058857
-3.932061169539907,-0.29620039193158254,-0.34501874551819595,0.13250896885930935,-0.017758822776441197,spurt,4.484637195267807
-3.932061169539907,-0.29620039193158254,-0.34501874551819595,0.13250896885930935,-0.017758822776441197,import+s spurt,4.484637195267807
-3.527834343821797,-0.5323045832485072,-0.4114865416225493,0.12362697398541674,-0.0210173374486622,Sept,4.9448319627706905
-3.527834343821797,-0.5323045832485072,-0.4114865416225493,0.12362697398541674,-0.0210173374486622,spurt sept,4.9448319627706905
-2.7657916615120417,-0.9754372315726152,-0.5091953508786962,0.1121997985703913,-0.023963451047999754,good,5.813791874254316
-2.7657916615120417,-0.9754372315726152,-0.5091953508786962,0.1121997985703913,-0.023963451047999754,sept good,5.813791874254316
-1.4295329728677562,-1.743919900203541,-0.6186560925613436,0.10406866245392202,-0.02249670341615527,rains,7.338760526304409
-1.4295329728677562,-1.743919900203541,-0.6186560925613436,0.10406866245392202,-0.02249670341615527,good rains,7.338760526304409
-2.9002424765326413,-0.8969956616649153,-0.49213205433512697,0.11824919331536188,-0.02421257827113424,raise,5.6602523750927345
-2.9002424765326413,-0.8969956616649153,-0.49213205433512697,0.11824919331536188,-0.02421257827113424,rains raise,5.6602523750927345
-3.450197154133134,-0.5768440877159291,-0.4183096334056835,0.13210512387584467,-0.02270480277838967,hopes,5.0331403879847
-3.450197154133134,-0.5768440877159291,-0.4183096334056835,0.13210512387584467,-0.02270480277838967,raise hopes,5.0331403879847
-3.8734305682844257,-0.32972149088336566,-0.346326579026003,0.15019166195827857,-0.020761240624600247,strong,4.551355993264561
-3.8734305682844257,-0.32972149088336566,-0.346326579026003,0.15019166195827857,-0.020761240624600247,hopes strong,4.551355993264561
-0.9891395319289558,-1.994753522598819,-0.38460056957152694,0.6366997124179502,-0.10083221285419877,rabi,7.8516624956993315
-4.070670095878122,-0.21464142179343693,-0.3062151871356022,0.16361651932725346,-0.01988354250693343,strong rabi,4.327335512906592
-1.3712218895207045,-1.7743148051977196,-0.3889837799303822,0.5876667998523344,-0.093711405296693,sowing,7.413366486084206
-2.4326277002774868,-1.1550010092050362,-0.4406061260120953,0.3260056986104708,-0.05261812869075973,rabi sowing,6.192000866357007
-4.0042744232359455,-0.27679500803335566,-0.18661840806138102,0.4287912227566305,-0.06200653878573052,sowing the,4.419033494079179
-2.916049367448359,-0.9123680089101995,-0.2723986696500471,0.5610263059498196,-0.09300340198516963,the rabi,5.6624860504328485
-3.6616096521834454,-0.4726563350537707,-0.23333666280708093,0.4469150980562464,-0.06855094598671865,season,4.807427819443603
-3.6616096521834454,-0.4726563350537707,-0.23333666280708093,0.4469150980562464,-0.06855094598671865,sowing season,4.807427819443603
-4.546409034599812,0.058977843636741856,-0.18046311265044027,0.22817268514999905,-0.020370991430915017,approaches,3.790645990822977
-4.546409034599812,0.058977843636741856,-0.18046311265044027,0.22817268514999905,-0.020370991430915017,season approaches,3.790645990822977
-4.614961280699442,0.09662872569792658,-0.15510799199198144,0.2484811311382515,-0.021864302124364215,approaches india,3.7145143790323116
-4.654198970522614,0.11741716504834598,-0.13825959145484049,0.26432266730562237,-0.023366163344083077,taking,3.6713978706770565
-4.654198970522614,0.11741716504834598,-0.13825959145484049,0.26432266730562237,-0.023366163344083077,india taking,3.6713978706770565
-4.678893517359722,0.12996027467827642,-0.12612394095696855,0.2771718758933139,-0.024771955025918196,decisive,3.644579350433332
-4.678893517359722,0.12996027467827642,-0.12612394095696855,0.2771718758933139,-0.024771955025918196,taking decisive,3.644579350433332
-4.704163844215843,0.14197092188661853,-0.11148845573802829,0.29458445072961953,-0.02691133723044309,steps,3.6176119503263453
-4.704163844215843,0.14197092188661853,-0.11148845573802829,0.29458445072961953,-0.02691133723044309,decisive step+s,3.6176119503263453
-4.722845750470688,0.1496911446806597,-0.09768174432536658,0.31328413993181037,-0.029470161089681812,expanding,3.5983371348601607
-4.722845750470688,0.1496911446806597,-0.09768174432536658,0.31328413993181037,-0.029470161089681812,step+s expanding,3.5983371348601607
-4.736316872062185,0.15336431314951815,-0.08301171150721082,0.33603925979732646,-0.032895000968944585,expanding its,3.5855104740650092
-4.739562651219348,0.1533470160490833,-0.07727184593513609,0.3458693944823681,-0.03446700352043419,fertilizer,3.5829286885254397
-4.739562651219348,0.1533470160490833,-0.07727184593513609,0.3458693944823681,-0.03446700352043419,its fertilizer,3.5829286885254397
-4.152184140280561,-0.16750994344045989,-0.3036759173445835,0.13804653308454828,-0.015285630058455998,fertilizer import+s,4.234421205093102
-4.735372004924237,0.13838928024620145,-0.048707181589465354,0.4040908068041224,-0.04470787741951583,Buoyed,3.594679593583243
-4.711540277642284,0.11310449868778405,-0.030556817149603288,0.45053644991269254,-0.05378886329106933,promising,3.627887949257415
-4.711540277642284,0.11310449868778405,-0.030556817149603288,0.45053644991269254,-0.05378886329106933,buoyed promising,3.627887949257415
-4.6712018177090275,0.07565344533212848,-0.013523480303858693,0.5016804176501518,-0.06451176365651431,promising monsoon,3.6810666037409545
-4.61445228344561,0.02564036723802987,0.0028568555726557476,0.5577781269411421,-0.0769924558393694,monsoon that,3.7543464788186127
-4.557857369255526,-0.023159664417473413,0.01560915242788502,0.6056889148687079,-0.08816440459534239,that has,3.826799351346932
-4.489997980978725,-0.08109955144034542,0.02850846138273061,0.657228808536983,-0.10065276897058728,enhanced,3.9133328995651673
-4.489997980978725,-0.08109955144034542,0.02850846138273061,0.657228808536983,-0.10065276897058728,has enhanced,3.9133328995651673
-3.160244282848198,-1.1880371055844101,0.1808678101201086,1.286791845690517,-0.2834352904249172,soil,5.595668170862998
-4.064701945726274,-0.44090366120421454,0.08811299518121302,0.913025175935161,-0.16876696915602196,enhanced soil,4.453778947663839
-3.5159843360879552,-0.9015401128801068,0.1496844262519979,1.1623816513889447,-0.24347708761137976,moisture,5.149871408974597
-4.25200956589563,-0.28821411026732546,0.07001629437839402,0.8202886061021555,-0.14274832697611267,soil moisture,4.218668633033436
4.504324748705374,-5.031947459453667,-0.37731804865119767,0.7380661172458987,-0.1907684519286511,levels,14.098618961939547
-4.530895997805656,-0.06227397534587542,0.04122927475314492,0.6642773477882651,-0.1014482891585923,moisture level+s,3.869485059730261
-4.612697027004494,0.0005161811908807046,0.03576659760661094,0.6202793139820768,-0.09016425855640811,expectations,3.768877976355969
-4.612697027004494,0.0005161811908807046,0.03576659760661094,0.6202793139820768,-0.09016425855640811,level+s expectations,3.768877976355969
-4.511362195498949,-0.09068840393604405,0.058257161672780944,0.7033319840104233,-0.11063995013304953,expectations are,3.900387592100556
-4.389125855195344,-0.1955429486705378,0.07630831816465844,0.7826879193460123,-0.13147178496600115,high,4.056330132915691
-4.389125855195344,-0.1955429486705378,0.07630831816465844,0.7826879193460123,-0.13147178496600115,are high,4.056330132915691
-4.497739512072494,-0.10705432873541065,0.0656514534636981,0.7221752435596759,-0.1152392421425543,high for,3.920155706017154
-4.5136015521206145,-0.09694407098076097,0.06718890727937105,0.7187193855146726,-0.11414242208078693,bountiful,3.90170598954733
-4.5136015521206145,-0.09694407098076097,0.06718890727937105,0.7187193855146726,-0.11414242208078693,for bountiful,3.90170598954733
-3.534905066741117,-0.7047739159241173,-0.012056458908760559,0.8881545222491742,-0.1661903713638295,winter,5.035140822234083
-4.391429828519049,-0.20541476915457713,0.08818788326306481,0.8030369317921384,-0.1363924008911659,bountiful winter,4.059392618329414
-3.9799686501175717,-0.5588267619029059,0.1383718845906396,1.023850049558081,-0.19977690208420995,harvest,4.584623481825313
-3.9799686501175717,-0.5588267619029059,0.1383718845906396,1.023850049558081,-0.19977690208420995,winter harvest,4.584623481825313
-4.609179757546043,-0.030960266731800745,0.07109668871800634,0.6870713907051883,-0.10499808900228158,the import+s,3.7879922269597857
-3.5299713368752865,-0.6948154468626604,-0.025967252339580804,0.8652566909303826,-0.16032521526325946,urea,5.034251958588462
-4.7683264646660835,0.09790533983531402,0.054629860777513306,0.5869255443196374,-0.07949601529639116,import+s urea,3.5890044687340614
-3.62150760695254,-0.6268163559815267,-0.033335262555048484,0.8286503842126808,-0.15065628848146656,urea and,4.922315596509702
-4.850409013694538,0.1626186566651351,0.04693844402394787,0.5337383724699007,-0.06640900034373007,di-am…,3.487278118280968
-4.850409013694538,0.1626186566651351,0.04693844402394787,0.5337383724699007,-0.06640900034373007,and di-am…,3.487278118280968
-0.7040428971339194,-2.1376768190941084,-0.5715742295369053,0.28525019945670027,-0.0945343150005468,New,8.159838169085377
-4.8996679567960895,0.20074848167928638,0.042749825104361205,0.5015867880253918,-0.05863601666443928,di-am… new,3.4265958139995947
-0.48196051629317793,-2.2621186319070294,-0.60619114889016,0.23146365631221777,-0.03238869332338172,Delhi,8.412761190226423
-2.117715626492929,-1.334304745529499,-0.4952536462633552,0.2686225670291842,-0.044127378451032484,new delhi,6.5492933196712695
-4.071783925939368,-0.2259655215678138,-0.21339536514615826,0.3523307483124716,-0.04800729198022678,delhi india,4.335407401769045
-4.989798562999626,0.2689831747388276,0.036212708085852086,0.44282597460625267,-0.044663204028601924,india has,3.316361488316639
-5.006993337869815,0.281763258668851,0.035163708377675074,0.4316847237518777,-0.04204325370941385,sharply,3.2954558133367
-5.006993337869815,0.281763258668851,0.035163708377675074,0.4316847237518777,-0.04204325370941385,has sharply,3.2954558133367
-5.038196927008228,0.304755559471656,0.033445678995546846,0.4115662272688803,-0.037331980041045404,increased,3.2576234580822594
-5.038196927008228,0.304755559471656,0.033445678995546846,0.4115662272688803,-0.037331980041045404,sharply increased,3.2576234580822594
-5.072419853320737,0.3296745090589297,0.03185638394925139,0.3896858126113289,-0.03223299757073378,fertiliser,3.2162884349310157
-5.072419853320737,0.3296745090589297,0.03185638394925139,0.3896858126113289,-0.03223299757073378,increased fertiliser,3.2162884349310157
-5.126842153408766,0.3686616138738661,0.030021817875475365,0.35539681295816833,-0.024281173106741077,ahead,3.1508983265295774
-5.126842153408766,0.3686616138738661,0.030021817875475365,0.35539681295816833,-0.024281173106741077,import+s ahead,3.1508983265295774
-5.149006167520023,0.3843179804886929,0.029535007330848462,0.3416415602720951,-0.021099906391956136,ahead the,3.1243870513593084
-5.171530303576665,0.4001005674789908,0.029202218646851963,0.3278011281497282,-0.01790132602721492,rabi winter,3.0975147686992823
-5.188193578465245,0.41169501489332205,0.029063624586617653,0.31765650770851517,-0.015557289633277807,winter sowing,3.077679346979608
-5.2167187254782235,0.43138656004180254,0.029043458003071065,0.3004854406408947,-0.011588114882240486,buying,3.0438102335081485
-5.2167187254782235,0.43138656004180254,0.029043458003071065,0.3004854406408947,-0.011588114882240486,season buying,3.0438102335081485
-5.22875887687978,0.43962181653591803,0.02916388297794842,0.2934047803433534,-0.009943823213152764,nearly,3.0295569671420126
-5.22875887687978,0.43962181653591803,0.02916388297794842,0.2934047803433534,-0.009943823213152764,buying nearly,3.0295569671420126
-5.239183956650852,0.4466373467481506,0.029529203430401052,0.2877532309471646,-0.008599275479687224,six,3.0172805076880853
-5.239183956650852,0.4466373467481506,0.029529203430401052,0.2877532309471646,-0.008599275479687224,nearly six,3.0172805076880853
-4.420114681171806,-0.06414311511925219,-0.06657707756272019,0.5065790737271877,-0.07052436932679045,times,3.9624714212115872
-5.244929529762065,0.45049281282451337,0.029751549649419506,0.28466364095788904,-0.007862492447214472,six times,3.010520903284732
-1.7415830316744962,-1.5566925300702636,-0.4191616090907247,0.4814261877211499,-0.13510558799020073,more,6.984370518233719
-4.435721740159504,-0.05392869026899394,-0.06612277768742686,0.5011706759849883,-0.06919362722760224,times more,3.944147408873195
-4.7683264646660835,0.09790533983531402,0.054629860777513306,0.5869255443196374,-0.07949601529639116,more urea,3.5890044687340614
-5.271622206979451,0.46830550628108036,0.03098040522410561,0.2705444705495241,-0.004477929703925049,and three,2.9791745300695616
-5.244929529762065,0.45049281282451337,0.029751549649419506,0.28466364095788904,-0.007862492447214472,three times,3.010520903284732
-5.292026348843941,0.48181685431661636,0.03213674207382905,0.26001059417277406,-0.001931613005276514,di-ammonium,2.955274339610534
-5.292026348843941,0.48181685431661636,0.03213674207382905,0.26001059417277406,-0.001931613005276514,more di-ammonium,2.955274339610534
-5.305367632759825,0.49060484895477896,0.03299395944842021,0.2532430450722326,-0.0002848451440528865,phosphate,2.939674622419954
-5.305367632759825,0.49060484895477896,0.03299395944842021,0.2532430450722326,-0.0002848451440528865,di-ammonium phosphate,2.939674622419954
-5.316919873144862,0.4981860288176141,0.03380044791588094,0.2474587720838573,0.0011300246028065897,DAP,2.926183740698686
-5.316919873144862,0.4981860288176141,0.03380044791588094,0.2474587720838573,0.0011300246028065897,phosphate dap,2.926183740698686
-5.324951500566595,0.5034418008600099,0.034396090754354514,0.2434782767158425,0.0021078677953632885,September,2.916813309268232
-5.324951500566595,0.5034418008600099,0.034396090754354514,0.2434782767158425,0.0021078677953632885,dap september,2.916813309268232
-5.334588369976118,0.5097322710335093,0.03514839224454169,0.23874609537934088,0.0032750455216414565,tha…,2.9055795950443133
-5.334588369976118,0.5097322710335093,0.03514839224454169,0.23874609537934088,0.0032750455216414565,september tha…,2.9055795950443133
-5.340169700187477,0.5133678237662083,0.0356027694196579,0.23602705881253233,0.003948076904231795,+2094,2.8990780970301477
-5.340169700187477,0.5133678237662083,0.0356027694196579,0.23602705881253233,0.003948076904231795,tha… +2094,2.8990780970301477
-5.345609167814795,0.5169056822399867,0.03605871446537007,0.23339228678703722,0.004601971203431393,+2094 chars,2.8927450872982683
-3.2464831068932343,-0.7427342835935842,-0.5706527345223449,-0.14570045631383216,0.013965220337855438,Bengaluru,5.282439788590223
-5.155377001112484,0.39898567422328024,-0.23365809116921146,-0.2089631580610185,0.06016512172171001,braces,3.1014274014508225
-5.155377001112484,0.39898567422328024,-0.23365809116921146,-0.2089631580610185,0.06016512172171001,bengaluru braces,3.1014274014508225
-5.120655871045127,0.3776205741111245,-0.2434447704095622,-0.20852631152944645,0.0598717860851079,braces for,3.141082714885881
-5.099049738293813,0.36433446018179994,-0.249444711043392,-0.20825062174296033,0.05974468825644366,for more,3.1657637456084675
-5.069957702850654,0.3464558483204403,-0.2574171842165215,-0.20787623712180836,0.05964106138349806,more showers,3.1990012493047315
-4.0046457262694695,-0.29622823055614456,-0.4730555571341417,-0.17283740721121826,0.026879426936373435,IMD,4.4162478502430185
-4.996010931742958,0.3010668576724138,-0.2771536668208747,-0.20691896971406548,0.05972904718980901,showers imd,3.283510553855766
-4.96493819445095,0.2820176104214662,-0.28523007158084196,-0.20651906570253986,0.05991783028798475,rings,3.3190320692098965
-4.96493819445095,0.2820176104214662,-0.28523007158084196,-0.20651906570253986,0.05991783028798475,imd rings,3.3190320692098965
-3.0137913427071217,-0.8789949917683142,-0.5967607484340415,-0.14247504093828528,0.024644239771488302,yellow,5.548594269431134
-4.913018814220595,0.25021851348949165,-0.2984520653490426,-0.20586099304540295,0.06043593273129591,rings yellow,3.3783978698066743
-2.232090200033359,-1.3306123779567849,-0.66070283622535,-0.11783688877501274,0.020090899326919265,alert,6.440991783232051
-2.90982634746947,-0.9396217873145112,-0.607338632092687,-0.140499693100608,0.027787550752754853,yellow aler+t,5.667449483909592
-4.592312926401409,0.0841837845529465,-0.2872261310759128,-0.01498441180875501,0.040392346497570786,till,3.7350473967175857
-4.770646035111216,0.16320487211827106,-0.33307403140711345,-0.20418208619285844,0.06318033553092617,aler+t till,3.541268874742694
-2.68886192508202,-1.0681914528459675,-0.6284825739671895,-0.13676408828397324,0.035469383492364365,Sunday,5.920069364456362
-4.700315188115502,0.12031405503992931,-0.3493614426499494,-0.20345698241986265,0.0652674283690475,till sunday,3.6217665541007116
-5.199249890100105,0.42600723588466427,-0.2210284227442737,-0.20949999775528938,0.0606920369802714,sunday bengaluru,3.051333110125219
-4.229350635379441,-0.16579670952739134,-0.44709967889394864,-0.2017999786526466,0.09244016137500993,experiencing,4.161548587206019
-4.229350635379441,-0.16579670952739134,-0.44709967889394864,-0.2017999786526466,0.09244016137500993,bengaluru experiencing,4.161548587206019
-3.2510245859404403,-0.7639536638504105,-0.6087445741627127,-0.22874502706873956,0.2225505079718598,experiencing persistent,5.289860808430819
0.6669022922586976,-3.067923392074937,-0.792541341867024,-0.15944263769276407,-0.23870534512691655,due,9.78530646242623
-3.116051107739488,-0.8183813736682262,-0.5824699471805745,-0.1375387443751972,0.0020004225594080494,rain du+e,5.43111776675817
-3.9395951162857803,-0.33437299549118205,-0.48076045815080304,-0.16631206444880997,0.013193427319591194,low-pressure,4.490262632894074
-3.9395951162857803,-0.33437299549118205,-0.48076045815080304,-0.16631206444880997,0.013193427319591194,du+e low-pressure,4.490262632894074
-4.429676795826995,-0.041724603550494344,-0.39858335268835365,-0.183526938463972,0.023851275501089814,low-pressure system,3.930162232519675
-4.584716108988321,0.051694107345109375,-0.36813954643480085,-0.1887505238378931,0.028059563602377158,system over,3.752976414785048
-4.732176265004711,0.14094603917438753,-0.33683227680044003,-0.1935190784676209,0.03251059024427763,Bay,3.5844731858293715
-4.732176265004711,0.14094603917438753,-0.33683227680044003,-0.1935190784676209,0.03251059024427763,the bay,3.5844731858293715
-5.199249890100105,0.42600723588466427,-0.2210284227442737,-0.20949999775528938,0.0606920369802714,Bengal,3.051333110125219
-5.199249890100105,0.42600723588466427,-0.2210284227442737,-0.20949999775528938,0.0606920369802714,bay bengal,3.051333110125219
-4.904352935520819,0.24566462682157097,-0.2970321891866251,-0.19873372124704902,0.03833278188097783,prompting,3.3877746038880496
-4.904352935520819,0.24566462682157097,-0.2970321891866251,-0.19873372124704902,0.03833278188097783,bengal prompting,3.3877746038880496
-4.913018814220595,0.25021851348949165,-0.2984520653490426,-0.20586099304540295,0.06043593273129591,prompting yellow,3.3783978698066743
-4.285385065782851,-0.1282934023408635,-0.424856943037191,-0.17853395159029162,0.02032424617180606,aler+t until,4.095073292548491
-3.9363611243414693,-0.3373996477809471,-0.485671459307499,-0.17506636912464602,0.039110601481362195,until sunday,4.494683049602118
-5.159891622843533,0.4020962237849848,-0.23051170939665994,-0.20542536498133357,0.04842996795405796,Several,3.0960181424939606
-5.194939773286734,0.4236434885724656,-0.22060476891428976,-0.20621223801809457,0.04996993436781155,districts,3.0560274476277636
-5.194939773286734,0.4236434885724656,-0.22060476891428976,-0.20621223801809457,0.04996993436781155,several districts,3.0560274476277636
-5.244564740702574,0.45418873169255747,-0.20622299089682777,-0.20725990996567967,0.052221312547724996,Karnataka,2.9994178958831674
-5.244564740702574,0.45418873169255747,-0.20622299089682777,-0.20725990996567967,0.052221312547724996,districts karnataka,2.9994178958831674
-5.277776514724611,0.4746544498359191,-0.19635792766999516,-0.20791424820412469,0.05377627984445266,karnataka are,2.961541488504222
-4.414261766305604,-0.05098989971865531,-0.40148144434151367,-0.18299861981481147,0.02345727655349719,under,3.947779881717932
-5.304676798809579,0.4912441219552117,-0.18822202797721396,-0.20841479310610267,0.055065112381721876,are under,2.9308693609700263
-5.310316621610301,0.4947237256633239,-0.18649944335254504,-0.20851625636662807,0.055338730289394844,under aler+t,2.924439505075915
-5.293039388489477,0.4840657855763508,-0.19175793909195948,-0.20820158261523158,0.054504269433228,aler+t for,2.9441377954739876
2.9912023638401646,-4.2645994723059815,-0.7234441493206245,0.03934008470202877,-0.09749680726378056,heavy,12.394463339599428
-5.280895861435068,0.4765775823775633,-0.19542124028956576,-0.20797367228866376,0.05392436908837572,for heavy,2.957984460912208
-5.2616470062668625,0.4647128644787646,-0.20117345412304719,-0.20760134945181297,0.0530161662453954,heavy showers,2.979935364786381
-5.2338176032311905,0.4475700819074222,-0.20937360054449017,-0.2070399365424152,0.05172651814283405,showers and,3.0116762257013074
-5.2188582788601625,0.43836060008194666,-0.21372569850095652,-0.20672728648146,0.05104449181576537,thunderstorms,3.028740383729011
-5.2188582788601625,0.43836060008194666,-0.21372569850095652,-0.20672728648146,0.05104449181576537,and thunderstorms,3.028740383729011
-4.796793054364986,0.20861955982427838,-0.15643832602003488,0.15774472573904785,-0.004100807513618299,early,3.5042679380221635
-5.130838289249059,0.3842509318727696,-0.2385719510612723,-0.20474564664855965,0.04718373554559513,this early,3.1291740940760704
-5.098985905669327,0.36470373418301016,-0.24725437965329683,-0.20397353394973444,0.04584810838883219,northeast,3.1655295971633444
-5.098985905669327,0.36470373418301016,-0.24725437965329683,-0.20397353394973444,0.04584810838883219,early northeast,3.1655295971633444
-5.038301362731028,0.32751368830491234,-0.26336374577007077,-0.20243036178204776,0.04338905448967861,northeast monsoon,3.2348070669133158
-4.981085978280992,0.29251159221078393,-0.27805343035491037,-0.20089659696245965,0.04116886065031952,activit…,3.300138529396073
-4.981085978280992,0.29251159221078393,-0.27805343035491037,-0.20089659696245965,0.04116886065031952,monsoon activit…,3.300138529396073
-4.904352935520819,0.24566462682157097,-0.2970321891866251,-0.19873372124704902,0.03833278188097783,activit… bengaluru,3.3877746038880496
-4.7975200333340595,0.1806236125347518,-0.3221606250746787,-0.19554992106647195,0.034636385746805,woke,3.5098152876528097
-4.7975200333340595,0.1806236125347518,-0.3221606250746787,-0.19554992106647195,0.034636385746805,bengaluru woke,3.5098152876528097
-4.6034991196021,0.06304080317462235,-0.36428425832803596,-0.18937026424988251,0.028601163724923495,damp,3.731511569037882
-4.6034991196021,0.06304080317462235,-0.36428425832803596,-0.18937026424988251,0.028601163724923495,woke damp,3.731511569037882
-4.501770801893221,0.0016627960329809177,-0.3847257703905729,-0.18597791299286454,0.02575140542341542,damp morning,3.847768169850217
-4.175305725299131,-0.19410281390443318,-0.4436783481650245,-0.1746691451852836,0.017863105696764553,morning wednesday,4.220882875642496
-3.2580789634064065,-0.735515346830331,-0.567552305452814,-0.14237757836228415,0.0034532499197036104,light,5.268902995174694
-3.2580789634064065,-0.735515346830331,-0.567552305452814,-0.14237757836228415,0.0034532499197036104,wednesday light,5.268902995174694
-1.7706587510420464,-1.5935339593485165,-0.6846155254109665,-0.09577868064654894,-0.004756917948517819,light rain,6.966754269725276
-4.134445891815069,-0.2184803928388308,-0.4504114182692931,-0.17322626296391808,0.01699689295318621,fall,4.267580848068922
-4.134445891815069,-0.2184803928388308,-0.4504114182692931,-0.17322626296391808,0.01699689295318621,continued fall,4.267580848068922
-4.316148374734381,-0.10986626426337764,-0.41941238297417827,-0.1796065528983069,0.021046660623452673,fall across,4.059913715559998
-1.855952648518107,-1.5348691184804863,-0.6481246155363694,-0.027371363244008774,-0.07549545462968352,city,6.864597013979636
-1.855952648518107,-1.5348691184804863,-0.6481246155363694,-0.027371363244008774,-0.07549545462968352,the city,6.864597013979636
-4.821161669190645,0.19499860338046804,-0.3167245290596666,-0.19626998143744107,0.03543019586680973,Meteorological,3.4828058697287028
-4.821161669190645,0.19499860338046804,-0.3167245290596666,-0.19626998143744107,0.03543019586680973,india meteorological,3.4828058697287028
-4.965299140324872,0.28286449164177574,-0.28202436510118545,-0.2004610561831231,0.04057240799237688,Department,3.318166924843707
-4.965299140324872,0.28286449164177574,-0.28202436510118545,-0.2004610561831231,0.04057240799237688,meteorological department,3.318166924843707
-5.051304036677651,0.33547661364319836,-0.2599587476350689,-0.20276858340485326,0.04390672602255469,department imd,3.2199618092700657
-5.081862669848542,0.3542031001813939,-0.2518565782996962,-0.20354738813805656,0.045143045446184804,imd has,3.185075743861857
-5.104508267942322,0.3680913932824388,-0.24576046947135716,-0.20410934523786722,0.046077410978861005,placed,3.1592261381145943
-5.104508267942322,0.3680913932824388,-0.24576046947135716,-0.20410934523786722,0.046077410978861005,has placed,3.1592261381145943
-5.14081273401935,0.3903757963747141,-0.23582006509715525,-0.20498171354159106,0.047608538485696156,placed the,3.117790625535336
-5.182248739901835,0.4158386834992116,-0.2242156161712311,-0.20593162468589854,0.04940761280309114,city under,3.070507319426314
-5.214999570337778,0.4359856630105785,-0.2148420637180204,-0.20664544156520576,0.05086981775195132,under yellow,3.0331422760222604
-5.304676798809579,0.4912441219552117,-0.18822202797721396,-0.20841479310610267,0.055065112381721876,warn…,2.9308693609700263
-5.304676798809579,0.4912441219552117,-0.18822202797721396,-0.20841479310610267,0.055065112381721876,sunday warn…,2.9308693609700263
-5.3239263644961206,0.503122597962733,-0.18231822144647988,-0.2087559929647405,0.056003948063081094,+2773,2.9089244185340637
-5.3239263644961206,0.503122597962733,-0.18231822144647988,-0.2087559929647405,0.056003948063081094,warn… +2773,2.9089244185340637
-5.3393987252238855,0.5126744317239396,-0.17752248166597434,-0.20901957422044498,0.056768784607640815,+2773 chars,2.891287939511635
-5.635254461342072,0.5870640931080193,-0.01897227270174706,-0.08777160366909526,0.8039561232789215,Has,2.620210601755589
-5.5353875180941055,0.46397310923414437,-0.05571298414710879,-0.09760173157346184,0.9514564686906982,has climate,2.7648787444291054
-5.662768169712997,0.626885530275689,-0.0005523096793884075,-0.06862175221598149,0.7373783400827727,brought,2.577554628916099
-5.662768169712997,0.626885530275689,-0.0005523096793884075,-0.06862175221598149,0.7373783400827727,chang+e brought,2.577554628916099
-5.308476804302865,0.417441182697998,0.01410290488245236,0.2151626534508655,0.6671662966805862,mosquitoes,2.981209387221221
-5.712145094058389,0.6870785398814345,0.025416905513270527,-0.05195068256268981,0.6311609310152273,brought mosquitoes,2.506176215670695
-5.066232969319618,0.2577830874616962,-0.018658048478076394,0.29217570566734347,0.6892515869815518,Iceland,3.2645687228546576
-5.74741768012616,0.7304045139720012,0.050011386538802494,-0.02905920784694864,0.5313907850050498,mosquitoes iceland,2.4549124665886586
-5.763046574647498,0.7539910700561316,0.07366139378977726,0.00695180306960376,0.44231591984051744,longer,2.429960385418171
-5.763046574647498,0.7539910700561316,0.07366139378977726,0.00695180306960376,0.44231591984051744,iceland longer,2.429960385418171
-5.762587119582176,0.7559073169852408,0.07936587100279474,0.01910394595921132,0.4229944226178668,among,2.4293891698489087
-5.762587119582176,0.7559073169852408,0.07936587100279474,0.01910394595921132,0.4229944226178668,longer among,2.4293891698489087
-5.760636234252567,0.7561223359164686,0.08403608932194645,0.03036231427848913,0.4080489931554535,among the,2.4309271105257446
-5.75853349338523,0.7555571737883973,0.08709196924389717,0.03841525201385234,0.3987323041944426,few,2.4329837552443805
-5.75853349338523,0.7555571737883973,0.08709196924389717,0.03841525201385234,0.3987323041944426,the few,2.4329837552443805
-5.505379657071808,0.5889524228802281,0.04978351064174047,0.15946474274055877,0.4392477741338079,places,2.7282532703771443
-5.7557606086266855,0.7544152888550844,0.09013539156231476,0.04699691467595405,0.3898334475164622,few place+s,2.435894490920656
-5.438384185771042,0.5376715741770262,0.053706646433937855,0.21420745571403937,0.4636586360403605,place+s the,2.8107881468091795
-5.729403984451892,0.7383200009134547,0.10625607757587746,0.10193033423689316,0.3490338388704789,free,2.46618286973043
-5.729403984451892,0.7383200009134547,0.10625607757587746,0.10193033423689316,0.3490338388704789,world free,2.46618286973043
-5.710231304823335,0.7247976398180702,0.11391365875965231,0.1332252663126563,0.3329949057739684,free mosquitoes,2.4891161679794673
-5.5677081908482,0.6112427311854511,0.15143939596135336,0.31848163971273935,0.2707457917930408,point,2.6658824271866877
-5.5677081908482,0.6112427311854511,0.15143939596135336,0.31848163971273935,0.2707457917930408,scientist+s point,2.6658824271866877
-2.6748390116854583,-1.2092642166427163,-0.06585803745518226,0.9838453356978653,-0.10996638397345185,rising,6.021152537958304
-5.291970587822522,0.3649046818912558,0.1999486659483124,0.5938883009391756,0.1969698398610877,point rising,3.0205309584049163
-5.541275693888233,0.5880572543663196,0.1602765505412101,0.355000875397308,0.24862388925566967,temperatures,2.699575381025096
-5.541275693888233,0.5880572543663196,0.1602765505412101,0.355000875397308,0.24862388925566967,rising temperatur+es,2.699575381025096
-5.681145241312466,0.7033289817847197,0.13481494807597666,0.19874394742945456,0.27090363593644595,Mosquitoes,2.524117031945171
-5.730659508801306,0.7415422023630627,0.12568872479760862,0.14014038731005102,0.27474385423937164,mosquitoe+s were,2.4631812365741825
-5.746810489341345,0.7536783639329669,0.1227831277505706,0.12080774255056255,0.2751628042822626,detected,2.443451524293347
-5.746810489341345,0.7536783639329669,0.1227831277505706,0.12080774255056255,0.2751628042822626,were detected,2.443451524293347
-5.776633171596528,0.7756596932146971,0.11760242895701323,0.08501004246272041,0.2744905567024195,detected iceland,2.4072099010907593
-5.791900656836703,0.7867014614639174,0.11508102362837636,0.06670901996890011,0.2732742260706429,iceland for,2.3887488386679028
-5.804713929695367,0.7958612533249863,0.1130549951348957,0.05140627177794953,0.2717162712095378,first,2.3733016931290107
-5.804713929695367,0.7958612533249863,0.1130549951348957,0.05140627177794953,0.2717162712095378,the first,2.3733016931290107
-4.390898222124781,-0.0675822002824642,-0.09688889217499436,0.4636788508810164,0.07497907809786541,time,3.990505094359579
-5.813097205242084,0.8018028727140432,0.11178137658458986,0.04143698798835217,0.27040416329407324,first time,2.3632171967941926
-5.819433514071882,0.8062675061695361,0.11084910796029196,0.033930587881037866,0.2692474027050801,time this,2.355606228407466
-5.825267956655902,0.8103590248290902,0.11001561455296693,0.02704418065193287,0.26805001350642166,month,2.348606345532013
-5.825267956655902,0.8103590248290902,0.11001561455296693,0.02704418065193287,0.26805001350642166,this month,2.348606345532013
-5.832717421488825,0.8155565910543479,0.10898860486838202,0.018291932382817074,0.26632799103160454,resulting,2.3396800047761785
-5.832717421488825,0.8155565910543479,0.10898860486838202,0.018291932382817074,0.26632799103160454,month resulting,2.3396800047761785
-5.798568974646866,0.7914804136748628,0.11401535951847952,0.05873666881382567,0.2725283617241109,resulting the,2.3807046282899944
-5.8542447676433955,0.8304169594973192,0.10628287972015538,-0.006690471888760034,0.26003436292509696,losing,2.3139511682701577
-5.8542447676433955,0.8304169594973192,0.10628287972015538,-0.006690471888760034,0.26003436292509696,country losing,2.3139511682701577
-5.859211214381855,0.8338132857333529,0.10571956442074332,-0.01237746752581604,0.2582843073333254,losing its,2.3080285740543998
-5.861887203309964,0.835638509336375,0.10542624023584402,-0.015428343050857586,0.2572923938775027,status,2.304839332902384
-5.861887203309964,0.835638509336375,0.10542624023584402,-0.015428343050857586,0.2572923938775027,its status,2.304839332902384
-5.8681234165460925,0.8398793911822198,0.10477128712620726,-0.022500110646658453,0.254844493228054,one,2.2974121351501493
-5.8681234165460925,0.8398793911822198,0.10477128712620726,-0.022500110646658453,0.254844493228054,status one,2.2974121351501493
-5.798568974646866,0.7914804136748628,0.11401535951847952,0.05873666881382567,0.2725283617241109,one the,2.3807046282899944
-5.874333473256341,0.8440852342534477,0.10416020571623114,-0.029486614221765038,0.25221251919446264,only,2.2900230039611644
-5.874333473256341,0.8440852342534477,0.10416020571623114,-0.029486614221765038,0.25221251919446264,the only,2.2900230039611644
-5.876960941440526,0.8458596474074549,0.10391439446011513,-0.03242513620259423,0.25103917022109923,only place+s,2.2868986914075475
-5.886449630835328,0.8522431252522598,0.10309190216781094,-0.04294645082441856,0.24649808393905429,without,2.27562542272712
-5.886449630835328,0.8522431252522598,0.10309190216781094,-0.04294645082441856,0.24649808393905429,world without,2.27562542272712
-5.889852683381639,0.8545233194638042,0.10282245810796475,-0.0466839606301203,0.24475118119110964,them,2.2715859544411843
-5.889852683381639,0.8545233194638042,0.10282245810796475,-0.0466839606301203,0.24475118119110964,without them,2.2715859544411843
-5.893839961446549,0.8571888994849579,0.10252435093136808,-0.05103814786383508,0.24262331126358064,findings,2.2668553715871864
-5.893839961446549,0.8571888994849579,0.10252435093136808,-0.05103814786383508,0.24262331126358064,the findings,2.2668553715871864
-5.897201750152794,0.8594312828197139,0.10228797524793704,-0.05468793696184873,0.2407604767545599,findings were,2.2628688420572485
-5.898984956722782,0.8606188582316923,0.10216821543138699,-0.056615856572143464,0.23974659129932555,confirmed,2.260754973041695
-5.898984956722782,0.8606188582316923,0.10216821543138699,-0.056615856572143464,0.23974659129932555,were confirmed,2.260754973041695
-5.903366003086353,0.8635310897833686,0.10189071486359197,-0.061328388897608485,0.23717908605456864,confirmed the,2.2555636488087445
-5.905895020578379,0.8652087033404887,0.10174144906314447,-0.06403300874066464,0.23564704180864002,+7684,2.252568241917848
-5.905895020578379,0.8652087033404887,0.10174144906314447,-0.06403300874066464,0.23564704180864002,the +7684,2.252568241917848
-5.907715760198964,0.8664148969071459,0.10163897976802472,-0.06597295323993882,0.23452127888249205,+7684 char+s,2.2504123410192904
-5.511516831096783,0.4636375880714465,0.29851915846187893,0.6389008040938784,-0.06276913340732262,China,2.7844150656534605
-5.499395476358359,0.45146754471787376,0.3002158565189309,0.6500709346574352,-0.06585257937501099,coastal,2.8006078379824197
-5.710144410814658,0.6596853624796468,0.26756688028259235,0.4369159326301928,-0.010139170476700016,china coastal,2.5207591839971313
-5.484727963775361,0.4367235458990577,0.3022445672857117,0.6634295532563725,-0.0695633954799221,coastal city+es,2.820211387892323
-5.8690644728202965,0.8070992120458225,0.23691170174099363,0.24393011403484943,0.03443296472233595,city+es are,2.3143070889848287
-5.862363295387278,0.8011665949219149,0.23834522394615865,0.25274354521356046,0.03252165024324574,sinking,2.322880349171145
-5.862363295387278,0.8011665949219149,0.23834522394615865,0.25274354521356046,0.03252165024324574,are sinking,2.322880349171145
-5.840036811151082,0.7811857837952922,0.24302165833525946,0.28164819761661614,0.02616938587815834,seas,2.3515438283442887
-5.840036811151082,0.7811857837952922,0.24302165833525946,0.28164819761661614,0.02616938587815834,sinking seas,2.3515438283442887
-5.82727193223068,0.7696219690117578,0.2456288895374057,0.2978635309871325,0.02254958612755864,rise,2.3679968918803027
-5.82727193223068,0.7696219690117578,0.2456288895374057,0.2978635309871325,0.02254958612755864,seas rise,2.3679968918803027
-5.801508065205152,0.7459979449230449,0.2507514006250555,0.3299252806203789,0.015273691232302627,record,2.401337283692098
-5.801508065205152,0.7459979449230449,0.2507514006250555,0.3299252806203789,0.015273691232302627,rise record,2.401337283692098
-5.770318877746286,0.7169398427250255,0.2567170081267677,0.3675896051266126,0.006525724418083828,speed,2.4419133009084426
-5.770318877746286,0.7169398427250255,0.2567170081267677,0.3675896051266126,0.006525724418083828,record speed,2.4419133009084426
-5.731864431344613,0.6805133203583815,0.2637449693773949,0.41238136373678297,-0.00415840954838341,Sea,2.4922231070456444
-5.731864431344613,0.6805133203583815,0.2637449693773949,0.41238136373678297,-0.00415840954838341,speed sea,2.4922231070456444
-5.47219542163003,0.42411210096437757,0.3039574856123337,0.674709461410552,-0.07271641783338029,sea level+s,2.8369688641002773
-5.8690644728202965,0.8070992120458225,0.23691170174099363,0.24393011403484943,0.03443296472233595,level+s are,2.3143070889848287
-5.405307959141385,0.35664959693618026,0.31280299776385545,0.7329147501231942,-0.08926923179335913,are rising,2.9264938948847723
-5.638360859241904,0.5898012782685513,0.2795200476366825,0.5143398816205627,-0.0296037880533946,faster,2.6155707073222443
-5.638360859241904,0.5898012782685513,0.2795200476366825,0.5143398816205627,-0.0296037880533946,rising fast+er,2.6155707073222443
-5.523283953495962,0.4754379699444051,0.2968540443133917,0.6279419440206715,-0.059761284894048694,than,2.7687028876342747
-5.718219602701537,0.6674485051065042,0.26615784827414835,0.4278570311391211,-0.007920335175670506,fast+er than,2.5101405685201543
-5.573331201288798,0.5254395669880354,0.2895615707981367,0.5800158095727977,-0.04680972217886392,any,2.7019730443563974
-5.573331201288798,0.5254395669880354,0.2895615707981367,0.5800158095727977,-0.04680972217886392,than any,2.7019730443563974
-5.590922360608078,0.5429278845624552,0.28691191079375167,0.5626426685621794,-0.042196884736934615,any time,2.678561908151437
-5.622425620808191,0.5741074608233416,0.2820448462231214,0.5308079081293884,-0.03385867658046711,"4,000",2.6367050061220336
-5.807301245428468,0.7513415455390542,0.24961540477932032,0.3227922930008689,0.01690601805138861,"time 4,000",2.3938257283358526
-5.6376953936393654,0.589147036367444,0.27962636386656814,0.5150326265382241,-0.02978196822843064,"4,000 year+s",2.6164527324425446
-5.477609097855331,0.4295612899295409,0.3032198340991883,0.6698518978001569,-0.07135640531930754,scientists,2.8297293584180663
-5.83275526994427,0.7746013325656744,0.24451468985897806,0.2909252482761695,0.02410338118502292,year+s scientist+s,2.3609236749113105
-5.846537582640627,0.7870366196951624,0.24167554492098664,0.2733041170913446,0.02801632386459829,scientist+s report,2.3431825742945076
-5.853715567417243,0.7934658073207148,0.24017450188223066,0.2640223515835472,0.030058239964842054,report with,2.333964766117038
-5.714905970896897,0.6642656517294103,0.2667377198892146,0.4315832222574182,-0.008831512302977768,with china,2.5144965886794743
-5.861712724240105,0.8005890030409843,0.23848364546034717,0.25359575236792953,0.032336203083092485,major,2.3237134257910705
-5.861712724240105,0.8005890030409843,0.23848364546034717,0.25359575236792953,0.032336203083092485,china major,2.3237134257910705
-5.889721574784719,0.8251862357300044,0.23240201799656413,0.21635069904181542,0.040336601882747014,major coastal,2.28797211212145
-5.867700647285617,0.8058943133264729,0.23720459882396094,0.245729059914226,0.03404381020963937,particular,2.3160507585195615
-5.867700647285617,0.8058943133264729,0.23720459882396094,0.245729059914226,0.03404381020963937,city+es particular,2.3160507585195615
-5.857919582018354,0.7972156923748566,0.23928809391717853,0.2585525183230515,0.03125535441609803,particular risk,2.3285732932148315
-5.8439330651850465,0.7846956725652563,0.24221636827218296,0.27665418925830376,0.027276080723154406,rapid,2.3465310135455173
-5.8439330651850465,0.7846956725652563,0.24221636827218296,0.27665418925830376,0.027276080723154406,the rapid,2.3465310135455173
-5.694830076991991,0.64490286606197,0.2702015822937117,0.45389601418718695,-0.014331385197838636,increase,2.540925593279783
-5.8344542125727425,0.7761404994035952,0.24416771307642415,0.2887672068629976,0.024585157808912877,rapid increase,2.358733816275615
-5.81232941871701,0.7559649826658013,0.24862206890499283,0.31656563264710025,0.018324576207168236,increase driven,2.387312882552796
-5.789572531713096,0.7349340564971165,0.2530638262127385,0.3444843884235694,0.011917826279848692,warming,2.4168386840417453
-5.789572531713096,0.7349340564971165,0.2530638262127385,0.3444843884235694,0.011917826279848692,driven warming,2.4168386840417453
-5.76736752122938,0.7141663517393599,0.2572688297466995,0.37109057525576156,0.00570160726238296,oceans,2.44576407611925
-5.76736752122938,0.7141663517393599,0.2572688297466995,0.37109057525576156,0.00570160726238296,warming ocean+s,2.44576407611925
-5.743868080951321,0.6919488399600906,0.2615880843540461,0.3985886967573269,-0.0008360722419403777,ocean+s and,2.4764881491871718
-5.72817087256988,0.6769835023392123,0.2644021496397856,0.4165916355877835,-0.0051782931466341775,melting,2.4970700430229105
-5.72817087256988,0.6769835023392123,0.2644021496397856,0.4165916355877835,-0.0051782931466341775,and melting,2.4970700430229105
-5.68986122737042,0.6400904915945911,0.27104613717945547,0.4593499507842004,-0.015687079581235386,ice,2.5474764140320927
-5.68986122737042,0.6400904915945911,0.27104613717945547,0.4593499507842004,-0.015687079581235386,melting ice,2.5474764140320927
-5.659313392898923,0.6103458853049655,0.2761322055883497,0.49229981976749143,-0.023971967137913275,while,2.587826147418018
-5.659313392898923,0.6103458853049655,0.2761322055883497,0.49229981976749143,-0.023971967137913275,ice while,2.587826147418018
-5.6122002072712025,0.5640083308254447,0.28364232037925774,0.5412445618873388,-0.03657589174494158,human,2.6502805843794413
-5.6122002072712025,0.5640083308254447,0.28364232037925774,0.5412445618873388,-0.03657589174494158,while human,2.6502805843794413
-5.546351466209586,0.4985253455102545,0.2935363981694348,0.6061216942407301,-0.053823544436410076,activities,2.737925259802636
-5.546351466209586,0.4985253455102545,0.2935363981694348,0.6061216942407301,-0.053823544436410076,human activities,2.737925259802636
-5.293030008832128,0.2431887334782319,0.32668267253523886,0.8237265699066328,-0.11602194049552972,activities like,3.076938926901489
-1.1253177850842695,-1.844254977050034,1.4926634523689666,0.42504097987738887,-0.2732512219514278,groundwater,7.822180534245339
-4.925671588402807,-0.12436145260121712,0.36635094176541927,1.0735212486676844,-0.1950883571410006,like groundwater,3.5680389930566045
-5.484181786635241,0.43617417807747216,0.30231960633383426,0.6639236984067759,-0.06970114564584026,pumping,2.8209415546572663
-5.484181786635241,0.43617417807747216,0.30231960633383426,0.6639236984067759,-0.06970114564584026,groundwater pumping,2.8209415546572663
-5.5928911909644174,0.5448819418274182,0.2866123957832307,0.5606805406670883,-0.04167867264043024,pumping make,2.6759433215063266
-5.659313392898923,0.6103458853049655,0.2761322055883497,0.49229981976749143,-0.023971967137913275,wors…,2.587826147418018
-5.659313392898923,0.6103458853049655,0.2761322055883497,0.49229981976749143,-0.023971967137913275,make wors…,2.587826147418018
-5.7055023558904345,0.6552126337108406,0.2683706344169514,0.44209035569956556,-0.011412100287632052,team,2.5268681216852897
-5.7055023558904345,0.6552126337108406,0.2683706344169514,0.44209035569956556,-0.011412100287632052,wors… team,2.5268681216852897
-5.740119226225188,0.6883834428665485,0.26226520503832995,0.40291442074846107,-0.0018749441265015626,team scientist+s,2.481399477378191
-5.307518247577528,0.25782629523775724,0.32495157101530436,0.8124564930983709,-0.11264160331027961,led,3.0575224763114166
-5.776195564009128,0.7224505865337272,0.2556118396831557,0.36058648290326234,0.008168641965309684,scientist+s led,2.434251245289583
-5.794513668954185,0.7395230955170244,0.2521110444593887,0.3384793195311236,0.013305913035532413,Rutgers,2.4104172340740604
-5.794513668954185,0.7395230955170244,0.2521110444593887,0.3384793195311236,0.013305913035532413,led rutgers,2.4104172340740604
-5.81232941871701,0.7559649826658013,0.24862206890499283,0.31656563264710025,0.018324576207168236,University,2.387312882552796
-5.81232941871701,0.7559649826658013,0.24862206890499283,0.31656563264710025,0.018324576207168236,rutgers university,2.387312882552796
-5.832782518878474,0.7746260325372885,0.24450913136833352,0.2908906670509489,0.024111106981672986,researchers,2.3608885459431272
-5.832782518878474,0.7746260325372885,0.24450913136833352,0.2908906670509489,0.024111106981672986,university researchers,2.3608885459431272
-5.851183310209043,0.7912015037976989,0.24070581958251003,0.2673050320617095,0.029337590208012382,researchers has,2.3372148735279596
-5.8566104698457515,0.7960492451879502,0.23956469870929076,0.2602584820767451,0.030882485363768225,has found,2.3302515943527276
-5.86420086923071,0.8027964825158203,0.23795353151241216,0.25033317063330923,0.0330455617833465,found that,2.320527998314258
-5.836098436397043,0.7776284391820736,0.2438311144292793,0.28667491302321857,0.025051573812162886,sea,2.3566152574384667
-5.836098436397043,0.7776284391820736,0.2438311144292793,0.28667491302321857,0.025051573812162886,that sea,2.3566152574384667
-5.881778941773931,0.8182686674668058,0.2341524642619064,0.22702915343941626,0.03806469006862459,today,2.298080822407597
-5.881778941773931,0.8182686674668058,0.2341524642619064,0.22702915343941626,0.03806469006862459,level+s today,2.298080822407597
-5.887551027848648,0.8233005080437237,0.23288245324045898,0.21927817987696713,0.03971551096757775,today are,2.290732431252848
-5.891190503545237,0.8264603837393973,0.2320759876402806,0.21436552608687465,0.04075702157236863,climbing,2.2861049892289165
-5.891190503545237,0.8264603837393973,0.2320759876402806,0.21436552608687465,0.04075702157236863,are climbing,2.2861049892289165
-5.898836077747392,0.8330653077575738,0.2303672865603711,0.20398071947739904,0.042946403490776525,climbing more,2.276399269640346
-5.902791135622881,0.8364640470585878,0.22947554693892225,0.1985740204400691,0.044079684625769056,quickly,2.2713868049272445
-5.902791135622881,0.8364640470585878,0.22947554693892225,0.1985740204400691,0.044079684625769056,more quickly,2.2713868049272445
-5.908735171899478,0.841548370730071,0.2281251656717067,0.1904034992055969,0.04578371883652521,quickly than,2.263864499178961
-5.9218495611517055,0.8526624623069627,0.2251016617561783,0.17218414772968343,0.04954640160186313,time the,2.2473156832154264
-5.924217122099409,0.854653287893157,0.2245492313145182,0.16886641814120917,0.05022606508873226,past,2.244335296309778
-5.924217122099409,0.854653287893157,0.2245492313145182,0.16886641814120917,0.05022606508873226,the past,2.244335296309778
-5.927072308219051,0.8570476361105437,0.22388029779616458,0.16485363763947286,0.05104584342476298,"past 4,000",2.240744063610876
-5.934003171382647,0.8628297438766968,0.22224396745181774,0.1550590825176394,0.05303634585702027,year+s with,2.2320403227219923
-5.946923968611958,0.873491755735027,0.21914519617671435,0.13659436929820495,0.05674854193229939,facing,2.215868375225077
-5.946923968611958,0.873491755735027,0.21914519617671435,0.13659436929820495,0.05674854193229939,city+es facing,2.215868375225077
-5.949798844715808,0.87584267611965,0.21844701140966827,0.13244921095568946,0.05757465737398576,facing some,2.2122799437230016
-5.95293593407153,0.8783989231884471,0.2176814715492319,0.1279105670092477,0.05847614944967547,+5154,2.208368395648109
-5.95293593407153,0.8783989231884471,0.2176814715492319,0.1279105670092477,0.05847614944967547,some +5154,2.208368395648109
-5.955192043069549,0.8802313743628214,0.21712852897288182,0.12463651462514495,0.05912448570560863,+5154 char+s,2.2055580413412157
-2.1632400327048265,-1.400094165789091,-0.6798656102852667,-0.1572259360407336,-0.10751147974830601,Perak,6.530138606001996
-1.7930079843908109,-1.6138354366138143,-0.7025002979447961,-0.14818146806657229,-0.1108342212091129,Bukit,6.953398468301758
-4.531389375022512,0.006239636857728215,-0.39277664434519977,-0.21904494340986125,-0.048033368334897714,perak bukit,3.817714907853352
-1.6684337143316315,-1.6854887145952508,-0.7092472947523794,-0.14523638547938833,-0.11173854897666925,Merah,7.095772980847228
-1.6684337143316315,-1.6854887145952508,-0.7092472947523794,-0.14523638547938833,-0.11173854897666925,bukit merah,7.095772980847228
3.3979013631328403,-4.471480133920755,-0.6843914596815892,0.11952810552801497,-0.11793261809291558,Dam,12.850264534226966
-1.485504902445948,-1.7904807689193811,-0.7184238983712278,-0.1410038789754,-0.11288908360110536,merah dam,7.304803565824383
-4.177338004306217,-0.2096063833846542,-0.4585064840560535,-0.21071307862744043,-0.06350315514210204,Releases,4.223754472691802
-4.177338004306217,-0.2096063833846542,-0.4585064840560535,-0.21071307862744043,-0.06350315514210204,dam release+s,4.223754472691802
-3.8254113211902716,-0.42185461854110784,-0.5134394869345609,-0.20153794916355228,-0.07573007448468372,release+s water,4.627230422178137
-3.4379578294615474,-0.6531544889365923,-0.5642374091106485,-0.19101347037266575,-0.0863943734264763,amid,5.071216202846415
-3.4379578294615474,-0.6531544889365923,-0.5642374091106485,-0.19101347037266575,-0.0863943734264763,water amid,5.071216202846415
-2.88701254146672,-0.9783510798941792,-0.622527940059053,-0.17603315074418768,-0.09770967045919164,amid heavy,5.702106270741379
-1.5670276834519852,-1.7437231824025718,-0.7144389240675838,-0.14287648194675379,-0.11240163011901175,IPOH,7.211653744044598
-3.2547486614051193,-0.761745116078274,-0.5852688493080551,-0.18600284182597787,-0.09060310845143736,rainfall ipoh,5.281067932247331
-2.1467438639925254,-1.4096441185641222,-0.6809613747211948,-0.1568139212770206,-0.10768118527023204,ipoh water,6.549001655110162
-2.531722502088523,-1.1860766303420207,-0.6530567109821255,-0.1666338032370368,-0.10313261405938852,water from,6.108679402617034
-2.772571525454665,-1.0454178452200513,-0.6329069051427445,-0.172975086459409,-0.09959842008901734,from the,5.8330884457808
-3.1585062280613014,-0.8186036220223509,-0.5956308768614541,-0.18337765747329487,-0.09262687312376411,the bukit,5.391282820483165
1.6051778202113844,-3.456914821669509,-0.6551214629124129,0.2066843835557124,-0.15013416715313205,being,10.799892982121422
-3.446396981390934,-0.6484765711808067,-0.563419270206829,-0.1917532514173585,-0.08732748276497532,dam being,5.0616698941517795
-3.515473131918541,-0.608054603632481,-0.5553693421686029,-0.1946419637753829,-0.08785419755699764,released,4.982768306052025
-3.515473131918541,-0.608054603632481,-0.5553693421686029,-0.1946419637753829,-0.08785419755699764,being released,4.982768306052025
-3.447670811269947,-0.6498672497599491,-0.5644814205469731,-0.19499295565801306,-0.09448937439146235,downstream,5.060991265887279
-3.447670811269947,-0.6498672497599491,-0.5644814205469731,-0.19499295565801306,-0.09448937439146235,released downstream,5.060991265887279
-3.1868294092294116,-0.8052621583732593,-0.5944394207128765,-0.1890210737486785,-0.10284609686774045,downstream du+e,5.360095147524033
-2.971622153114266,-0.9329457061676623,-0.6166963641774416,-0.18431800934179432,-0.10942718962540018,du+e increasing,5.606847933634632
0.388597519433338,-2.7901597853620665,-0.6761831749122589,0.12416677501613914,-0.14101545553000908,increasing water,9.41834160221822
2.1497787144981206,-3.743984560027951,-0.6119656498538688,0.3056058566433741,-0.16063792695239518,water level+s,11.414661722071143
-2.531722502088523,-1.1860766303420207,-0.6530567109821255,-0.1666338032370368,-0.10313261405938852,level+s from,6.108679402617034
4.613835820767672,-5.210292838059649,-0.7088975077559904,-0.008327717161678266,-0.18932083102151379,continuous,14.263090709658226
-0.5321705137317068,-2.3713248414276786,-0.7666715217497195,-0.1622960607409662,-0.2029266247542199,from continuous,8.408547521970574
11.28217700915133,-8.806678664119653,-0.4461681393660397,0.011184680777800708,-0.0002726113886910575,continuous rainfall,21.834648033352188
-1.8851545405254972,-1.540072616011254,-0.6670417347713713,-0.07923338351508559,-0.1191481647645008,Read,6.839567090726385
-2.155398400511518,-1.3839190490413338,-0.6491873463376043,-0.0838964150937615,-0.11800145390425315,full,6.530601240352628
-2.155398400511518,-1.3839190490413338,-0.6491873463376043,-0.0838964150937615,-0.11800145390425315,read full,6.530601240352628
-2.2967250897901135,-1.3023803906927411,-0.6392349569218059,-0.08715540810820048,-0.1180668845732604,full story,6.369133162990183
-4.177338004306217,-0.2096063833846542,-0.4585064840560535,-0.21071307862744043,-0.06350315514210204,story ipoh,4.223754472691802
-3.8254113211902716,-0.42185461854110784,-0.5134394869345609,-0.20153794916355228,-0.07573007448468372,perak water,4.627230422178137
-4.079150317547503,-0.26904485515690046,-0.47478099215214364,-0.20821608998147756,-0.06719526359020414,committee,4.336340999591103
-4.079150317547503,-0.26904485515690046,-0.47478099215214364,-0.20821608998147756,-0.06719526359020414,water committee,4.336340999591103
-4.35952592938688,-0.09884028603218398,-0.4261443933572508,-0.2151567924839064,-0.05599591246339296,chairman,4.0148236426592
-4.35952592938688,-0.09884028603218398,-0.4261443933572508,-0.2151567924839064,-0.05599591246339296,committee chairman,4.0148236426592
-4.531389375022512,0.006239636857728215,-0.39277664434519977,-0.21904494340986125,-0.048033368334897714,Datuk,3.817714907853352
-4.531389375022512,0.006239636857728215,-0.39277664434519977,-0.21904494340986125,-0.048033368334897714,chairman datuk,3.817714907853352
-4.621020982714432,0.061276236320406685,-0.3741684805279169,-0.22091996539343028,-0.04349789869779813,Seri,3.7149169458003524
-4.621020982714432,0.061276236320406685,-0.3741684805279169,-0.22091996539343028,-0.04349789869779813,datuk seri,3.7149169458003524
-4.6849748583715165,0.10064565053269381,-0.36034682298785803,-0.22218063836752122,-0.0400858134895799,Mohammad,3.6415712593010734
-4.6849748583715165,0.10064565053269381,-0.36034682298785803,-0.22218063836752122,-0.0400858134895799,seri mohammad,3.6415712593010734
-4.781769594654989,0.16039044736848695,-0.3385124385616628,-0.22394766163958446,-0.03462135293506234,Nizar,3.530570344452915
-4.781769594654989,0.16039044736848695,-0.3385124385616628,-0.22394766163958446,-0.03462135293506234,mohammad nizar,3.530570344452915
-4.836262665787626,0.19410944006149622,-0.3257092583878121,-0.22485817059946545,-0.031375110197360195,Jamaluddin,3.4680862906705427
-4.836262665787626,0.19410944006149622,-0.3257092583878121,-0.22485817059946545,-0.031375110197360195,nizar jamaluddin,3.4680862906705427
-2.298291650252694,-1.2721047871205178,-0.5728024462466166,0.06244329959958872,-0.16081916473232932,said,6.355677082887498
-4.920817794154049,0.2465492087408223,-0.3050702068191505,-0.2261340251150818,-0.02607711961344114,jamaluddin said,3.3711456981685832
-4.9540579661162845,0.2672034738621809,-0.2966877282532683,-0.22658545853115308,-0.02390253947382029,th…,3.3330424050984395
-4.9540579661162845,0.2672034738621809,-0.2966877282532683,-0.22658545853115308,-0.02390253947382029,said th…,3.3330424050984395
-4.984661638367065,0.2862388149208359,-0.28883070476093065,-0.22697397037485684,-0.02185232877756252,+1727,3.297964831872333
-4.984661638367065,0.2862388149208359,-0.28883070476093065,-0.22697397037485684,-0.02185232877756252,th… +1727,3.297964831872333
-5.0183723696030835,0.30722788896702435,-0.2800172702245342,-0.22737019177662132,-0.019538810942187082,+1727 chars,3.2593303328802317
-4.711887767475464,0.15820993962077656,-0.21495326494893963,0.07895940315590733,-0.06423922099811077,Efforts,3.5975206578510353
-4.621207526675175,0.1051539199102649,-0.21878684110083857,0.11487362682481281,-0.07296447286638456,underway,3.7008680148552817
-4.621207526675175,0.1051539199102649,-0.21878684110083857,0.11487362682481281,-0.07296447286638456,efforts underway,3.7008680148552817
-4.403938946648001,-0.02424733305459492,-0.21463321011174222,0.22078447937156337,-0.09542144475847225,manage,3.950278780003299
-4.403938946648001,-0.02424733305459492,-0.21463321011174222,0.22078447937156337,-0.09542144475847225,underway manag+e,3.950278780003299
-4.0814040793614055,-0.22998443140026614,-0.18324626044852696,0.40917784656506084,-0.13275827682157615,manag+e rising,4.328327391637767
-4.2716771262466455,-0.1010520661639076,-0.24646039831446603,0.20978406299471514,-0.10133686007978983,rising water,4.099825623450972
-0.5874120921963755,-2.224824352512774,-0.6164093122455362,0.19397954927055666,-0.14985134858480256,Air,8.299578592450054
-4.205732477749915,-0.14430004139829533,-0.3264768267598504,0.06820557845400481,-0.09287201827723884,level+s air,4.173962999484139
-0.6183992836741794,-2.210179173246567,-0.6224154431764966,0.17776860105557724,-0.14972856169070392,Itam,8.265259343234488
-0.6183992836741794,-2.210179173246567,-0.6224154431764966,0.17776860105557724,-0.14972856169070392,air itam,8.265259343234488
-0.5859057573093907,-2.232254451964201,-0.6316866592819841,0.15965468843945724,-0.15036929241737299,itam dam,8.303656744505787
-2.1620717387956505,-1.3490636399211917,-0.5870089340443547,0.05660356017968836,-0.14333800206890435,GEORGE,6.510731869876174
-3.9673495749420247,-0.2932454091408858,-0.3941087521515745,0.013356382905968814,-0.10266411677559421,dam george,4.44814667357665
-1.7264702796846976,-1.607103263359825,-0.6262641932212971,0.03805636453879142,-0.15376678737951538,TOWN,7.011064340254879
-1.7264702796846976,-1.607103263359825,-0.6262641932212971,0.03805636453879142,-0.15376678737951538,george town,7.011064340254879
-1.1385265773839945,-1.9537536962965305,-0.6664686168211071,0.021540912397749523,-0.17170695592944313,With,7.686462940510166
-1.1385265773839945,-1.9537536962965305,-0.6664686168211071,0.021540912397749523,-0.17170695592944313,town with,7.686462940510166
-0.24612454133164796,-2.4815901243913436,-0.7093426586954418,-0.0003186962768582935,-0.21271786252618938,with continuous,8.713547503778246
-0.46999359021350084,-2.327938364791365,-0.698917424352099,0.01613032131470153,-0.12525354374272363,filling,8.447632386254314
-0.46999359021350084,-2.327938364791365,-0.698917424352099,0.01613032131470153,-0.12525354374272363,rainfall filling,8.447632386254314
-1.5292217123314602,-1.7218194922352819,-0.651544840760853,0.010499026179740988,-0.12312808472516087,filling the,7.237172361203053
-2.1968164037543403,-1.3211308429497581,-0.5721834227497691,0.08452343746931476,-0.13088342948853782,the air,6.4682080726901745
-1.5292217123314602,-1.7218194922352819,-0.651544840760853,0.010499026179740988,-0.12312808472516087,dam the,7.237172361203053
-2.82094204160454,-0.9724692553124084,-0.5529100270658031,-0.00020518748851187235,-0.11090618532132146,brim,5.760072240271569
-2.82094204160454,-0.9724692553124084,-0.5529100270658031,-0.00020518748851187235,-0.11090618532132146,the brim,5.760072240271569
-2.995956760558091,-0.8699703638635912,-0.5350572033606025,-0.002351971596139521,-0.10804176300084858,efforts,5.55991340098949
-2.995956760558091,-0.8699703638635912,-0.5350572033606025,-0.002351971596139521,-0.10804176300084858,brim efforts,5.55991340098949
-3.1884735582155557,-0.7569387649834178,-0.5139352619817226,-0.005042854484454726,-0.104443079453629,efforts are,5.339749510820839
-3.271391643188677,-0.7081633319887115,-0.5043329499721667,-0.00632681109167086,-0.10273458355639473,are being,5.244929831878054
-3.382700187521304,-0.6425998422736874,-0.49094224385304464,-0.00818624119564984,-0.1002782507097294,being made,5.117652778098972
-3.5096316783600026,-0.5678210746832257,-0.4750356043798635,-0.010743475549331118,-0.09774723113245729,control,4.972560994280154
-3.5096316783600026,-0.5678210746832257,-0.4750356043798635,-0.010743475549331118,-0.09774723113245729,made control,4.972560994280154
-1.5292217123314602,-1.7218194922352819,-0.651544840760853,0.010499026179740988,-0.12312808472516087,control the,7.237172361203053
-3.56129935415502,-0.5385175419688051,-0.47034061674486294,-0.01641040736499201,-0.09900655419101875,the increasing,4.913905537879311
-4.098944257005963,-0.2344353631572913,-0.42488294486437683,-0.10425190258474053,-0.08919829312262069,story george,4.304706478480113
-5.004347733577607,0.3180833409597077,-0.23338832863959025,-0.1175157871447637,-0.027043963200997265,Penang,3.268467489271077
-5.0341474311757555,0.3363588753917526,-0.22548043976737758,-0.11789083184693862,-0.024946729591448974,penang water,3.234455606728948
-5.057815159791459,0.35087481256449293,-0.219123930780539,-0.1182129406359244,-0.023243861456390985,Supply,3.20744969398161
-5.057815159791459,0.35087481256449293,-0.219123930780539,-0.1182129406359244,-0.023243861456390985,water supply,3.20744969398161
-5.083506555001338,0.3666324456730883,-0.21214745949282426,-0.1185893503284186,-0.021356979657352365,Corporation,3.17814228153137
-5.083506555001338,0.3666324456730883,-0.21214745949282426,-0.1185893503284186,-0.021356979657352365,supply corporation,3.17814228153137
-5.126527078030179,0.3930186827519777,-0.20028592670584788,-0.11928925505428421,-0.018104572186436046,PBAPP,3.1290853172741153
-5.126527078030179,0.3930186827519777,-0.20028592670584788,-0.11928925505428421,-0.018104572186436046,corporation pbapp,3.1290853172741153
-5.147527971932551,0.40589873222327877,-0.19441357438497328,-0.11966597973686331,-0.016473167275714476,chief,3.1051465600032384
-5.147527971932551,0.40589873222327877,-0.19441357438497328,-0.11966597973686331,-0.016473167275714476,pbapp chief,3.1051465600032384
-5.164482827290831,0.4162967241658371,-0.18963315283971882,-0.1199884611282327,-0.015134475146407256,executive,3.085824287262803
-5.164482827290831,0.4162967241658371,-0.18963315283971882,-0.1199884611282327,-0.015134475146407256,chief executive,3.085824287262803
-5.190832164842873,0.43245469495245414,-0.18213380530448306,-0.12052445081643841,-0.013014758001333199,off…,3.0558039040841796
-5.190832164842873,0.43245469495245414,-0.18213380530448306,-0.12052445081643841,-0.013014758001333199,executive off…,3.0558039040841796
-5.2056130241792875,0.4415176815000321,-0.177889513452322,-0.1208448291024982,-0.011804276413627662,+1075,3.038968203728392
-5.2056130241792875,0.4415176815000321,-0.177889513452322,-0.1208448291024982,-0.011804276413627662,off… +1075,3.038968203728392
-5.219698109053142,0.4501532922054845,-0.1738198890877106,-0.1211640681008929,-0.010636139607731798,+1075 chars,3.022928069747614
-5.387505328504074,0.5422613624789852,-0.16319605719551372,-0.2114550136675749,0.06491175358922924,thwarts,2.8365787643739973
-5.387505328504074,0.5422613624789852,-0.16319605719551372,-0.2114550136675749,0.06491175358922924,rain thwarts,2.8365787643739973
-5.370303370664297,0.5316189788780605,-0.1687431037631592,-0.2113090390170208,0.06439517300176534,thwarts india,2.8561870268919454
-5.356591503398166,0.5231384887062369,-0.17312492929711518,-0.21118693816014023,0.06400220407542057,india and,2.87181937231782
-3.488945117924814,-0.6005686886879604,-0.5422861585153549,-0.1526610280070284,0.012811982654007459,Bangladesh,5.005356463607716
-5.347028433703311,0.5172253660260653,-0.17616033169471074,-0.21109891309220818,0.06373801578855931,and bangladesh,2.882723062011133
-3.679070193774182,-0.48860472894119056,-0.5178936494501081,-0.1584444858558513,0.012902439738276372,Navi,4.788065886143578
-5.3105409869263145,0.494675146860748,-0.1875891545279149,-0.2107430028704887,0.06280469317147491,bangladesh navi,2.9243344520173755
-3.7816308888533134,-0.42807538862443995,-0.5041331984900664,-0.16219201318848386,0.01486172212351869,Mumbai,4.6708851759697385
-3.7816308888533134,-0.42807538862443995,-0.5041331984900664,-0.16219201318848386,0.01486172212351869,navi mumbai,4.6708851759697385
-5.397684200212858,0.5485604743700785,-0.15988720157188024,-0.21153742426047673,0.06522978419102363,mumbai rain,2.824977628009297
-5.258529741920164,0.462561972017576,-0.2034754540884039,-0.21018764215759628,0.061679351756589285,prevents,2.98367251645109
-5.258529741920164,0.462561972017576,-0.2034754540884039,-0.21018764215759628,0.061679351756589285,rain prevents,2.98367251645109
-3.8829592693580857,-0.36817536857914357,-0.4900818808616535,-0.16632317166844363,0.018157042915419197,result,4.555136771703412
-5.219062983886468,0.43821934249842975,-0.21522538696124255,-0.20973531276422042,0.06098690955253597,prevents result,3.0287155531293006
-3.9467731717909804,-0.33036459806963725,-0.48082945372026786,-0.16883354851409704,0.020031695528329424,result between,4.482230772865621
-4.172131256081095,-0.19614146541407695,-0.444890833061496,-0.17591418100724837,0.021871409213829462,between bangladesh,4.224611139594497
-4.272092003161086,-0.13639134635544137,-0.42786260598262005,-0.17941145216736637,0.024075584187456922,bangladesh and,4.110364549755648
-4.041346000374953,-0.2743028351644039,-0.4669536078298807,-0.173286827465436,0.025094364670910613,co-hosts,4.374236786688757
-4.041346000374953,-0.2743028351644039,-0.4669536078298807,-0.173286827465436,0.025094364670910613,and co-hosts,4.374236786688757
-4.3195413675252015,-0.10846589777167082,-0.42162388422453273,-0.18530747217993898,0.03795866132454881,co-hosts india,4.0564677018685416
-3.8649202498642294,-0.37980648917211246,-0.49628359861116694,-0.1729157047631888,0.03886514329528776,india the,4.576359315423866
-1.738642886754561,-1.6136632671470892,-0.6926956799427206,-0.10795714711182296,0.03060601388806683,final,7.00442204724137
-1.738642886754561,-1.6136632671470892,-0.6926956799427206,-0.10795714711182296,0.03060601388806683,the final,7.00442204724137
-3.688266809626027,-0.4845389821511321,-0.521657866281362,-0.1688026749403067,0.04188211882915835,group,4.778419327887111
-3.688266809626027,-0.4845389821511321,-0.521657866281362,-0.1688026749403067,0.04188211882915835,final group,4.778419327887111
-3.558762735651631,-0.5610912388903375,-0.5391219613684828,-0.16600770386477476,0.04478479919681971,stage,4.926557183248514
-3.558762735651631,-0.5610912388903375,-0.5391219613684828,-0.16600770386477476,0.04478479919681971,group stag+e,4.926557183248514
-2.960828936993349,-0.9448311920150081,-0.6267556757666812,-0.203591806482132,-0.07482136121239052,game,5.621866983491853
-3.404641099561255,-0.6519682431726244,-0.5587617554169086,-0.16295462792173138,0.04900319392239566,stag+e game,5.102865551819911
-3.8649202498642294,-0.37980648917211246,-0.49628359861116694,-0.1729157047631888,0.03886514329528776,game the,4.576359315423866
-2.979257577209615,-0.901714860674883,-0.6073363218696695,-0.15629780094679913,0.06499587026116799,Women,5.589574450866611
-2.979257577209615,-0.901714860674883,-0.6073363218696695,-0.15629780094679913,0.06499587026116799,the women,5.589574450866611
-2.5339277223007812,-1.1619527835614964,-0.6508698213127699,-0.15256523757618734,0.08869356026492667,World,6.099342370955146
-2.5339277223007812,-1.1619527835614964,-0.6508698213127699,-0.15256523757618734,0.08869356026492667,women world,6.099342370955146
-2.0092762317323105,-1.4678560142915709,-0.6947024269178732,-0.15309481077623138,0.1258003947691802,Cup,6.700468548267301
-2.0092762317323105,-1.4678560142915709,-0.6947024269178732,-0.15309481077623138,0.1258003947691802,world cup,6.700468548267301
-0.7298739295728369,-2.217769744389439,-0.7775630624512048,-0.17896826540743832,0.2516050143529842,cup persistent,8.17122839017667
-3.116051107739488,-0.8183813736682262,-0.5824699471805745,-0.1375387443751972,0.0020004225594080494,rain has,5.43111776675817
-4.948392234272317,0.27187961722673504,-0.2894802500220637,-0.20630769035824786,0.060055318234412736,has the,3.3379493608510593
-2.4325170106007334,-1.2142225609905184,-0.6422237804980895,-0.11534115833882529,-0.0028291960251731196,say,6.211524119491893
-2.4325170106007334,-1.2142225609905184,-0.6422237804980895,-0.11534115833882529,-0.0028291960251731196,final say,6.211524119491893
-4.478796497849689,-0.01217339879037782,-0.3891968697709822,-0.1852006307227297,0.02513545288886887,prevented,3.8740245357551455
-4.478796497849689,-0.01217339879037782,-0.3891968697709822,-0.1852006307227297,0.02513545288886887,rain prevented,3.8740245357551455
-4.7031431482947355,0.12334203124721799,-0.34318929937981024,-0.19259913421260105,0.031597233364641986,prevented result,3.6176470983118514
-3.116051107739488,-0.8183813736682262,-0.5824699471805745,-0.1375387443751972,0.0020004225594080494,had,5.43111776675817
-3.116051107739488,-0.8183813736682262,-0.5824699471805745,-0.1375387443751972,0.0020004225594080494,rain hab+d,5.43111776675817
-4.948392234272317,0.27187961722673504,-0.2894802500220637,-0.20630769035824786,0.060055318234412736,hab+d the,3.3379493608510593
-4.403361294389401,-0.057539220653409995,-0.40351727152267647,-0.182624204072737,0.023181218720579516,say navi,3.9602379420319185
-4.68791526190752,0.11411490579079242,-0.34648480256868486,-0.19211262405391055,0.03112562430191368,Chasing,3.6350473525649507
-4.832511741036012,0.20190355689075168,-0.31408998969105,-0.19661269757389405,0.035816082818253964,adjusted,3.4698394082122097
-4.832511741036012,0.20190355689075168,-0.31408998969105,-0.19661269757389405,0.035816082818253964,chasing adjusted,3.4698394082122097
-4.922749726020961,0.25688623345587125,-0.2925551642892025,-0.19926251346825619,0.03899844529665619,target,3.3667620902657536
-4.922749726020961,0.25688623345587125,-0.2925551642892025,-0.19926251346825619,0.03899844529665619,adjusted target,3.3667620902657536
-5.01080232349368,0.3106833282987602,-0.27048295803470934,-0.2017022125888132,0.042310380003436426,+1633,3.266205274844778
-5.01080232349368,0.3106833282987602,-0.27048295803470934,-0.2017022125888132,0.042310380003436426,target +1633,3.266205274844778
-5.051304036677651,0.33547661364319836,-0.2599587476350689,-0.20276858340485326,0.04390672602255469,+1633 char+s,3.2199618092700657
-5.89586040663815,0.8305000571109515,0.23103467294832414,0.20803295735461175,0.04209406852616518,Rabi,2.2801742600081045
-5.715584090433892,0.6649173200635339,0.26661924293356665,0.4308216850465427,-0.00864512134015441,pulses,2.5136050008413875
-5.715584090433892,0.6649173200635339,0.26661924293356665,0.4308216850465427,-0.00864512134015441,rabi puls+es,2.5136050008413875
-5.879777960913257,0.8165185583278534,0.23459017637956936,0.2297046667114131,0.03749270184199885,area,2.3006309106227567
-5.879777960913257,0.8165185583278534,0.23459017637956936,0.2297046667114131,0.03749270184199885,puls+es area,2.3006309106227567
-5.70967181843961,0.6592303395584467,0.26764891439350236,0.4374438241266349,-0.01026884973025266,4.5,2.5213809572974917
-5.861797667160104,0.8006644335574384,0.23846557970173132,0.2534845168088254,0.032360415184305186,area 4.5,2.323604646197799
-5.562236428906591,0.5143844016525312,0.29120885784423844,0.590829123970611,-0.049702958837011535,lakh,2.7167511332121403
-5.704144398210474,0.6539028538868046,0.26860490959512573,0.44359951206582066,-0.011784116543651246,4.5 lakh,2.528655838021339
-5.829690725815382,0.7718206384493322,0.24513845953140534,0.2948079671927463,0.023234775181006473,lakh early,2.364875756959121
-5.8131671064592005,0.7567339073899078,0.24845590971524723,0.315525042918002,0.018561064666513666,early sowing,2.3862284732076615
-5.773869711315049,0.7202714592084041,0.25605026223376315,0.3633632728861443,0.007518105885915366,extended,2.437282814887344
-5.773869711315049,0.7202714592084041,0.25605026223376315,0.3633632728861443,0.007518105885915366,the extended,2.437282814887344
-5.726917998145138,0.6757850179454641,0.2646243839046434,0.41801620454277194,-0.005523982120122131,extended monsoon,2.4987146948832946
-5.661542698181832,0.6125252863739763,0.27576704102332517,0.4899283869276392,-0.023370295954690187,monsoon has,2.584877330846453
-5.6107189468497225,0.5625436055718505,0.2838722968218297,0.5427480766177389,-0.03696865463865154,has led,2.652248015195741
-4.93673437920358,-0.1134378886054288,0.36524737832386556,1.0668613946114236,-0.19288224948158933,higher,3.5533049416730877
-5.418089666060209,0.3695563440916889,0.3111492858727072,0.7220436154505833,-0.08614188902730222,led higher,2.909377017267161
-5.509558100223595,0.46167194422679003,0.29879459415403076,0.6407139217578821,-0.06326842643297345,residual,2.7870312051028554
-5.509558100223595,0.46167194422679003,0.29879459415403076,0.6407139217578821,-0.06326842643297345,higher residual,2.7870312051028554
-5.107454378928701,0.056412487488615826,0.3475965053532756,0.9578279111402849,-0.1575083154940965,residual soil,3.325430016969686
-5.293030008832128,0.2431887334782319,0.32668267253523886,0.8237265699066328,-0.11602194049552972,soil moistur+e,3.076938926901489
-5.578070757039409,0.5301564145289319,0.2888523033687228,0.5753627717771478,-0.045569963949278924,moistur+e level+s,2.6956629256446556
-5.664820293892777,0.615727129875377,0.2752284840882876,0.4864324742452744,-0.022484850276536225,level+s and,2.5805430356920986
-5.492648899517254,0.44468804648525984,0.30115226372899706,0.6562367279303744,-0.06756219989490331,seen,2.809623612429913
-5.7194554885758535,0.6686346266537901,0.26594097021113705,0.4264640865893301,-0.007580250845744305,and see+n,2.5085163723073034
-5.748261665432392,0.6961202660363579,0.2607904031561906,0.39349787496310945,0.00038291867116375944,favourable,2.4707355463825893
-5.748261665432392,0.6961202660363579,0.2607904031561906,0.39349787496310945,0.00038291867116375944,see+n favourable,2.4707355463825893
-5.794746577099577,0.7397391049503004,0.25206597662277364,0.33819549037982366,0.013371384609651205,favourable for,2.4101146905178066
-5.807859418915424,0.7518554618896538,0.24950547431600745,0.32210271463249635,0.017063409988055583,farmers,2.393102428548696
-5.807859418915424,0.7518554618896538,0.24950547431600745,0.32210271463249635,0.017063409988055583,for farmer+s,2.393102428548696
-5.8170912489563715,0.7603307817307732,0.24767496636093533,0.3106380392752046,0.019669486060957753,farmer+s take,2.3811509677093152
-5.811655917920847,0.7553464891442501,0.2487555214407614,0.31740159488910563,0.018134472101166532,take the,2.388184877333794
-5.795870061026513,0.7407806886639732,0.2518483823428306,0.33682539954011426,0.01368725383938979,plantings,2.4086554852586524
-5.795870061026513,0.7407806886639732,0.2518483823428306,0.33682539954011426,0.01368725383938979,rabi planting+s,2.4086554852586524
-5.747306550127229,0.6952141093060535,0.2609641895167256,0.39460651153569626,0.00011779129442712755,Also,2.4719857833264296
-5.6794107236711575,0.6299446863717655,0.27280637505401095,0.470733593516625,-0.018531064871006545,also the,2.5612658076265618
-5.563453804283629,0.5155983289855552,0.29102899013420147,0.589647993136912,-0.049386108569821535,the higher,2.7151291532884896
-5.7293165811022755,0.6780789645586416,0.264198621446908,0.4152873344864575,-0.004862057137837078,higher water,2.495566309238624
-5.831234589606511,0.7732222003508273,0.24482455291667748,0.29285351796682924,0.023672295696789053,reservoirs,2.362884442683648
-5.831234589606511,0.7732222003508273,0.24482455291667748,0.29285351796682924,0.023672295696789053,level+s reservoir+s,2.362884442683648
-5.863036602129415,0.8017640698396411,0.2382018260759784,0.25186091897801977,0.0327135989603507,reservoir+s are,2.322018299001086
-5.871823417978875,0.8095326840114245,0.23631738111620082,0.24028272497824704,0.03522045095225626,are see+n,2.3107815803938623
-5.881449394130758,0.8179806384222192,0.23422464246529284,0.22747019710407784,0.0379704769309652,aiding,2.2985007108743023
-5.881449394130758,0.8179806384222192,0.23422464246529284,0.22747019710407784,0.0379704769309652,see+n aiding,2.2985007108743023
-5.6794107236711575,0.6299446863717655,0.27280637505401095,0.470733593516625,-0.018531064871006545,aiding the,2.5612658076265618
-5.898804132896744,0.8330378058160104,0.230374467235531,0.2040242926543428,0.042937251925448616,trend,2.2764397784169663
-5.898804132896744,0.8330378058160104,0.230374467235531,0.2040242926543428,0.042937251925448616,the trend,2.2764397784169663
-5.906664829556036,0.839780725262594,0.22859690951476608,0.193255472760682,0.04519008559101334,Farmers,2.2664830607430853
-5.906664829556036,0.839780725262594,0.22859690951476608,0.193255472760682,0.04519008559101334,trend farmer+s,2.2664830607430853
-5.9158667571479455,0.8476101762915,0.22648860846804986,0.18052894912451184,0.04782938608483234,farmer+s across,2.2548569913759815
-5.933548238132992,0.8624515365095402,0.22235192218059519,0.1557043272721299,0.05290567171247157,country have,2.2326110166724042
-5.937477102041013,0.8657115723847484,0.22141704951679042,0.15012099978736884,0.05403427051901344,planted,2.2276852860632914
-5.937477102041013,0.8657115723847484,0.22141704951679042,0.15012099978736884,0.05403427051901344,have planted,2.2276852860632914
-5.9432826180244165,0.8705027496512691,0.22002493907429221,0.1418253765918057,0.05570223272078614,planted rabi,2.220418717252886
-5.951061809143589,0.8768729463915244,0.21813927460900606,0.1306239311887344,0.05793758760293655,such,2.2107046618624917
-5.951061809143589,0.8768729463915244,0.21813927460900606,0.1306239311887344,0.05793758760293655,puls+es such,2.2107046618624917
-5.955733270455268,0.8806702249743548,0.2169955827601424,0.1238498426879614,0.059280017838616306,chana,2.2048841952416876
-5.955733270455268,0.8806702249743548,0.2169955827601424,0.1238498426879614,0.059280017838616306,such chana,2.2048841952416876
-5.959006700524929,0.8833182818889729,0.21618902813269603,0.11908161829127656,0.060220693694254646,chana and,2.200811504002687
-5.961090169694102,0.8849981469268123,0.2156734503943183,0.11603750560002815,0.06081940051399018,lentils,2.1982218774140145
-5.961090169694102,0.8849981469268123,0.2156734503943183,0.11603750560002815,0.06081940051399018,and lentils,2.1982218774140145
-4.867325984036297,0.24084896594562077,-0.0908318307808578,0.2560677906184469,-0.10690523554421297,about,3.4285185118517147
-5.966455528159614,0.8893039322112871,0.21433770161845855,0.10816503855120638,0.062361099186250435,lentils about,2.191562333995125
-5.969179915805331,0.8914790064009653,0.21365497717680737,0.10414917703416371,0.06314385751147378,about 4.5,2.1881859724526054
-5.973030823493541,0.8945402940261363,0.21268476719687246,0.09845148078914008,0.06425016255370011,hectares,2.183419541740135
-5.973030823493541,0.8945402940261363,0.21268476719687246,0.09845148078914008,0.06425016255370011,lakh hectares,2.183419541740135
-5.976628345396621,0.8973860367112639,0.21177286508777737,0.09310603856818368,0.0652835170066049,hectares till,2.1789732083595332
-5.978528033537327,0.8988831783109363,0.21128915865426867,0.09027448655891969,0.06582911257115023,October,2.1766278524158897
-5.978528033537327,0.8988831783109363,0.21128915865426867,0.09027448655891969,0.06582911257115023,till october,2.1766278524158897
-5.981657165508393,0.901340764716106,0.2104891094463731,0.08559698971082405,0.06672768376762722,october increase,2.172768509304575
-5.983407579940103,0.9027108802937536,0.2100397680818401,0.0829731254383181,0.06723026426257786,2.74,2.1706117460554237
-5.983407579940103,0.9027108802937536,0.2100397680818401,0.0829731254383181,0.06723026426257786,increase 2.74,2.1706117460554237
-5.984106715475976,0.9032571830854882,0.20985993353795052,0.0819236553753984,0.06743098473413656,per,2.169750739371855
-5.984106715475976,0.9032571830854882,0.20985993353795052,0.0819236553753984,0.06743098473413656,2.74 per,2.169750739371855
-5.984653952527552,0.9036844181895438,0.2097190262371248,0.08110161386944621,0.067588088862651,cent,2.169076971860706
-5.984653952527552,0.9036844181895438,0.2097190262371248,0.08110161386944621,0.067588088862651,per cent,2.169076971860706
-5.985323466879912,0.9042066683178294,0.2095464608091353,0.08009519117236064,0.06778028905916095,cent over,2.168252859862126
-5.985977421605731,0.9047163037001158,0.20937772162343116,0.07911141328216856,0.0679680137589771,same,2.167448119077487
-5.985977421605731,0.9047163037001158,0.20937772162343116,0.07911141328216856,0.0679680137589771,over sam+e,2.167448119077487
-5.986616413450806,0.9052138213274881,0.20921266716690545,0.07814943335638327,0.06815143467857765,period,2.1666620005274524
-5.986616413450806,0.9052138213274881,0.20921266716690545,0.07814943335638327,0.06815143467857765,sam+e period,2.1666620005274524
-5.98748693466584,0.9058908784017492,0.2089875270055147,0.07683776127220814,0.06840130159778157,last,2.1655913771291027
-5.98748693466584,0.9058908784017492,0.2089875270055147,0.07683776127220814,0.06840130159778157,period last,2.1655913771291027
-5.988092265346052,0.9063611839492577,0.20883078111541797,0.07592489846936985,0.06857504083902627,last year+s,2.1648471297107728
-5.988801335182719,0.9069115689166811,0.20864697299717683,0.07485478782708346,0.06877854449066817,4.38,2.163975574079938
-5.988801335182719,0.9069115689166811,0.20864697299717683,0.07485478782708346,0.06877854449066817,year+s 4.38,2.163975574079938
-5.9709247235905965,0.8928679671075774,0.2132161396536233,0.10157070526163717,0.06364513245254738,4.38 lakh,2.1860254691227743
-5.99049631992464,0.9082249473912899,0.20820671633233756,0.07229323400766925,0.06926495995726753,Chana…,2.161893221854398
-5.991357927444864,0.9088913361107142,0.20798244719002512,0.07098921712914719,0.0695121923090738,+1687,2.160835271409958
-5.991357927444864,0.9088913361107142,0.20798244719002512,0.07098921712914719,0.0695121923090738,chana… +1687,2.160835271409958
-5.99198603882499,0.9093766052256488,0.20781875301518005,0.0700377777150166,0.0696924131258082,+1687 chars,2.160064267788573
-4.429676795826995,-0.041724603550494344,-0.39858335268835365,-0.183526938463972,0.023851275501089814,Why,3.930162232519675
-4.213675802295495,-0.17118624262994508,-0.43723259775498907,-0.1760204377109349,0.01869949692961778,why new,4.177029987251856
-3.6697599129358682,-0.493939791071317,-0.5184262020449493,-0.15673645864645175,0.008732637685236744,making,4.798599646088284
-3.6697599129358682,-0.493939791071317,-0.5184262020449493,-0.15673645864645175,0.008732637685236744,delhi making,4.798599646088284
-1.7706587510420464,-1.5935339593485165,-0.6846155254109665,-0.09577868064654894,-0.004756917948517819,making rain,6.966754269725276
-3.116051107739488,-0.8183813736682262,-0.5824699471805745,-0.1375387443751972,0.0020004225594080494,artificially,5.43111776675817
-3.116051107739488,-0.8183813736682262,-0.5824699471805745,-0.1375387443751972,0.0020004225594080494,rain artificially,5.43111776675817
-4.454791988337675,-0.02662014962169912,-0.3938131108336153,-0.184384638599489,0.02450237055055876,using,3.90145856850371
-4.454791988337675,-0.02662014962169912,-0.3938131108336153,-0.184384638599489,0.02450237055055876,delhi using,3.90145856850371
-4.584716108988321,0.051694107345109375,-0.36813954643480085,-0.1887505238378931,0.028059563602377158,'cloud,3.752976414785048
-4.584716108988321,0.051694107345109375,-0.36813954643480085,-0.1887505238378931,0.028059563602377158,using 'cloud,3.752976414785048
-4.7031431482947355,0.12334203124721799,-0.34318929937981024,-0.19259913421260105,0.031597233364641986,seeding,3.6176470983118514
-4.7031431482947355,0.12334203124721799,-0.34318929937981024,-0.19259913421260105,0.031597233364641986,'cloud seeding,3.6176470983118514
-4.875081184147174,0.2278225436555763,-0.3040631875781082,-0.19787993639450602,0.037291650256027736,bid,3.4212103310659625
-4.875081184147174,0.2278225436555763,-0.3040631875781082,-0.19787993639450602,0.037291650256027736,seeding sei+d,3.4212103310659625
-4.940330408835151,0.26761591996098466,-0.28823409120990107,-0.1997619745600287,0.03964290221270905,dispel,3.346682692798565
-4.940330408835151,0.26761591996098466,-0.28823409120990107,-0.1997619745600287,0.03964290221270905,sei+d dispel,3.346682692798565
-4.430245958230097,-0.041382426439173114,-0.3984759167768575,-0.18354641852054088,0.023865904394621523,pollution,3.9295117452710766
-4.996239832644141,0.30177623056687874,-0.27420862624024056,-0.20130978912727243,0.0417478849630627,dispel pollution,3.282833844263365
-5.075960688422154,0.35058500914862445,-0.25343242320318177,-0.20339877283503827,0.04490208959388614,pollution but,3.1918131735818864
-5.098985905669327,0.36470373418301016,-0.24725437965329683,-0.20397353394973444,0.04584810838883219,can,3.1655295971633444
-5.098985905669327,0.36470373418301016,-0.24725437965329683,-0.20397353394973444,0.04584810838883219,but can,3.1655295971633444
-5.135863299532984,0.3873363461666379,-0.23718757102304816,-0.20486492320448385,0.047397351058985515,work,3.1234391655673264
-5.135863299532984,0.3873363461666379,-0.23718757102304816,-0.20486492320448385,0.047397351058985515,can work,3.1234391655673264
-5.254933651365412,0.4605762856321165,-0.20316407737079922,-0.20746837997839562,0.05270255033373236,india that,2.9875917694982723
-5.271433274358479,0.4707442198384222,-0.198257288192133,-0.20779231361417344,0.053476229154178934,that time,2.9687749953997464
-5.295994782993576,0.4858885644945099,-0.1908623269059475,-0.20825621547999656,0.054646222785244475,year,2.940768085814279
-5.295994782993576,0.4858885644945099,-0.1908623269059475,-0.20825621547999656,0.054646222785244475,time year,2.940768085814279
-5.310316621610301,0.4947237256633239,-0.18649944335254504,-0.20851625636662807,0.055338730289394844,again,2.924439505075915
-5.310316621610301,0.4947237256633239,-0.18649944335254504,-0.20851625636662807,0.055338730289394844,year again,2.924439505075915
-5.3343403737725605,0.5095512618608875,-0.17909532918193413,-0.20893446721052372,0.05651772567435853,again the,2.8970535648234783
-5.344362146854883,0.5157393692159493,-0.17597441610127368,-0.2091020655588418,0.05701609438558952,capital,2.8856307454502774
-5.344362146854883,0.5157393692159493,-0.17597441610127368,-0.2091020655588418,0.05701609438558952,the capital,2.8856307454502774
-5.3343403737725605,0.5095512618608875,-0.17909532918193413,-0.20893446721052372,0.05651772567435853,capital the,2.8970535648234783
-5.37884068953427,0.5370402287001945,-0.16508954096191744,-0.20964647603076186,0.058760750930037214,worlds,2.8463393620974493
-5.37884068953427,0.5370402287001945,-0.16508954096191744,-0.20964647603076186,0.058760750930037214,the worlds,2.8463393620974493
-5.393457157783947,0.5460755292913395,-0.16040476308777277,-0.209861657152224,0.05951471988782872,most,2.8296861572379215
-5.393457157783947,0.5460755292913395,-0.16040476308777277,-0.209861657152224,0.05951471988782872,worlds most,2.8296861572379215
-5.403393469118935,0.552219476500124,-0.15719569130648317,-0.21000243605451546,0.06003225072459695,populous,2.818366540068258
-5.403393469118935,0.552219476500124,-0.15719569130648317,-0.21000243605451546,0.06003225072459695,most populous,2.818366540068258
-5.420316101404964,0.562686437568455,-0.15168435250416057,-0.2102316842894248,0.06092307659056789,nation,2.7990904385789106
-5.420316101404964,0.562686437568455,-0.15168435250416057,-0.2102316842894248,0.06092307659056789,populous nation,2.7990904385789106
-5.4344138567336095,0.5714091073741148,-0.14704826357007572,-0.21041229188639254,0.061674385451184255,nation when,2.7830345164505856
-5.44771099462982,0.5796387959619194,-0.1426376741019216,-0.21057376556495921,0.06239079987896695,million,2.767892524222899
-5.44771099462982,0.5796387959619194,-0.1426376741019216,-0.21057376556495921,0.06239079987896695,when million,2.767892524222899
-5.460281074502396,0.5874205690427878,-0.13843410085270938,-0.21071829055435704,0.0630750787671493,million people,2.753580405754794
-5.47073430268751,0.5938933461104534,-0.13491286795879479,-0.210832332225392,0.06364939798649177,cough,2.7416799866040904
-5.47073430268751,0.5938933461104534,-0.13491286795879479,-0.210832332225392,0.06364939798649177,people cough,2.7416799866040904
-5.47931958757096,0.5992104503658158,-0.1320033340575256,-0.2109217406193073,0.06412471259475194,cough and,2.731907149289453
-5.4848625413585115,0.6026438152769746,-0.13011637648434565,-0.21097739648574088,0.06443334342716356,splutter,2.725597975527659
-5.4848625413585115,0.6026438152769746,-0.13011637648434565,-0.21097739648574088,0.06443334342716356,and splutt+er,2.725597975527659
-5.496840239138532,0.6100641330573624,-0.1260160099371194,-0.21109202825764461,0.06510499756792715,through,2.7119659438109096
-5.496840239138532,0.6100641330573624,-0.1260160099371194,-0.21109202825764461,0.06510499756792715,splutt+er through,2.7119659438109096
-5.506952748482638,0.6163301917157724,-0.12252960983127897,-0.2111827096398381,0.06567715431798182,toxic,2.7004582197548275
-5.506952748482638,0.6163301917157724,-0.12252960983127897,-0.2111827096398381,0.06567715431798182,through toxic,2.7004582197548275
-5.5142315723225845,0.620841085562541,-0.12000611350372356,-0.2112444615494274,0.06609190109257371,toxic pollution,2.692176014962476
-5.525824312872755,0.6280265798793474,-0.11596253629253561,-0.21133662125611102,0.06675754996827457,pollution for,2.6789867666646034
-5.530284400370376,0.6307914266269925,-0.11439877285809566,-0.2113700229371498,0.06701532764214466,weeks,2.673912967881929
-5.530284400370376,0.6307914266269925,-0.11439877285809566,-0.2113700229371498,0.06701532764214466,for week+s,2.673912967881929
-5.53997493562988,0.6367993470550659,-0.11098555792317527,-0.2114385972378114,0.06757865896610327,end,2.6628900147964343
-5.53997493562988,0.6367993470550659,-0.11098555792317527,-0.2114385972378114,0.06757865896610327,week+s end,2.6628900147964343
-3.4178259007136784,-0.4094102184670092,0.9824091140949661,-0.03217709121795355,-0.11946694985278067,These,5.104629219737134
-5.552206032107172,0.6443836304348687,-0.10664676224859945,-0.2115172044545212,0.06829609899894962,these days,2.648979192798981
-5.564649401919835,0.652100922372576,-0.10219707590093605,-0.21158788455802224,0.06903343680482987,+4356,2.6348293138924856
-5.564649401919835,0.652100922372576,-0.10219707590093605,-0.21158788455802224,0.06903343680482987,days +4356,2.6348293138924856
-5.570132821589276,0.6555021224310249,-0.10022472749075079,-0.21161600111308893,0.06936077041423488,+4356 char+s,2.628594663906509
-3.206180269252414,-0.7291062839714613,-0.4354981197855968,0.16013938374926645,-0.15968678592182445,men,5.313634657900098
-3.178362736556898,-0.7423168402668505,-0.42089412379172886,0.19860668805304016,-0.1635321103434489,after,5.3447354412497665
-4.627227237661415,0.10721747146057137,-0.2297071868801834,0.08899497466882865,-0.0847403253643717,m+en after,3.693868318303981
-3.1285127071586096,-0.7693013894391956,-0.40971983209435553,0.2350113649579474,-0.16764801865529527,after being,5.401381107981874
-2.063229166919081,-1.3801096119333454,-0.4303759135604387,0.4079990066280609,-0.21109228186341722,trapped,6.617637719275426
-3.045940037843086,-0.8157429204326823,-0.3954815775299688,0.2852408525084878,-0.1739236994833026,being trapped,5.495849494915968
-2.7381914134388428,-1.0390553984329114,-0.2400328660804476,0.6592556295683953,-0.22907848090325447,trapped flooded,5.875761106179893
-0.5117213161989413,-2.2677735451696317,-0.5658110310803907,0.30570603535854224,-0.23464731757120422,basements,8.386509107195698
-2.87880995785393,-0.9128297070093283,-0.37308988264593457,0.3702713302406883,-0.1823584742358445,flooded basements,5.688341090930942
-1.3922739194470228,-1.7569964181893587,-0.5119623451551714,0.3348257416691484,-0.18070922576245055,during,7.378873395701272
-3.0022338178286487,-0.8404189307675538,-0.4160990649824652,0.25301694916074047,-0.16190806589657555,basements during,5.544926452360382
-4.183345288077945,-0.15770138822257707,-0.3345006963836086,0.060094535605222495,-0.08613437486161127,during thursday,4.199532011632452
-4.0035030680677055,-0.2684457186682181,-0.38508558672959214,0.02021754301065551,-0.08107369763404337,thursday storm,4.405933188816856
-2.8026127860742527,-0.9574623095312105,-0.47276695843299477,0.17988018397942201,-0.135004916859196,person,5.77227742628871
-3.781563562294668,-0.4026162298376632,-0.43042289645191134,0.00034346048780553237,-0.07790208564410929,storm person,4.660340051171256
-3.463176196156497,-0.5925829458181688,-0.48225385103677476,-0.011836405206967729,-0.07455701308450512,walks,5.024938712346957
-3.463176196156497,-0.5925829458181688,-0.48225385103677476,-0.011836405206967729,-0.07455701308450512,person walks,5.024938712346957
-2.552116086546759,-1.1266103955542253,-0.5873033993282332,-0.016128027353469875,-0.06625038857068155,walks the,6.06689345330273
-1.3884461990157257,-1.795613642324144,-0.668308044277223,-0.005163515500561596,-0.05539821506119758,the rain,7.395910462092205
-4.246145209144677,-0.11790624735601818,-0.30486515261505304,0.09797605364981543,-0.09095881843447255,rain during,4.127448909954802
-3.4112721371195507,-0.6294048542649748,-0.502122013278639,-0.04076523978828525,-0.07796433162565548,during heavy,5.086510448120194
-3.7225652046646687,-0.44726507018263595,-0.46167232661079316,-0.048981548183564316,-0.08355672852212964,downpour,4.731140823310162
-3.7225652046646687,-0.44726507018263595,-0.46167232661079316,-0.048981548183564316,-0.08355672852212964,heavy downpour,4.731140823310162
-4.077311325204344,-0.23941686523025174,-0.40964318216346185,-0.062065066622906326,-0.09369394839176655,downpour oct,4.326515101153018
-4.302883468067465,-0.10806551517746543,-0.3738243582740715,-0.07526003690727716,-0.10636096920632968,2025 new,4.069775129736822
-4.347755188291568,-0.08224503011501683,-0.3666267091412051,-0.07888059965441753,-0.11042263077375437,York,4.018833907720553
-4.347755188291568,-0.08224503011501683,-0.3666267091412051,-0.07888059965441753,-0.11042263077375437,new york,4.018833907720553
-4.395255081923986,-0.05517846037409835,-0.3591030250475071,-0.08338742181343771,-0.11589966738537344,City,3.965008595046927
-4.395255081923986,-0.05517846037409835,-0.3591030250475071,-0.08338742181343771,-0.11589966738537344,york city,3.965008595046927
-3.4983307940796182,-0.5787665524693542,-0.4535859735163472,0.03642597673847701,-0.17996663052505096,FDNY,4.986637536638764
-4.500628924153716,0.0020394236134202437,-0.34412655392268127,-0.09921481388478538,-0.13942929351419445,fdny and,3.8466030691912514
-4.50106511312311,0.000443228833241438,-0.34570830371498873,-0.10317842460123926,-0.14601053196543937,NYPD,3.8467401322565613
-4.50106511312311,0.000443228833241438,-0.34570830371498873,-0.10317842460123926,-0.14601053196543937,and nypd,3.8467401322565613
-4.445463061009855,-0.03554313636371309,-0.3593795575117643,-0.10809110321672989,-0.15312092137210623,responders,3.9111927118373897
-4.445463061009855,-0.03554313636371309,-0.3593795575117643,-0.10809110321672989,-0.15312092137210623,nypd responders,3.9111927118373897
-4.289983276565572,-0.13636924449075583,-0.39502709542313963,-0.11980404185328734,-0.17410575397767367,pulled,4.091669019928946
-4.289983276565572,-0.13636924449075583,-0.39502709542313963,-0.11980404185328734,-0.17410575397767367,responders pulled,4.091669019928946
-4.151939465737893,-0.22595960045735497,-0.42338684610660504,-0.12718724359809663,-0.19428541287742523,both,4.252127313835841
-4.151939465737893,-0.22595960045735497,-0.42338684610660504,-0.12718724359809663,-0.19428541287742523,pulled both,4.252127313835841
-4.0188324710541075,-0.3122840918141163,-0.4478280061630986,-0.13138570245506231,-0.21520919292680984,both victims,4.406977785686896
-3.6833265100709616,-0.5343516963261736,-0.5044417392357059,-0.14543578325745732,-0.27547989209411783,victims from,4.799673585215291
-1.0660702738945993,-2.3837211573805734,-0.7389478273499428,-0.2807440138934566,-0.7986399344593196,waterlogged,7.934064842193412
-3.2083337979810276,-0.8597561337951807,-0.5726349443964988,-0.170722795576275,-0.37416382841790663,from waterlogged,5.361530775600695
-3.436792228011887,-0.6513538041561979,-0.5269590005715836,-0.11123584999131582,-0.1921587801078968,waterlogged basements,5.070659642078656
-2.682727184140429,-1.0733631666380887,-0.5986074057476026,-0.0735837490076618,-0.12270029245235602,basements heavy,5.92582858460536
-1.2516974767365125,-1.8886312439938062,-0.6895690061608442,-0.039404073567424466,-0.08689041344738506,heavy rain,7.557636574927097
-2.6000286336047145,-1.1152586622786225,-0.6014159890249395,-0.06066185953722002,-0.1045521828668098,overwhelmed,6.018100016570398
-2.6000286336047145,-1.1152586622786225,-0.6014159890249395,-0.06066185953722002,-0.1045521828668098,rain overwhelmed,6.018100016570398
-3.5934955872716365,-0.5313908111957737,-0.48729635540692706,-0.06510576581645479,-0.11210745564875162,overwhelmed part+s,4.881348646165303
-3.1180767619282266,-0.7911245495553301,-0.482073354279861,0.08175768434351607,-0.1610463769393347,officials,5.417465743125277
-4.142325425073831,-0.19972016219501176,-0.3909020099899855,-0.04678533130842154,-0.10972548683560036,city officials,4.251746258585629
-4.2954788070436205,-0.10514707482817576,-0.3555041795478097,-0.03192788231334823,-0.10778013608103482,officials said,4.075692503905714
-4.462696114566226,0.00014335706142398763,-0.306088976724579,0.0023119950947365527,-0.10571558488380324,Two,3.883116823797341
-4.462696114566226,0.00014335706142398763,-0.306088976724579,0.0023119950947365527,-0.10571558488380324,more two,3.883116823797341
-4.4898488813144235,0.017631127572393268,-0.2955650554230918,0.012662333564040822,-0.1056321582584584,two m+en,3.8517850685911528
-4.512969079464466,0.032702447527441336,-0.2852367459391139,0.02425266102344036,-0.1057703953359922,died,3.8250837661345742
-4.512969079464466,0.032702447527441336,-0.2852367459391139,0.02425266102344036,-0.1057703953359922,m+en died,3.8250837661345742
-4.536194873682534,0.048130719956164913,-0.2724244423041971,0.04093753652647843,-0.10633260567238416,died after,3.7982328542591057
-4.5208772248551465,0.04305268905248649,-0.20282629963845164,0.1939010307867518,-0.12238704457693629,separate,3.8168565580325966
-4.5208772248551465,0.04305268905248649,-0.20282629963845164,0.1939010307867518,-0.12238704457693629,trapped separat+e,3.8168565580325966
-4.271060235295376,-0.12716142296962762,-0.13816197683483486,0.42767785895404986,-0.1625877402495057,separat+e flooded,4.11627195854112
-4.796267457760036,0.20646671487450674,-0.19107283626490568,0.0861548892950532,-0.09638666562614503,Thursdays,3.5019114954577812
-4.796267457760036,0.20646671487450674,-0.19107283626490568,0.0861548892950532,-0.09638666562614503,during thursdays,3.5019114954577812
-4.867183091209764,0.24777578012566903,-0.19015872218696137,0.05088741601903496,-0.08866328871623028,thursdays storm,3.4211480297567034
-4.9075658870288095,0.2712287434339993,-0.18838029867427356,0.032834014157670836,-0.08436475014348457,according,3.37525768350932
-4.9075658870288095,0.2712287434339993,-0.18838029867427356,0.032834014157670836,-0.08436475014348457,storm according,3.37525768350932
-4.970008664530252,0.30750778090266384,-0.18390507874439374,0.007669970990580373,-0.077794879228905,according officials,3.3043868758927264
-5.0391018209475655,0.34777712471892297,-0.17668361260978863,-0.01665713947302215,-0.07053747856938047,the fdny,3.2260381447668953
-5.045613443971936,0.35218026622741405,-0.17206606936829236,-0.01066165474767767,-0.07039044123245261,fdny said,3.2185443519624064
-5.052071648042277,0.3569603908882837,-0.16413274604371636,0.0023668586295055027,-0.07071783180959769,said received,3.2110661709743615
-5.055862780521224,0.36039398370558096,-0.15280238672007673,0.02408057196238258,-0.07188029923501862,call,3.206674862786212
-5.055862780521224,0.36039398370558096,-0.15280238672007673,0.02408057196238258,-0.07188029923501862,received call,3.206674862786212
-5.055172644357948,0.36044846963488175,-0.1473675888792841,0.03593134495323821,-0.07277036003225162,call around,3.20748417367763
-5.050881357237347,0.3584169801008892,-0.13927365120818858,0.05543602724241008,-0.07454134254716979,4:25,3.2125013608600828
-5.050881357237347,0.3584169801008892,-0.13927365120818858,0.05543602724241008,-0.07454134254716979,around 4:25,3.2125013608600828
-5.044745688620376,0.3549900811547544,-0.13299368207847803,0.07214772923142992,-0.07630610188649384,p.m,3.219687738973035
-5.044745688620376,0.3549900811547544,-0.13299368207847803,0.07214772923142992,-0.07630610188649384,4:25 p.m,3.219687738973035
-5.008774176212478,0.33279200915424023,-0.113088246199081,0.13410632888013851,-0.08426482624560432,about person,3.262067158603131
-4.965549557262436,0.3043739698560186,-0.09798553276574695,0.18922453646467263,-0.09264027078915145,person trapped,3.3134286024953354
-4.991084629196852,0.3181668156342048,-0.08412558364817935,0.20352187493770324,-0.09166892315121286,+1679,3.2854653749988065
-4.991084629196852,0.3181668156342048,-0.08412558364817935,0.20352187493770324,-0.09166892315121286,flooded +1679,3.2854653749988065
-5.050563597188653,0.35664025061961335,-0.0923705407796804,0.15310636193990146,-0.0820467152938269,+1679 char+s,3.215641034716992
-3.148861060635827,-0.5489116858174157,1.2429228694210561,-0.10145481462355686,-0.14439685342639394,Sponge,5.429355581449263
-0.6023591616985406,-1.9159940686668806,1.5485060621613278,-0.0595076322084957,-0.18892986799666495,parks,8.332197560870394
-0.6023591616985406,-1.9159940686668806,1.5485060621613278,-0.0595076322084957,-0.18892986799666495,sponge parks,8.332197560870394
-2.0936515547434,-1.1347086848233165,1.380895103858224,-0.014371311184803386,-0.17985570521850852,Rupnagar,6.640471686709507
-3.1805141101153716,-0.5414726949489492,1.2389218892927105,-0.062311245790900985,-0.14887174218339988,parks rupnagar,5.396832098909058
-2.0353874575980084,-1.1767188945430522,1.3887180937038095,0.020868141395610357,-0.18635575522338216,Kahilipara,6.711170777395264
-3.166678891259574,-0.5576522710990495,1.2409937146336594,-0.028782434480427083,-0.15397782686770037,rupnagar kahilipara,5.415965463970324
-3.068191057558625,-0.6329730590593172,1.2544570903716838,0.0479161567477617,-0.16801157641233647,help,5.537103780930343
-3.068191057558625,-0.6329730590593172,1.2544570903716838,0.0479161567477617,-0.16801157641233647,kahilipara help,5.537103780930343
-2.9815960035679376,-0.6954594939637277,1.2658612839873844,0.09621965768258942,-0.1778329721921218,mitigate,5.642256061951017
-2.9815960035679376,-0.6954594939637277,1.2658612839873844,0.09621965768258942,-0.1778329721921218,help mitigate,5.642256061951017
-2.488174283050414,-1.0487583532975102,1.3260878472966264,0.3094902569894001,-0.2263515256964605,mitigate flooding,6.241045016379539
-0.4232720834327237,-2.0754605143842695,1.5748468506108435,0.12365281513679087,-0.22176602042752253,Guwahati,8.562071842871152
-3.078733080847342,-0.6361760799635015,1.2524785635491447,0.07512140377301954,-0.17182615298243306,flooding guwahati,5.528531669014272
-4.579058443771874,0.183078113357392,0.9826194678541048,0.033132086051811484,-0.09894083805360582,guwahati guwahati,3.8055097561954243
-3.3393385585805024,-0.46646569472697985,1.2159127168013728,-0.024665732073267395,-0.1493203955141077,pioneering,5.219373859999055
-3.3393385585805024,-0.46646569472697985,1.2159127168013728,-0.024665732073267395,-0.1493203955141077,guwahati pioneering,5.219373859999055
-3.2906985519087106,-0.49936223481044717,1.2228658850249254,2.0789096836372478e-05,-0.15434846317427878,sponge,5.277521690112424
-3.2906985519087106,-0.49936223481044717,1.2228658850249254,2.0789096836372478e-05,-0.15434846317427878,pioneering sponge,5.277521690112424
-3.102632565870895,-0.6270617224361179,1.2487870952685753,0.08615519233756898,-0.17281303817887808,nature-based,5.502694286548373
-3.102632565870895,-0.6270617224361179,1.2487870952685753,0.08615519233756898,-0.17281303817887808,parks nature-based,5.502694286548373
-2.488174283050414,-1.0487583532975102,1.3260878472966264,0.3094902569894001,-0.2263515256964605,nature-based flood,6.241045016379539
-2.8794958010601235,-0.7776078445270969,1.2781462805078427,0.17023532985073359,-0.1924456669276839,mitigation,5.769674850937438
-2.8794958010601235,-0.7776078445270969,1.2781462805078427,0.17023532985073359,-0.1924456669276839,flood mitigation,5.769674850937438
-3.065058432697402,-0.6426431510082673,1.254489670427192,0.07251506332556584,-0.17182337566772332,strategy,5.5438048808195886
-3.065058432697402,-0.6426431510082673,1.254489670427192,0.07251506332556584,-0.17182337566772332,mitigation strategy,5.5438048808195886
-4.825287005965286,0.3387217566112688,0.9293208412485742,-0.06418930869650438,-0.07027981723401411,strategy rupnagar,3.5141940122496824
-4.172864371680438,-0.02557405123777934,1.0746438269847158,-0.0034639662471228627,-0.11828012798500864,rupnagar and,4.26843149474387
-4.77438050570481,0.30608735888686955,0.9404666994728091,-0.03952667243532597,-0.07677849151862076,and kahilipara,3.574547394090874
-3.842204809097548,-0.22857023576088986,1.1310941320310817,0.08297537422207801,-0.14560089185205327,engineered,4.6566209872780995
-3.842204809097548,-0.22857023576088986,1.1310941320310817,0.08297537422207801,-0.14560089185205327,these engineered,4.6566209872780995
-3.201129053165258,-0.6750175631590367,1.2192605316511282,0.3349193958347414,-0.2099684683608965,wetlands,5.4300658080918325
-3.201129053165258,-0.6750175631590367,1.2192605316511282,0.3349193958347414,-0.2099684683608965,engineered wetland+s,5.4300658080918325
-3.6588400484421753,-0.3137468530814087,1.1646149611919148,0.039856940235712186,-0.14712230506213142,designed,4.861386627873375
-3.6588400484421753,-0.3137468530814087,1.1646149611919148,0.039856940235712186,-0.14712230506213142,wetland+s designed,4.861386627873375
-3.686202207908863,-0.26489897983250454,1.1631283329265747,-0.08984613413429288,-0.12857457592017052,AUKH,4.817331507720251
-3.686202207908863,-0.26489897983250454,1.1631283329265747,-0.08984613413429288,-0.12857457592017052,designed aukh,4.817331507720251
-3.5068759014715276,-0.4381659205372692,1.1831459249460425,0.1661885671866007,-0.17153257656985502,aukh and,5.051694458220462
-3.6086531277815412,-0.292983126602512,1.1751502299637395,-0.15329749105624996,-0.12333388672818457,implemented,4.901039006191242
-3.6086531277815412,-0.292983126602512,1.1751502299637395,-0.15329749105624996,-0.12333388672818457,and implemented,4.901039006191242
-3.3286136376588624,-0.4266019172503621,1.2138352943112296,-0.2440367497959266,-0.12114548544317799,GMDA,5.214885724936545
-3.3286136376588624,-0.4266019172503621,1.2138352943112296,-0.2440367497959266,-0.12114548544317799,implemented gmda,5.214885724936545
-2.930280182209133,-0.6283446356388,1.2633400137521846,-0.31849994068337584,-0.12247475274458908,absorb,5.665130731123305
-2.930280182209133,-0.6283446356388,1.2633400137521846,-0.31849994068337584,-0.12247475274458908,gmda absorb,5.665130731123305
-3.5068759014715276,-0.4381659205372692,1.1831459249460425,0.1661885671866007,-0.17153257656985502,absorb and,5.051694458220462
-2.0784636438493207,-1.0692704674249556,1.3570451996574429,-0.433845493544461,-0.12396787787325916,release,6.630530368424303
-2.0784636438493207,-1.0692704674249556,1.3570451996574429,-0.433845493544461,-0.12396787787325916,and release,6.630530368424303
0.0017458822265661311,-2.16318386180382,1.5571427459803133,-0.6412740898999317,-0.11420774143453294,release rainwater,8.99249156466739
-2.183101999885473,-1.0277257616317903,1.3570172760185404,-0.28757955730413787,-0.13992289680440714,improving,6.5159654988742615
-2.183101999885473,-1.0277257616317903,1.3570172760185404,-0.28757955730413787,-0.13992289680440714,rainwater improving,6.5159654988742615
-2.2416781939336303,-1.080891236340964,1.3639449379721773,0.06445261219207846,-0.1897514015042459,improving groundwater,6.481891202131843
-3.5068759014715276,-0.4381659205372692,1.1831459249460425,0.1661885671866007,-0.17153257656985502,groundwater and,5.051694458220462
-3.3934213405636617,-0.40865678703297137,1.2073429653390342,-0.1478740763853833,-0.1311065763438821,urban,5.146872077023702
-3.3934213405636617,-0.40865678703297137,1.2073429653390342,-0.1478740763853833,-0.1311065763438821,and urban,5.146872077023702
-3.581320012571081,-0.30534115560531205,1.17917455872343,-0.1649380111517172,-0.12283399181481924,ecosystems,4.931434557526842
-3.581320012571081,-0.30534115560531205,1.17917455872343,-0.1649380111517172,-0.12283399181481924,urban ecosystem+s,4.931434557526842
-3.8519393532285173,-0.15812000558532802,1.1364236618984318,-0.18284810656751643,-0.11070063995640261,This…,4.62157710815824
-4.071248860689532,-0.03976010489869197,1.0992686340065552,-0.19290463229013433,-0.10028889889844839,News,4.370622641126936
-4.071248860689532,-0.03976010489869197,1.0992686340065552,-0.19290463229013433,-0.10028889889844839,this… news,4.370622641126936
-2.3759385963305473,-0.9458558794418326,1.3410447402540226,-0.16760858236490883,-0.15261895953149357,/li,6.304147251156561
-4.1341767124146465,-0.005910450107762033,1.088087885015839,-0.1952289489978462,-0.09715175991486297,news /li,4.298614917447931
-4.231107597008698,0.044819507304018735,1.0702301264950815,-0.1898259928512272,-0.0931052133338279,/li sponge,4.1881126349029625
-4.1341767124146465,-0.005910450107762033,1.088087885015839,-0.1952289489978462,-0.09715175991486297,guwahati /li,4.298614917447931
-4.595383669873626,0.2226841171978884,0.9905695508731666,-0.09799201099737587,-0.08270923456010754,/ul,3.7762465076735294
-4.595383669873626,0.2226841171978884,0.9905695508731666,-0.09799201099737587,-0.08270923456010754,/li /ul,3.7762465076735294
-4.456899861433956,0.1352888862343724,1.0177065341771896,-0.03721518517243527,-0.09830407546332134,/ul guwahati,3.939679461768408
-4.832815842082301,0.34670331529356413,0.9293073420082943,-0.08350411147490013,-0.0676618003343509,Rupnagar…,3.5042739922106185
-4.832815842082301,0.34670331529356413,0.9293073420082943,-0.08350411147490013,-0.0676618003343509,strategy rupnagar…,3.5042739922106185
-4.882867672974827,0.3780111232461285,0.9178675207120918,-0.10737280961604077,-0.06134124433710805,+1843,3.4452443780018274
-4.882867672974827,0.3780111232461285,0.9178675207120918,-0.10737280961604077,-0.06134124433710805,rupnagar… +1843,3.4452443780018274
-4.9055257535790115,0.39185740679842707,0.9124554291514396,-0.11709135527956231,-0.0585817061391702,+1843 char+s,3.4186309014659826
-5.923780342298247,0.8542863767184452,0.2246513001404079,0.16947915209666586,0.05010066963821996,Early,2.2448849645820834
-5.9180984650533945,0.8494983536426044,0.22597275596777922,0.1774226944723381,0.04846978166564134,Release,2.252042284022088
-5.9180984650533945,0.8494983536426044,0.22597275596777922,0.1774226944723381,0.04846978166564134,early release,2.252042284022088
-5.909692611525539,0.8423646396069315,0.22790649711462718,0.18908236559203323,0.04605828481066515,Articles,2.262654080524224
-5.909692611525539,0.8423646396069315,0.22790649711462718,0.18908236559203323,0.04605828481066515,release articles,2.262654080524224
-5.89749928257906,0.8319137487949644,0.23066747785748953,0.2058028065091737,0.04256346502086736,Calcium,2.2780947559253555
-5.89749928257906,0.8319137487949644,0.23066747785748953,0.2058028065091737,0.04256346502086736,articles calcium,2.2780947559253555
-5.88595283869419,0.8219097649477798,0.23323519915115054,0.22142922702195833,0.039258304735619004,Signaling,2.292765922460286
-5.88595283869419,0.8219097649477798,0.23323519915115054,0.22142922702195833,0.039258304735619004,calcium signaling,2.292765922460286
-5.86208002356373,0.800915134965785,0.2384055116727336,0.25311468773211787,0.032440900378315124,Migrating,2.3232430712350096
-5.86208002356373,0.800915134965785,0.2384055116727336,0.25311468773211787,0.032440900378315124,signaling migrating,2.3232430712350096
-5.278812989507021,0.22882955080640244,0.32836572001475617,0.8346640833447017,-0.11931859978136078,Neutrophils,3.095991231051565
-5.836556799804569,0.7780429433676612,0.24373713996611057,0.2860909801378052,0.025181624670041758,migrating neutrophils,2.3560247984349685
-5.836556799804569,0.7780429433676612,0.24373713996611057,0.2860909801378052,0.025181624670041758,neutrophils neutrophils,2.3560247984349685
-5.267189799381779,0.217094042706937,0.32973053210159997,0.8435182662944672,-0.12199886356361916,neutrophils are,3.111566712108278
-5.044987169933257,-0.0060011228406251504,0.3542017645782666,0.9991542412513745,-0.17074829982207396,highly,3.408912588556224
-5.044987169933257,-0.0060011228406251504,0.3542017645782666,0.9991542412513745,-0.17074829982207396,are highly,3.408912588556224
-5.327602300107619,0.278122702675182,0.3225242367009291,0.7966219367193819,-0.10792076404633044,motile,3.030606602097227
-5.327602300107619,0.278122702675182,0.3225242367009291,0.7966219367193819,-0.10792076404633044,highly motile,3.030606602097227
-5.414041967948118,0.36546961935896083,0.311674767720695,0.7254987653072167,-0.08713407799250594,white,2.914797191430143
-5.414041967948118,0.36546961935896083,0.311674767720695,0.7254987653072167,-0.08713407799250594,motile white,2.914797191430143
-5.448821886425782,0.40056310721934385,0.3071036635925227,0.6954245326925996,-0.07855339309527304,blood,2.8682378554453196
-5.448821886425782,0.40056310721934385,0.3071036635925227,0.6954245326925996,-0.07855339309527304,white blood,2.8682378554453196
-5.465983730553374,0.4178571449407491,0.30479966940449255,0.6802551976578979,-0.07427316315245219,cells,2.8452769255180836
-5.465983730553374,0.4178571449407491,0.30479966940449255,0.6802551976578979,-0.07427316315245219,blood cells,2.8452769255180836
-5.471460000838748,0.42337169540133135,0.3040574275260435,0.6753675871859514,-0.0729009343446324,cells that,2.837952403707564
-5.4687428776328275,0.4206358319278638,0.3044261335322931,0.677795518307287,-0.07358217223186164,protect,2.84158641957138
-5.4687428776328275,0.4206358319278638,0.3044261335322931,0.677795518307287,-0.07358217223186164,that protect,2.84158641957138
-5.450941271098226,0.40269974743503556,0.3068209169548175,0.6935632102706901,-0.07802646272075839,our,2.8654017833115537
-5.450941271098226,0.40269974743503556,0.3068209169548175,0.6935632102706901,-0.07802646272075839,protect our,2.8654017833115537
-5.434928542468859,0.38655089968822387,0.30894503442916654,0.7075437319415125,-0.08199609005547778,body,2.886832740626957
-5.434928542468859,0.38655089968822387,0.30894503442916654,0.7075437319415125,-0.08199609005547778,our body,2.886832740626957
-4.599188732287764,-0.013469571676527403,-0.0021068503332580257,0.5502011041922256,-0.5153389732228507,against,3.7752570057691335
-5.406151936202227,0.3575019857528343,0.31269430890282424,0.7322004740916773,-0.08906325307403226,body agains+t,2.925363560875293
-5.328249813227171,0.2787771354815245,0.32244543047283314,0.7961072689185487,-0.10776788579994795,bacterial,3.029738840544672
-5.328249813227171,0.2787771354815245,0.32244543047283314,0.7961072689185487,-0.10776788579994795,agains+t bacterial,3.029738840544672
-5.246253479172061,0.19596600563377353,0.3321644238997007,0.8592717794182014,-0.12679301350873767,bacterial and,3.1396194487878706
-4.765421572838397,-0.28134586304229714,0.3819014382297642,1.1651474239487813,-0.22594719687403308,fungal,3.7809673467179303
-4.765421572838397,-0.28134586304229714,0.3819014382297642,1.1651474239487813,-0.22594719687403308,and fungal,3.7809673467179303
-4.771967417798374,-0.2749804434445986,0.38128052824938097,1.1615716445129471,-0.2247255676583496,infections,3.772288767800248
-4.771967417798374,-0.2749804434445986,0.38128052824938097,1.1615716445129471,-0.2247255676583496,fungal infections,3.772288767800248
-5.329975759691161,0.28052154264614937,0.3222352021560756,0.7947341390702441,-0.10736018148616083,Local,3.0274258278732127
-5.418572361512803,0.370043655492434,0.31108650956059547,0.72163080486258,-0.0860234556934304,local and,2.90873067637133
-5.460927757915165,0.41276408124963004,0.3054818887292923,0.6847473182935513,-0.07553731466554586,global,2.8520402818180344
-5.460927757915165,0.41276408124963004,0.3054818887292923,0.6847473182935513,-0.07553731466554586,and global,2.8520402818180344
-5.523670166063491,0.4758250245954827,0.2967990865243285,0.6275803128136027,-0.05966232135467103,cytosolic,2.768187323498169
-5.523670166063491,0.4758250245954827,0.2967990865243285,0.6275803128136027,-0.05966232135467103,global cytosolic,2.768187323498169
-5.3325045000009945,0.283077369482857,0.3219267408893418,0.7927189453547344,-0.10676229592088698,Ca2+,3.024036975382046
-5.578927531990647,0.5310087009770479,0.28872372774832944,0.5745194638191263,-0.04534560919691011,cytosolic ca2+,2.694522430144361
-5.60063614362466,0.5525620329811194,0.2854282519143504,0.5529268827623485,-0.03963637656624938,elevations,2.665645712175249
-5.60063614362466,0.5525620329811194,0.2854282519143504,0.5529268827623485,-0.03963637656624938,ca2+ elevations,2.665645712175249
-5.6356124181425935,0.5870985327984009,0.2799586438112597,0.5171981355869094,-0.03033941362107566,enhance,2.6192138822782125
-5.6356124181425935,0.5870985327984009,0.2799586438112597,0.5171981355869094,-0.03033941362107566,elevations enhance,2.6192138822782125
-5.65417604610324,0.6053186422300707,0.2769702213022619,0.4977451863431577,-0.025356706016516822,enhance the,2.594623945993141
-5.662126912922805,0.6130962073275088,0.2756711928308271,0.4893060752014371,-0.023212543747400005,ability,2.5841046641689047
-5.662126912922805,0.6130962073275088,0.2756711928308271,0.4893060752014371,-0.023212543747400005,the ability,2.5841046641689047
-5.680320787459712,0.6308294982127192,0.27265394111847807,0.46974692564812337,-0.018283798507137364,neutrophils,2.560064367778641
-5.680320787459712,0.6308294982127192,0.27265394111847807,0.46974692564812337,-0.018283798507137364,ability neutrophils,2.560064367778641
-5.892858485247405,0.8279051910567157,0.23170489896659263,0.21210743332288007,0.041234501000125295,phagocytose,2.283985778289658
-5.892858485247405,0.8279051910567157,0.23170489896659263,0.21210743332288007,0.041234501000125295,neutrophils phagocytos+e,2.283985778289658
-5.753331503579037,0.7009239599348613,0.2598643706346564,0.3875949047865647,0.0017914620367650014,phagocytos+e and,2.464102133849747
-5.892997405008032,0.8280254271503016,0.2316739501692563,0.21191917753620032,0.04127427263173605,kill,2.2838093218953555
-5.892997405008032,0.8280254271503016,0.2316739501692563,0.21191917753620032,0.04127427263173605,and kill,2.2838093218953555
-5.891899817485722,0.8270750527183373,0.2319182954883472,0.2134057746202671,0.040960059582046626,microbes,2.285203668379781
-5.891899817485722,0.8270750527183373,0.2319182954883472,0.2134057746202671,0.040960059582046626,kill microbes,2.285203668379781
-5.887774783825374,0.8234950672152639,0.23283299901223842,0.21897671772554472,0.039779529887495724,microbes but,2.290447801191471
-5.884369269149621,0.8205298601094582,0.23358388392547857,0.2235568617824793,0.038805372741991584,how,2.294781683032488
-5.884369269149621,0.8205298601094582,0.23358388392547857,0.2235568617824793,0.038805372741991584,but how,2.294781683032488
-5.839452793442172,0.780658868705715,0.24314197888703037,0.28239495220036054,0.026003572348671178,how ca2+,2.352295586499867
-5.8683146034499245,0.8064368850960613,0.2370728176041894,0.24491955678092053,0.03421898656378497,signals,2.315265733057382
-5.8683146034499245,0.8064368850960613,0.2370728176041894,0.24491955678092053,0.03421898656378497,ca2+ signal+s,2.315265733057382
-5.85038009530761,0.7904824136799162,0.2408739436969599,0.26834439372586727,0.029109072733445734,regulate,2.3382461888023736
-5.85038009530761,0.7904824136799162,0.2408739436969599,0.26834439372586727,0.029109072733445734,signal+s regulate,2.3382461888023736
-5.823405438221815,0.7661002731023041,0.24640939724747624,0.30273150410878064,0.021455018631647532,neutro…,2.3729893896055563
-5.823405438221815,0.7661002731023041,0.24640939724747624,0.30273150410878064,0.021455018631647532,regulate neutro…,2.3729893896055563
-5.788107716684646,0.7335712936896552,0.2533450657307006,0.34625862740032604,0.011506653315069088,neutro… neutrophils,2.4187434328817687
-5.923612762145481,0.8541455590734974,0.2246904426080325,0.1697141613276471,0.05005255982430806,phago…,2.245095877192364
-5.923612762145481,0.8541455590734974,0.2246904426080325,0.1697141613276471,0.05005255982430806,neutrophils phago…,2.245095877192364
-5.930434602352452,0.8598580132464653,0.22308870879718357,0.1601116364225637,0.05201138911421374,+941,2.23651924307872
-5.930434602352452,0.8598580132464653,0.22308870879718357,0.1601116364225637,0.05201138911421374,phago… +941,2.23651924307872
-5.934371081434759,0.8631354675234237,0.22215660648759383,0.1545370236651189,0.053142025480216126,+941 char+s,2.231578858725645
-5.152664237119625,0.20274344347328555,-0.29551077453860514,-0.37736142465103917,-0.5259563608705818,Rochdale,3.1787016193555404
-5.875010654414282,0.8274993599147986,-0.007084391468738849,-0.2717882729615276,-0.10477199889797038,P-P,2.2849575743204165
-5.875010654414282,0.8274993599147986,-0.007084391468738849,-0.2717882729615276,-0.10477199889797038,rochdale p-p,2.2849575743204165
-5.312497131393611,0.34605283152456234,-0.24503082503929602,-0.36027521821595887,-0.44747448454072547,Scunthorpe,2.977231525180237
-5.8701359628148815,0.8237208556270641,-0.009661742967816078,-0.2728379692071056,-0.10828857328283356,p-p scunthorpe,2.290723020539545
-5.25570996443203,0.2951841223801599,-0.2636566622004952,-0.36662668502836365,-0.4761437520238999,United,3.0487178506951373
-5.8552245083624195,0.8120888586608959,-0.017479298046323477,-0.2760077640362322,-0.11897762940217253,scunthorpe united,2.308399879110558
-5.885090651582202,0.8352737403575485,-0.0017206301297734705,-0.26959627683114595,-0.09746539505374366,united rochdale,2.273057004420483
-5.399281005781056,0.42353298375136617,-0.21496557548774764,-0.3498874693482626,-0.40185755315307714,rochdale national,2.868269805154048
-5.426600939841142,0.44782588499715814,-0.20507593480525654,-0.34643046720577647,-0.38702149859325663,League,2.834057523918057
-5.426600939841142,0.44782588499715814,-0.20507593480525654,-0.34643046720577647,-0.38702149859325663,national league,2.834057523918057
-5.436453747192995,0.45657222080577586,-0.20145714718792798,-0.34516022611732233,-0.3816128925729325,fixture,2.821731234792061
-5.436453747192995,0.45657222080577586,-0.20145714718792798,-0.34516022611732233,-0.3816128925729325,league fixture,2.821731234792061
-5.437736372363444,0.45771018731265856,-0.20098399757554775,-0.34499393216819507,-0.3809065167803024,fixture agains+t,2.820127113865226
-5.5443616300915775,0.5516921763809748,-0.1599195913291401,-0.33036386638003906,-0.3202712697867983,agains+t scunthorp+e,2.687239125916367
-5.498551363269479,0.5114794628181163,-0.17799089498106466,-0.3368515603601714,-0.34679476919996144,scunthorp+e united,2.7442124066054507
-4.859999699484716,-0.05894099315443535,-0.374183672385106,-0.4033958025367014,-0.6538348991094564,postponed,3.548716373845334
-5.586171170610304,0.5881193740480879,-0.14283271958591923,-0.3241536773761392,-0.2954144708614221,united postponed,2.6354286017481767
-4.790052437436249,-0.12102390834389087,-0.39076104961263775,-0.4088388342311775,-0.6818005380417298,postponed du+e,3.6371733752206117
-3.834341292166074,-0.941323299418666,-0.5573469093634977,-0.4654202527174124,-0.9922705578092968,du+e waterlogged,4.839293901314258
-4.911105255550846,-0.013443694271355389,-0.3615694226765323,-0.3992500148296234,-0.632812391551951,pitch,3.4840767734002256
-4.911105255550846,-0.013443694271355389,-0.3615694226765323,-0.3992500148296234,-0.632812391551951,waterlogged pitch,3.4840767734002256
-5.712002625811067,0.6956094372216426,-0.08771891444705934,-0.30357683816999675,-0.21661729533010032,Tuesday,2.4808624821997443
-5.712002625811067,0.6956094372216426,-0.08771891444705934,-0.30357683816999675,-0.21661729533010032,united tuesday,2.4808624821997443
-5.664892477903511,0.6558060752621697,-0.10902927435289253,-0.31163612880541713,-0.24684410543084137,tuesday has,2.538458909333384
-5.586171170610304,0.5881193740480879,-0.14283271958591923,-0.3241536773761392,-0.2954144708614221,been postponed,2.6354286017481767
-5.634423549231757,0.6297652954936279,-0.1223736965248356,-0.31661560335693173,-0.2659245382381859,the game,2.5758917243391197
-5.678149540525757,0.6670666175265354,-0.10311689249566994,-0.3094135690206658,-0.23842826764435654,game between,2.522214862246928
-5.721704976536628,0.7037295939421389,-0.08322471353850028,-0.30185984413656924,-0.21027998837424747,between the,2.4690468350704142
-5.739251531146475,0.718341346483069,-0.0750033086062232,-0.29870286935646667,-0.19871984246696112,league,2.4477217609378945
-5.739251531146475,0.718341346483069,-0.0750033086062232,-0.29870286935646667,-0.19871984246696112,the league,2.4477217609378945
-5.765218685154462,0.7397802967063027,-0.06261095224185609,-0.29390447398899816,-0.181374127127752,leaders,2.4162708653530673
-5.765218685154462,0.7397802967063027,-0.06261095224185609,-0.29390447398899816,-0.181374127127752,league leader+s,2.4162708653530673
-5.7894437081881485,0.7595653009084831,-0.05080176605821285,-0.2892864204743913,-0.16493161088644523,leader+s and,2.387054460104432
-5.799907450051988,0.7680421982982168,-0.04562530923133906,-0.2872478920444927,-0.15775045989976777,second-placed,2.3744741822518263
-5.799907450051988,0.7680421982982168,-0.04562530923133906,-0.2872478920444927,-0.15775045989976777,and second-placed,2.3744741822518263
-5.830275117418019,0.7923897492668732,-0.03033848883209983,-0.2811761700588978,-0.13663530483838485,side,2.3381075346330498
-5.830275117418019,0.7923897492668732,-0.03033848883209983,-0.2811761700588978,-0.13663530483838485,second-placed side,2.3381075346330498
-5.847585793684023,0.8060883289272407,-0.02144554232362289,-0.2776079041870449,-0.1244138735764104,side postponed,2.3174783432557096
-5.862298628615349,0.8176208418621209,-0.013783020950067226,-0.2745116665388096,-0.11391939062244824,foll…,2.3000062847920573
-5.862298628615349,0.8176208418621209,-0.013783020950067226,-0.2745116665388096,-0.11391939062244824,postponed foll…,2.3000062847920573
-5.87137948831449,0.8246858936943235,-0.009005286885070574,-0.272570829681628,-0.1073925451529553,+488,2.2892516337571234
-5.87137948831449,0.8246858936943235,-0.009005286885070574,-0.272570829681628,-0.1073925451529553,foll… +488,2.2892516337571234
-5.877352247784184,0.8293100678370304,-0.0058425110603181896,-0.27128165465676324,-0.10307887527960484,+488 char+s,2.2821904763082195
